Theta[deg],Phi[deg],dB(GainTotal)
-180,-180,-6.92188
-178,-180,-7.01315
-176,-180,-7.34985
-174,-180,-7.87505
-172,-180,-8.47669
-170,-180,-9.02735
-168,-180,-9.45675
-166,-180,-9.80053
-164,-180,-10.172
-162,-180,-10.6891
-160,-180,-11.4113
-158,-180,-12.2977
-156,-180,-13.2006
-154,-180,-13.9422
-152,-180,-14.438
-150,-180,-14.6787
-148,-180,-14.6298
-146,-180,-14.3066
-144,-180,-13.8827
-142,-180,-13.5527
-140,-180,-13.3391
-138,-180,-13.0728
-136,-180,-12.5636
-134,-180,-11.7897
-132,-180,-10.8491
-130,-180,-9.79822
-128,-180,-8.63697
-126,-180,-7.39701
-124,-180,-6.17245
-122,-180,-5.07198
-120,-180,-4.17109
-118,-180,-3.50087
-116,-180,-3.05651
-114,-180,-2.80736
-112,-180,-2.70418
-110,-180,-2.68577
-108,-180,-2.68911
-106,-180,-2.66349
-104,-180,-2.58331
-102,-180,-2.45092
-100,-180,-2.28762
-98,-180,-2.11936
-96,-180,-1.96552
-94,-180,-1.83393
-92,-180,-1.72084
-90,-180,-1.61373
-88,-180,-1.49545
-86,-180,-1.34886
-84,-180,-1.16103
-82,-180,-0.925747
-80,-180,-0.643463
-78,-180,-0.319095
-76,-180,0.0411944
-74,-180,0.43242
-72,-180,0.851147
-70,-180,1.29339
-68,-180,1.75093
-66,-180,2.2081
-64,-180,2.64155
-62,-180,3.02382
-60,-180,3.32963
-58,-180,3.54251
-56,-180,3.6597
-54,-180,3.69418
-52,-180,3.67316
-50,-180,3.63225
-48,-180,3.6049
-46,-180,3.6102
-44,-180,3.64531
-42,-180,3.68875
-40,-180,3.71376
-38,-180,3.7039
-36,-180,3.6635
-34,-180,3.61902
-32,-180,3.61111
-30,-180,3.67927
-28,-180,3.84565
-26,-180,4.10724
-24,-180,4.44111
-22,-180,4.81731
-20,-180,5.21028
-18,-180,5.60412
-16,-180,5.99245
-14,-180,6.37465
-12,-180,6.75044
-10,-180,7.11451
-8,-180,7.45378
-6,-180,7.74855
-4,-180,7.97674
-2,-180,8.11918
0,-180,8.16368
2,-180,8.10721
4,-180,7.95596
6,-180,7.72361
8,-180,7.42832
10,-180,7.0892
12,-180,6.72336
14,-180,6.34426
16,-180,5.96136
18,-180,5.58055
20,-180,5.20538
22,-180,4.83956
24,-180,4.49114
26,-180,4.17668
28,-180,3.92167
30,-180,3.75323
32,-180,3.68541
34,-180,3.70622
36,-180,3.77785
38,-180,3.85205
40,-180,3.89038
42,-180,3.87773
44,-180,3.82457
46,-180,3.75827
48,-180,3.70724
50,-180,3.68458
52,-180,3.6802
54,-180,3.66515
56,-180,3.60392
58,-180,3.46687
60,-180,3.23827
62,-180,2.91901
64,-180,2.52489
66,-180,2.08148
68,-180,1.61677
70,-180,1.15419
72,-180,0.708633
74,-180,0.28705
76,-180,-0.10765
78,-180,-0.472425
80,-180,-0.801947
82,-180,-1.08917
84,-180,-1.32792
86,-180,-1.51598
88,-180,-1.65746
90,-180,-1.76303
92,-180,-1.84816
94,-180,-1.92947
96,-180,-2.02038
98,-180,-2.12669
100,-180,-2.24337
102,-180,-2.35414
104,-180,-2.4365
106,-180,-2.47307
108,-180,-2.46597
110,-180,-2.445
112,-180,-2.46353
114,-180,-2.5847
116,-180,-2.86689
118,-180,-3.35396
120,-180,-4.07028
122,-180,-5.01809
124,-180,-6.17577
126,-180,-7.49719
128,-180,-8.91159
130,-180,-10.3198
132,-180,-11.5833
134,-180,-12.5289
136,-180,-13.0268
138,-180,-13.1151
140,-180,-12.9988
142,-180,-12.9001
144,-180,-12.9375
146,-180,-13.0982
148,-180,-13.2747
150,-180,-13.3555
152,-180,-13.3032
154,-180,-13.1287
156,-180,-12.8164
158,-180,-12.3326
160,-180,-11.6997
162,-180,-11.0072
164,-180,-10.3464
166,-180,-9.76184
168,-180,-9.24989
170,-180,-8.77922
172,-180,-8.31494
174,-180,-7.84617
176,-180,-7.40705
178,-180,-7.07155
180,-180,-6.92188
-180,-178,-6.92188
-178,-178,-7.04104
-176,-178,-7.41116
-174,-178,-7.98023
-172,-178,-8.63826
-170,-178,-9.25415
-168,-178,-9.74759
-166,-178,-10.1432
-164,-178,-10.5481
-162,-178,-11.0775
-160,-178,-11.7862
-158,-178,-12.6203
-156,-178,-13.4179
-154,-178,-14.0114
-152,-178,-14.358
-150,-178,-14.4879
-148,-178,-14.3756
-146,-178,-14.0129
-144,-178,-13.5327
-142,-178,-13.1042
-140,-178,-12.7628
-138,-178,-12.4003
-136,-178,-11.8987
-134,-178,-11.2442
-132,-178,-10.4824
-130,-178,-9.61919
-128,-178,-8.62459
-126,-178,-7.51131
-124,-178,-6.3643
-122,-178,-5.29354
-120,-178,-4.38218
-118,-178,-3.67101
-116,-178,-3.16507
-114,-178,-2.84338
-112,-178,-2.66581
-110,-178,-2.57886
-108,-178,-2.52438
-106,-178,-2.45237
-104,-178,-2.33407
-102,-178,-2.16733
-100,-178,-1.97049
-98,-178,-1.76943
-96,-178,-1.58588
-94,-178,-1.43142
-92,-178,-1.30651
-90,-178,-1.20259
-88,-178,-1.10545
-86,-178,-0.999041
-84,-178,-0.868795
-82,-178,-0.703796
-80,-178,-0.497304
-78,-178,-0.245832
-76,-178,0.0522218
-74,-178,0.397085
-72,-178,0.786427
-70,-178,1.21271
-68,-178,1.66059
-66,-178,2.1063
-64,-178,2.52036
-62,-178,2.87288
-60,-178,3.13993
-58,-178,3.30887
-56,-178,3.38168
-54,-178,3.37588
-52,-178,3.32216
-50,-178,3.25821
-48,-178,3.21834
-46,-178,3.22167
-44,-178,3.26517
-42,-178,3.32766
-40,-178,3.38315
-38,-178,3.41615
-36,-178,3.43075
-34,-178,3.45072
-32,-178,3.51085
-30,-178,3.64286
-28,-178,3.86205
-26,-178,4.16225
-24,-178,4.52144
-22,-178,4.91274
-20,-178,5.31363
-18,-178,5.71008
-16,-178,6.09645
-14,-178,6.4724
-12,-178,6.83811
-10,-178,7.18919
-8,-178,7.51377
-6,-178,7.79326
-4,-178,8.00629
-2,-178,8.13388
0,-178,8.16368
2,-178,8.09238
4,-178,7.9261
6,-178,7.67888
8,-178,7.36964
10,-178,7.01848
12,-178,6.64336
14,-178,6.25821
16,-178,5.87261
18,-178,5.49265
20,-178,5.12278
22,-178,4.76874
24,-178,4.44171
26,-178,4.16183
28,-178,3.957
30,-178,3.85307
32,-178,3.85761
34,-178,3.94855
36,-178,4.07877
38,-178,4.195
40,-178,4.25823
42,-178,4.25539
44,-178,4.1995
46,-178,4.11975
48,-178,4.04531
50,-178,3.98984
52,-178,3.94472
54,-178,3.88389
56,-178,3.77565
58,-178,3.5942
60,-178,3.3269
62,-178,2.97636
64,-178,2.55818
66,-178,2.09518
68,-178,1.6101
70,-178,1.11963
72,-178,0.632418
74,-178,0.15172
76,-178,-0.319648
78,-178,-0.775107
80,-178,-1.20287
82,-178,-1.58759
84,-178,-1.91434
86,-178,-2.17331
88,-178,-2.36354
90,-178,-2.49396
92,-178,-2.5814
94,-178,-2.64592
96,-178,-2.70523
98,-178,-2.76929
100,-178,-2.83642
102,-178,-2.89261
104,-178,-2.91627
106,-178,-2.88979
108,-178,-2.81438
110,-178,-2.71939
112,-178,-2.65911
114,-178,-2.69936
116,-178,-2.90276
118,-178,-3.31869
120,-178,-3.9779
122,-178,-4.88962
124,-178,-6.03974
126,-178,-7.39081
128,-178,-8.88269
130,-178,-10.4236
132,-178,-11.8549
134,-178,-12.9218
136,-178,-13.3978
138,-178,-13.3501
140,-178,-13.1113
142,-178,-12.9774
144,-178,-13.0597
146,-178,-13.2962
148,-178,-13.5162
150,-178,-13.5609
152,-178,-13.3939
154,-178,-13.0663
156,-178,-12.6086
158,-178,-12.0204
160,-178,-11.3344
162,-178,-10.6307
164,-178,-9.98693
166,-178,-9.43863
168,-178,-8.97633
170,-178,-8.56282
172,-178,-8.15664
174,-178,-7.74062
176,-178,-7.34489
178,-178,-7.04337
180,-178,-6.92188
-180,-176,-6.92188
-178,-176,-7.06934
-176,-176,-7.47403
-174,-176,-8.08912
-172,-176,-8.80738
-170,-176,-9.49478
-168,-176,-10.0608
-166,-176,-10.5173
-164,-176,-10.9629
-162,-176,-11.5092
-160,-176,-12.205
-158,-176,-12.9841
-156,-176,-13.6722
-154,-176,-14.1109
-152,-176,-14.2866
-150,-176,-14.2505
-148,-176,-13.9896
-146,-176,-13.5029
-144,-176,-12.9078
-142,-176,-12.3491
-140,-176,-11.8699
-138,-176,-11.417
-136,-176,-10.9345
-134,-176,-10.4172
-132,-176,-9.87205
-130,-176,-9.26285
-128,-176,-8.52465
-126,-176,-7.6342
-124,-176,-6.64805
-122,-176,-5.66715
-120,-176,-4.78197
-118,-176,-4.0478
-116,-176,-3.48557
-114,-176,-3.08951
-112,-176,-2.8333
-110,-176,-2.67521
-108,-176,-2.56519
-106,-176,-2.45598
-104,-176,-2.31569
-102,-176,-2.13542
-100,-176,-1.9271
-98,-176,-1.71328
-96,-176,-1.51589
-94,-176,-1.34919
-92,-176,-1.21745
-90,-176,-1.11605
-88,-176,-1.03407
-86,-176,-0.957163
-84,-176,-0.870053
-82,-176,-0.7582
-80,-176,-0.608472
-78,-176,-0.409351
-76,-176,-0.151639
-74,-176,0.16949
-72,-176,0.551231
-70,-176,0.980253
-68,-176,1.43227
-66,-176,1.87517
-64,-176,2.2747
-62,-176,2.601
-60,-176,2.8339
-58,-176,2.96652
-56,-176,3.0068
-54,-176,2.97699
-52,-176,2.91046
-50,-176,2.84536
-48,-176,2.81483
-46,-176,2.83636
-44,-176,2.90614
-42,-176,3.00345
-40,-176,3.10365
-38,-176,3.19191
-36,-176,3.27085
-34,-176,3.35961
-32,-176,3.48587
-30,-176,3.67399
-28,-176,3.93463
-26,-176,4.26126
-24,-176,4.63483
-22,-176,5.0325
-20,-176,5.43477
-18,-176,5.82906
-16,-176,6.20993
-14,-176,6.57696
-12,-176,6.93053
-10,-176,7.26703
-8,-176,7.57571
-6,-176,7.83903
-4,-176,8.0363
-2,-176,8.1487
0,-176,8.16368
2,-176,8.0777
4,-176,7.89687
6,-176,7.63563
8,-176,7.31371
10,-176,6.95227
12,-176,6.57017
14,-176,6.18185
16,-176,5.797
18,-176,5.42197
20,-176,5.06224
22,-176,4.72576
24,-176,4.42683
26,-176,4.18848
28,-176,4.03912
30,-176,4.00053
32,-176,4.07167
34,-176,4.22063
36,-176,4.39362
38,-176,4.53558
40,-176,4.60912
42,-176,4.60391
44,-176,4.53506
46,-176,4.43257
48,-176,4.3255
50,-176,4.22781
52,-176,4.13281
54,-176,4.01832
56,-176,3.85745
58,-176,3.62891
60,-176,3.32317
62,-176,2.94378
64,-176,2.50455
66,-176,2.02358
68,-176,1.5167
70,-176,0.993267
72,-176,0.45641
74,-176,-0.0929111
76,-176,-0.650648
78,-176,-1.20598
80,-176,-1.74066
82,-176,-2.23146
84,-176,-2.65525
86,-176,-2.995
88,-176,-3.24475
90,-176,-3.41143
92,-176,-3.51245
94,-176,-3.57017
96,-176,-3.60506
98,-176,-3.62949
100,-176,-3.64359
102,-176,-3.6349
104,-176,-3.58398
106,-176,-3.4765
108,-176,-3.31777
110,-176,-3.14081
112,-176,-3.00199
114,-176,-2.96764
116,-176,-3.10019
118,-176,-3.44891
120,-176,-4.04506
122,-176,-4.89946
124,-176,-6.00186
126,-176,-7.32299
128,-176,-8.81673
130,-176,-10.4053
132,-176,-11.9196
134,-176,-13.0368
136,-176,-13.4564
138,-176,-13.2966
140,-176,-12.9986
142,-176,-12.8958
144,-176,-13.0811
146,-176,-13.4507
148,-176,-13.7712
150,-176,-13.8216
152,-176,-13.5575
154,-176,-13.0781
156,-176,-12.4709
158,-176,-11.7725
160,-176,-11.0264
162,-176,-10.3036
164,-176,-9.66895
166,-176,-9.14873
168,-176,-8.72776
170,-176,-8.36352
172,-176,-8.00872
174,-176,-7.64041
176,-176,-7.28486
178,-176,-7.01566
180,-176,-6.92188
-180,-174,-6.92188
-178,-174,-7.098
-176,-174,-7.53841
-174,-174,-8.2017
-172,-174,-8.98415
-170,-174,-9.74969
-168,-174,-10.3975
-166,-174,-10.9249
-164,-174,-11.4197
-162,-174,-11.9883
-160,-174,-12.6732
-158,-174,-13.3965
-156,-174,-13.9726
-154,-174,-14.2498
-152,-174,-14.2323
-150,-174,-13.9844
-148,-174,-13.5172
-146,-174,-12.8613
-144,-174,-12.1339
-142,-174,-11.4554
-140,-174,-10.8664
-138,-174,-10.3474
-136,-174,-9.8808
-134,-174,-9.47098
-132,-174,-9.11179
-130,-174,-8.75197
-128,-174,-8.30628
-126,-174,-7.71088
-124,-174,-6.97194
-122,-174,-6.15843
-120,-174,-5.35702
-118,-174,-4.63702
-116,-174,-4.03943
-114,-174,-3.57852
-112,-174,-3.24594
-110,-174,-3.01523
-108,-174,-2.848
-106,-174,-2.70329
-104,-174,-2.54878
-102,-174,-2.36941
-100,-174,-2.16878
-98,-174,-1.96286
-96,-174,-1.77068
-94,-174,-1.60696
-92,-174,-1.47864
-90,-174,-1.38459
-88,-174,-1.31707
-86,-174,-1.26361
-84,-174,-1.20854
-82,-174,-1.13391
-80,-174,-1.02027
-78,-174,-0.848094
-76,-174,-0.601223
-74,-174,-0.272282
-72,-174,0.13191
-70,-174,0.588514
-68,-174,1.06234
-66,-174,1.51351
-64,-174,1.90571
-62,-174,2.21227
-60,-174,2.4197
-58,-174,2.52895
-56,-174,2.55491
-54,-174,2.52427
-52,-174,2.47154
-50,-174,2.43273
-48,-174,2.437
-46,-174,2.4983
-44,-174,2.61145
-42,-174,2.75677
-40,-174,2.91148
-38,-174,3.06122
-36,-174,3.20599
-34,-174,3.35929
-32,-174,3.54184
-30,-174,3.77245
-28,-174,4.05989
-26,-174,4.39962
-24,-174,4.77683
-22,-174,5.17284
-20,-174,5.57077
-18,-174,5.95881
-16,-174,6.33125
-14,-174,6.68716
-12,-174,7.02692
-10,-174,7.34754
-8,-174,7.63931
-6,-174,7.88571
-4,-174,8.0667
-2,-174,8.16359
0,-174,8.16368
2,-174,8.06322
4,-174,7.86835
6,-174,7.59398
8,-174,7.26077
10,-174,6.89097
12,-174,6.50441
14,-174,6.11602
16,-174,5.7356
18,-174,5.36974
20,-174,5.02491
22,-174,4.71116
24,-174,4.44548
26,-174,4.25265
28,-174,4.15964
30,-174,4.18218
32,-174,4.30993
34,-174,4.50271
36,-174,4.70293
38,-174,4.85621
40,-174,4.92807
42,-174,4.91104
44,-174,4.82185
46,-174,4.69054
48,-174,4.54545
50,-174,4.4005
52,-174,4.251
54,-174,4.07899
56,-174,3.86297
58,-174,3.5867
60,-174,3.24401
62,-174,2.83912
64,-174,2.38305
66,-174,1.88775
68,-174,1.36093
70,-174,0.80422
72,-174,0.215659
74,-174,-0.405212
76,-174,-1.05237
78,-174,-1.71048
80,-174,-2.3551
82,-174,-2.95591
84,-174,-3.48257
86,-174,-3.9118
88,-174,-4.23319
90,-174,-4.45135
92,-174,-4.58307
94,-174,-4.65091
96,-174,-4.6755
98,-174,-4.66898
100,-174,-4.63123
102,-174,-4.55072
104,-174,-4.41174
106,-174,-4.20728
108,-174,-3.95197
110,-174,-3.68646
112,-174,-3.47019
114,-174,-3.36794
116,-174,-3.43775
118,-174,-3.72366
120,-174,-4.25243
122,-174,-5.03273
124,-174,-6.05728
126,-174,-7.30807
128,-174,-8.75835
130,-174,-10.3473
132,-174,-11.8933
134,-174,-13.0062
136,-174,-13.337
138,-174,-13.0809
140,-174,-12.7629
142,-174,-12.7237
144,-174,-13.0348
146,-174,-13.5638
148,-174,-14.0229
150,-174,-14.1163
152,-174,-13.7744
154,-174,-13.1477
156,-174,-12.3899
158,-174,-11.5786
160,-174,-10.768
162,-174,-10.0206
164,-174,-9.38863
166,-174,-8.88964
168,-174,-8.50277
170,-174,-8.1807
172,-174,-7.87099
174,-174,-7.54556
176,-174,-7.22699
178,-174,-6.98845
180,-174,-6.92188
-180,-172,-6.92188
-178,-172,-7.127
-176,-172,-7.60424
-174,-172,-8.31792
-172,-172,-9.16867
-170,-172,-10.0194
-168,-172,-10.7589
-166,-172,-11.3681
-164,-172,-11.9218
-162,-172,-12.5191
-160,-172,-13.1966
-158,-172,-13.8649
-156,-172,-14.3276
-154,-172,-14.4355
-152,-172,-14.2035
-150,-172,-13.712
-148,-172,-13.0121
-146,-172,-12.1789
-144,-172,-11.3315
-142,-172,-10.5642
-140,-172,-9.90646
-138,-172,-9.35227
-136,-172,-8.90105
-134,-172,-8.56311
-132,-172,-8.33354
-130,-172,-8.16812
-128,-172,-7.98568
-126,-172,-7.70027
-124,-172,-7.26545
-122,-172,-6.69628
-120,-172,-6.05319
-118,-172,-5.40841
-116,-172,-4.82096
-114,-172,-4.32662
-112,-172,-3.93705
-110,-172,-3.64318
-108,-172,-3.421
-106,-172,-3.23973
-104,-172,-3.07123
-102,-172,-2.8981
-100,-172,-2.717
-98,-172,-2.53603
-96,-172,-2.36851
-94,-172,-2.22669
-92,-172,-2.11784
-90,-172,-2.0427
-88,-172,-1.99555
-86,-172,-1.96477
-84,-172,-1.93314
-82,-172,-1.87806
-80,-172,-1.7726
-78,-172,-1.58926
-76,-172,-1.30749
-74,-172,-0.923125
-72,-172,-0.454184
-70,-172,0.061818
-68,-172,0.577972
-66,-172,1.04972
-64,-172,1.44328
-62,-172,1.73958
-60,-172,1.93496
-58,-172,2.03994
-56,-172,2.07656
-54,-172,2.07453
-52,-172,2.06649
-50,-172,2.08263
-48,-172,2.14509
-46,-172,2.26282
-44,-172,2.4296
-42,-172,2.62799
-40,-172,2.83793
-38,-172,3.0455
-36,-172,3.24771
-34,-172,3.45258
-32,-172,3.67524
-30,-172,3.93131
-28,-172,4.22997
-26,-172,4.57013
-24,-172,4.94155
-22,-172,5.32927
-20,-172,5.71828
-18,-172,6.09691
-16,-172,6.45865
-14,-172,6.80178
-12,-172,7.12646
-10,-172,7.4302
-8,-172,7.70427
-6,-172,7.93316
-4,-172,8.09742
-2,-172,8.17854
0,-172,8.16368
2,-172,8.04894
4,-172,7.84057
6,-172,7.55406
8,-172,7.21103
10,-172,6.83493
12,-172,6.44657
14,-172,6.06137
16,-172,5.68919
18,-172,5.33669
20,-172,5.01114
22,-172,4.72425
24,-172,4.49496
26,-172,4.34849
28,-172,4.30882
30,-172,4.38462
32,-172,4.55694
34,-172,4.7795
36,-172,4.99332
38,-172,5.14623
40,-172,5.20718
42,-172,5.17146
44,-172,5.05699
46,-172,4.89343
48,-172,4.70795
50,-172,4.51401
52,-172,4.30862
54,-172,4.07791
56,-172,3.80596
58,-172,3.48204
60,-172,3.10391
62,-172,2.67665
64,-172,2.20814
66,-172,1.70343
68,-172,1.16136
70,-172,0.575526
72,-172,-0.0609481
74,-172,-0.74965
76,-172,-1.48245
78,-172,-2.23971
80,-172,-2.99146
82,-172,-3.70135
84,-172,-4.33328
86,-172,-4.85905
88,-172,-5.26462
90,-172,-5.55191
92,-172,-5.73534
94,-172,-5.83469
96,-172,-5.8672
98,-172,-5.84144
100,-172,-5.75491
102,-172,-5.59709
104,-172,-5.35893
106,-172,-5.04569
108,-172,-4.68601
110,-172,-4.33057
112,-172,-4.04141
114,-172,-3.87909
116,-172,-3.89341
118,-172,-4.11903
120,-172,-4.57476
122,-172,-5.26609
124,-172,-6.19161
126,-172,-7.35119
128,-172,-8.74428
130,-172,-10.3283
132,-172,-11.8994
134,-172,-12.9838
136,-172,-13.1951
138,-172,-12.8353
140,-172,-12.5023
142,-172,-12.5257
144,-172,-12.9546
146,-172,-13.6395
148,-172,-14.2537
150,-172,-14.4208
152,-172,-14.023
154,-172,-13.2575
156,-172,-12.3524
158,-172,-11.4289
160,-172,-10.5519
162,-172,-9.77633
164,-172,-9.1424
166,-172,-8.65905
168,-172,-8.30002
170,-172,-8.01372
172,-172,-7.74327
174,-172,-7.45604
176,-172,-7.17132
178,-172,-6.96176
180,-172,-6.92188
-180,-170,-6.92188
-178,-170,-7.1563
-176,-170,-7.67145
-174,-170,-8.43774
-172,-170,-9.36102
-170,-170,-10.3043
-168,-170,-11.1463
-166,-170,-11.8496
-164,-170,-12.4727
-162,-170,-13.1063
-160,-170,-13.7808
-158,-170,-14.3959
-156,-170,-14.7435
-154,-170,-14.6721
-152,-170,-14.2061
-150,-170,-13.4537
-148,-170,-12.5202
-146,-170,-11.5239
-144,-170,-10.5805
-142,-170,-9.75777
-140,-170,-9.06988
-138,-170,-8.51104
-136,-170,-8.08344
-134,-170,-7.79705
-132,-170,-7.65081
-130,-170,-7.61543
-128,-170,-7.62872
-126,-170,-7.60664
-124,-170,-7.47085
-122,-170,-7.18297
-120,-170,-6.76105
-118,-170,-6.26356
-116,-170,-5.75715
-114,-170,-5.29294
-112,-170,-4.89845
-110,-170,-4.57955
-108,-170,-4.32636
-106,-170,-4.12052
-104,-170,-3.94277
-102,-170,-3.77915
-100,-170,-3.62428
-98,-170,-3.48079
-96,-170,-3.35585
-94,-170,-3.25696
-92,-170,-3.18856
-90,-170,-3.14989
-88,-170,-3.13376
-86,-170,-3.12557
-84,-170,-3.10243
-82,-170,-3.03318
-80,-170,-2.88174
-78,-170,-2.61589
-76,-170,-2.22067
-74,-170,-1.70911
-72,-170,-1.12156
-70,-170,-0.513186
-68,-170,0.0620059
-66,-170,0.562615
-64,-170,0.964574
-62,-170,1.2613
-60,-170,1.46151
-58,-170,1.58568
-56,-170,1.66133
-54,-170,1.7177
-52,-170,1.78116
-50,-170,1.87234
-48,-170,2.00451
-46,-170,2.18205
-44,-170,2.39957
-42,-170,2.64368
-40,-170,2.89805
-38,-170,3.14946
-36,-170,3.39222
-34,-170,3.62985
-32,-170,3.87364
-30,-170,4.13795
-28,-170,4.43377
-26,-170,4.76387
-24,-170,5.12224
-22,-170,5.49685
-20,-170,5.87378
-18,-170,6.24085
-16,-170,6.59037
-14,-170,6.91959
-12,-170,7.22831
-10,-170,7.51448
-8,-170,7.77031
-6,-170,7.98122
-4,-170,8.1284
-2,-170,8.19353
0,-170,8.16368
2,-170,8.03488
4,-170,7.81361
6,-170,7.51597
8,-170,7.1647
10,-170,6.78445
12,-170,6.39706
14,-170,6.01838
16,-170,5.65818
18,-170,5.32299
20,-170,5.02044
22,-170,4.76327
24,-170,4.57135
26,-170,4.46919
28,-170,4.47681
30,-170,4.59593
32,-170,4.80047
34,-170,5.04023
36,-170,5.25654
38,-170,5.40016
40,-170,5.44351
42,-170,5.3844
44,-170,5.24171
46,-170,5.04447
48,-170,4.81837
50,-170,4.576
52,-170,4.31548
54,-170,4.02647
56,-170,3.69848
58,-170,3.32671
60,-170,2.91357
62,-170,2.46575
64,-170,1.98828
66,-170,1.47915
68,-170,0.928097
70,-170,0.320632
72,-170,-0.355117
74,-170,-1.10206
76,-170,-1.91043
78,-170,-2.75701
80,-170,-3.60728
82,-170,-4.42017
84,-170,-5.15534
86,-170,-5.7812
88,-170,-6.28089
90,-170,-6.65321
92,-170,-6.90817
94,-170,-7.05936
96,-170,-7.11655
98,-170,-7.08127
100,-170,-6.94721
102,-170,-6.70682
104,-170,-6.36258
106,-170,-5.93731
108,-170,-5.47634
110,-170,-5.03957
112,-170,-4.68873
114,-170,-4.47671
116,-170,-4.44181
118,-170,-4.60678
120,-170,-4.98177
122,-170,-5.57178
124,-170,-6.38781
126,-170,-7.45559
128,-170,-8.8057
130,-170,-10.4128
132,-170,-12.0379
134,-170,-13.0909
136,-170,-13.146
138,-170,-12.6529
140,-170,-12.2853
142,-170,-12.3498
144,-170,-12.8697
146,-170,-13.6858
148,-170,-14.4497
150,-170,-14.7106
152,-170,-14.2801
154,-170,-13.3893
156,-170,-12.3446
158,-170,-11.3133
160,-170,-10.3712
162,-170,-9.56597
164,-170,-8.9269
166,-170,-8.45478
168,-170,-8.11828
170,-170,-7.86199
172,-170,-7.62532
174,-170,-7.37184
176,-170,-7.11789
178,-170,-6.93562
180,-170,-6.92188
-180,-168,-6.92188
-178,-168,-7.18586
-176,-168,-7.73998
-174,-168,-8.56112
-172,-168,-9.56133
-170,-168,-10.605
-168,-168,-11.5611
-166,-168,-12.3719
-164,-168,-13.0761
-162,-168,-13.7541
-160,-168,-14.4305
-158,-168,-14.9943
-156,-168,-15.2226
-154,-168,-14.9583
-152,-168,-14.2407
-150,-168,-13.2226
-148,-168,-12.0704
-146,-168,-10.9344
-144,-168,-9.91954
-142,-168,-9.06906
-140,-168,-8.38239
-138,-168,-7.84752
-136,-168,-7.46042
-134,-168,-7.22426
-132,-168,-7.13832
-130,-168,-7.18637
-128,-168,-7.32731
-126,-168,-7.49053
-124,-168,-7.58655
-122,-168,-7.54182
-120,-168,-7.33871
-118,-168,-7.02067
-116,-168,-6.65692
-114,-168,-6.3049
-112,-168,-5.99573
-110,-168,-5.73798
-108,-168,-5.52682
-106,-168,-5.35215
-104,-168,-5.20421
-102,-168,-5.07695
-100,-168,-4.96904
-98,-168,-4.88297
-96,-168,-4.82266
-94,-168,-4.79057
-92,-168,-4.78509
-90,-168,-4.79811
-88,-168,-4.81301
-86,-168,-4.8028
-84,-168,-4.73006
-82,-168,-4.55119
-80,-168,-4.22801
-78,-168,-3.7446
-76,-168,-3.11959
-74,-168,-2.40319
-72,-168,-1.66048
-70,-168,-0.952587
-68,-168,-0.324976
-66,-168,0.196416
-64,-168,0.604364
-62,-168,0.907575
-60,-168,1.12683
-58,-168,1.28991
-56,-168,1.42537
-54,-168,1.55694
-52,-168,1.70075
-50,-168,1.86636
-48,-168,2.05935
-46,-168,2.28224
-44,-168,2.53302
-42,-168,2.80395
-40,-168,3.08298
-38,-168,3.35776
-36,-168,3.62036
-34,-168,3.87086
-32,-168,4.11808
-30,-168,4.37619
-28,-168,4.6584
-26,-168,4.97113
-24,-168,5.31183
-22,-168,5.67057
-20,-168,6.03371
-18,-168,6.38811
-16,-168,6.72464
-14,-168,7.03936
-12,-168,7.33167
-10,-168,7.59989
-8,-168,7.83712
-6,-168,8.02974
-4,-168,8.15958
-2,-168,8.20853
0,-168,8.16368
2,-168,8.02107
4,-168,7.78749
6,-168,7.47982
8,-168,7.12192
10,-168,6.73977
12,-168,6.35617
14,-168,5.9873
16,-168,5.64266
18,-168,5.32829
20,-168,5.05161
22,-168,4.8256
24,-168,4.67004
26,-168,4.6078
28,-168,4.6547
30,-168,4.80642
32,-168,5.03161
34,-168,5.27798
36,-168,5.48816
38,-168,5.61604
40,-168,5.63723
42,-168,5.5518
44,-168,5.37942
46,-168,5.14844
48,-168,4.88294
50,-168,4.59417
52,-168,4.28055
54,-168,3.93448
56,-168,3.5504
58,-168,3.12967
60,-168,2.68027
62,-168,2.21154
64,-168,1.72651
66,-168,1.2166
68,-168,0.662762
70,-168,0.0425862
72,-168,-0.660865
74,-168,-1.45234
76,-168,-2.32131
78,-168,-3.24208
80,-168,-4.17668
82,-168,-5.08049
84,-168,-5.91013
86,-168,-6.63186
88,-168,-7.22682
90,-168,-7.69052
92,-168,-8.02696
94,-168,-8.24052
96,-168,-8.32999
98,-168,-8.28745
100,-168,-8.10365
102,-168,-7.77862
104,-168,-7.33232
106,-168,-6.80821
108,-168,-6.26645
110,-168,-5.77124
112,-168,-5.37894
114,-168,-5.13113
116,-168,-5.05265
118,-168,-5.15429
120,-168,-5.44062
122,-168,-5.92283
124,-168,-6.6327
126,-168,-7.62747
128,-168,-8.9698
130,-168,-10.65
132,-168,-12.3817
134,-168,-13.4082
136,-168,-13.255
138,-168,-12.5839
140,-168,-12.1512
142,-168,-12.2274
144,-168,-12.8041
146,-168,-13.7149
148,-168,-14.605
150,-168,-14.9652
152,-168,-14.5229
154,-168,-13.5246
156,-168,-12.353
158,-168,-11.2222
160,-168,-10.2191
162,-168,-9.38489
164,-168,-8.73903
166,-168,-8.27485
168,-168,-7.95634
170,-168,-7.72489
172,-168,-7.51693
174,-168,-7.29289
176,-168,-7.0667
178,-168,-6.91005
180,-168,-6.92188
-180,-166,-6.92188
-178,-166,-7.21565
-176,-166,-7.80976
-174,-166,-8.688
-172,-166,-9.7697
-170,-166,-10.9221
-168,-166,-12.0051
-166,-166,-12.9379
-164,-166,-13.7357
-162,-166,-14.466
-160,-166,-15.1481
-158,-166,-15.6597
-156,-166,-15.7596
-154,-166,-15.2834
-152,-166,-14.2987
-150,-166,-13.0206
-148,-166,-11.6728
-146,-166,-10.4215
-144,-166,-9.35552
-142,-166,-8.49768
-140,-166,-7.83607
-138,-166,-7.35122
-136,-166,-7.02847
-134,-166,-6.85858
-132,-166,-6.83485
-130,-166,-6.94762
-128,-166,-7.17176
-126,-166,-7.44927
-124,-166,-7.6855
-122,-166,-7.78304
-120,-166,-7.70358
-118,-166,-7.49365
-116,-166,-7.24165
-114,-166,-7.01964
-112,-166,-6.85986
-110,-166,-6.76204
-108,-166,-6.71012
-106,-166,-6.68608
-104,-166,-6.67768
-102,-166,-6.68036
-100,-166,-6.69556
-98,-166,-6.727
-96,-166,-6.77649
-94,-166,-6.83975
-92,-166,-6.9025
-90,-166,-6.93745
-88,-166,-6.90343
-86,-166,-6.74975
-84,-166,-6.42862
-82,-166,-5.91403
-80,-166,-5.21699
-78,-166,-4.38502
-76,-166,-3.4861
-74,-166,-2.58887
-72,-166,-1.74936
-70,-166,-1.00592
-68,-166,-0.379147
-66,-166,0.126481
-64,-166,0.520363
-62,-166,0.823042
-60,-166,1.06217
-58,-166,1.26673
-56,-166,1.46057
-54,-166,1.65801
-52,-166,1.86417
-50,-166,2.07972
-48,-166,2.30612
-46,-166,2.54702
-44,-166,2.80544
-42,-166,3.07955
-40,-166,3.36123
-38,-166,3.63877
-36,-166,3.90231
-34,-166,4.14923
-32,-166,4.38655
-30,-166,4.62861
-28,-166,4.89069
-26,-166,5.18225
-24,-166,5.50342
-22,-166,5.84553
-20,-166,6.19464
-18,-166,6.5363
-16,-166,6.85976
-14,-166,7.15992
-12,-166,7.43574
-10,-166,7.68591
-8,-166,7.90441
-6,-166,8.07857
-4,-166,8.19087
-2,-166,8.22353
0,-166,8.16368
2,-166,8.00751
4,-166,7.76226
6,-166,7.44567
8,-166,7.08284
10,-166,6.70105
12,-166,6.32404
14,-166,5.96819
16,-166,5.64239
18,-166,5.35176
20,-166,5.10289
22,-166,4.90809
24,-166,4.78617
26,-166,4.75784
28,-166,4.83503
30,-166,5.00878
32,-166,5.24433
34,-166,5.48872
36,-166,5.68636
38,-166,5.79407
40,-166,5.79026
42,-166,5.67692
44,-166,5.47444
46,-166,5.21054
48,-166,4.90765
50,-166,4.57531
52,-166,4.2114
54,-166,3.80999
56,-166,3.36972
58,-166,2.89807
60,-166,2.40937
62,-166,1.9169
64,-166,1.42292
66,-166,0.91335
68,-166,0.361168
70,-166,-0.263434
72,-166,-0.982395
74,-166,-1.80285
76,-166,-2.71455
78,-166,-3.6905
80,-166,-4.69036
82,-166,-5.66658
84,-166,-6.57312
86,-166,-7.37436
88,-166,-8.04987
90,-166,-8.59227
92,-166,-8.99934
94,-166,-9.2655
96,-166,-9.37802
98,-166,-9.32103
100,-166,-9.08681
102,-166,-8.68868
104,-166,-8.16658
106,-166,-7.58107
108,-166,-6.99955
110,-166,-6.48295
112,-166,-6.07718
114,-166,-5.81008
116,-166,-5.69306
118,-166,-5.72815
120,-166,-5.92127
122,-166,-6.29895
124,-166,-6.9204
126,-166,-7.87515
128,-166,-9.25616
130,-166,-11.0717
132,-166,-12.9793
134,-166,-13.982
136,-166,-13.5473
138,-166,-12.6471
140,-166,-12.1188
142,-166,-12.1781
144,-166,-12.7784
146,-166,-13.7446
148,-166,-14.7247
150,-166,-15.1721
152,-166,-14.7312
154,-166,-13.6452
156,-166,-12.3641
158,-166,-11.1464
160,-166,-10.0893
162,-166,-9.22879
164,-166,-8.57594
166,-166,-8.11739
168,-166,-7.8131
170,-166,-7.60186
172,-166,-7.41784
174,-166,-7.21914
176,-166,-7.01776
178,-166,-6.88507
180,-166,-6.92188
-180,-164,-6.92188
-178,-164,-7.24561
-176,-164,-7.88071
-174,-164,-8.81833
-172,-164,-9.98625
-170,-164,-11.2564
-168,-164,-12.4799
-166,-164,-13.5506
-164,-164,-14.4543
-162,-164,-15.2428
-160,-164,-15.9303
-158,-164,-16.3828
-156,-164,-16.3359
-154,-164,-15.6222
-152,-164,-14.359
-150,-164,-12.8357
-148,-164,-11.3192
-146,-164,-9.97517
-144,-164,-8.873
-142,-164,-8.02072
-140,-164,-7.40017
-138,-164,-6.98718
-136,-164,-6.75674
-134,-164,-6.68392
-132,-164,-6.74872
-130,-164,-6.93862
-128,-164,-7.23572
-126,-164,-7.58799
-124,-164,-7.89076
-122,-164,-8.02072
-120,-164,-7.92466
-118,-164,-7.6682
-116,-164,-7.37757
-114,-164,-7.15465
-112,-164,-7.04542
-110,-164,-7.051
-108,-164,-7.14914
-106,-164,-7.31108
-104,-164,-7.51116
-102,-164,-7.72979
-100,-164,-7.95188
-98,-164,-8.16247
-96,-164,-8.34125
-94,-164,-8.45738
-92,-164,-8.46722
-90,-164,-8.31946
-88,-164,-7.97025
-86,-164,-7.40354
-84,-164,-6.64225
-82,-164,-5.74097
-80,-164,-4.76675
-78,-164,-3.78218
-76,-164,-2.83722
-74,-164,-1.96791
-72,-164,-1.19776
-70,-164,-0.539181
-68,-164,0.00557156
-66,-164,0.443977
-64,-164,0.792503
-62,-164,1.07466
-60,-164,1.31709
-58,-164,1.54376
-56,-164,1.77026
-54,-164,2.00135
-52,-164,2.23387
-50,-164,2.46349
-48,-164,2.69059
-46,-164,2.92144
-44,-164,3.16392
-42,-164,3.42117
-40,-164,3.68804
-38,-164,3.95303
-36,-164,4.20446
-34,-164,4.43735
-32,-164,4.65723
-30,-164,4.87854
-28,-164,5.11825
-26,-164,5.38826
-24,-164,5.69061
-22,-164,6.01722
-20,-164,6.35339
-18,-164,6.68314
-16,-164,6.99412
-14,-164,7.28014
-12,-164,7.53976
-10,-164,7.77206
-8,-164,7.9719
-6,-164,8.12755
-4,-164,8.22222
-2,-164,8.23849
0,-164,8.16368
2,-164,7.99424
4,-164,7.73796
6,-164,7.41359
8,-164,7.04755
10,-164,6.66841
12,-164,6.30074
14,-164,5.96087
16,-164,5.65679
18,-164,5.39216
20,-164,5.17205
22,-164,5.00731
24,-164,4.91508
26,-164,4.91369
28,-164,5.01197
30,-164,5.19788
32,-164,5.43492
34,-164,5.67048
36,-164,5.85093
38,-164,5.93561
40,-164,5.90523
42,-164,5.76336
44,-164,5.53104
46,-164,5.23548
48,-164,4.89756
50,-164,4.52487
52,-164,4.114
54,-164,3.65954
56,-164,3.16331
58,-164,2.63855
60,-164,2.10639
62,-164,1.58523
64,-164,1.07813
66,-164,0.56697
68,-164,0.018032
70,-164,-0.604974
72,-164,-1.32867
74,-164,-2.16295
76,-164,-3.09875
78,-164,-4.10903
80,-164,-5.1521
82,-164,-6.17783
84,-164,-7.13691
86,-164,-7.99061
88,-164,-8.71599
90,-164,-9.30277
92,-164,-9.74423
94,-164,-10.0286
96,-164,-10.1377
98,-164,-10.0559
100,-164,-9.78366
102,-164,-9.34859
104,-164,-8.80363
106,-164,-8.21498
108,-164,-7.64701
110,-164,-7.1511
112,-164,-6.7601
114,-164,-6.48806
116,-164,-6.33551
118,-164,-6.30183
120,-164,-6.40334
122,-164,-6.68979
124,-164,-7.2497
126,-164,-8.2012
128,-164,-9.66562
130,-164,-11.6785
132,-164,-13.8442
134,-164,-14.8205
136,-164,-14.0139
138,-164,-12.8403
140,-164,-12.1952
142,-164,-12.216
144,-164,-12.8124
146,-164,-13.7976
148,-164,-14.8246
150,-164,-15.3283
152,-164,-14.8887
154,-164,-13.7342
156,-164,-12.3654
158,-164,-11.0771
160,-164,-9.97581
162,-164,-9.09374
164,-164,-8.43499
166,-164,-7.98071
168,-164,-7.68751
170,-164,-7.49231
172,-164,-7.3278
174,-164,-7.15051
176,-164,-6.97108
178,-164,-6.86071
180,-164,-6.92188
-180,-162,-6.92188
-178,-162,-7.27572
-176,-162,-7.95274
-174,-162,-8.95205
-172,-162,-10.2111
-170,-162,-11.6084
-168,-162,-12.9875
-166,-162,-14.2128
-164,-162,-15.2329
-162,-162,-16.0796
-160,-162,-16.7632
-158,-162,-17.1373
-156,-162,-16.9121
-154,-162,-15.9311
-152,-162,-14.387
-150,-162,-12.643
-148,-162,-10.987
-146,-162,-9.56968
-144,-162,-8.44107
-142,-162,-7.59977
-140,-162,-7.02705
-138,-162,-6.69961
-136,-162,-6.58744
-134,-162,-6.65203
-132,-162,-6.85493
-130,-162,-7.16909
-128,-162,-7.57051
-126,-162,-8.00162
-124,-162,-8.33742
-122,-162,-8.4219
-120,-162,-8.19248
-118,-162,-7.74909
-116,-162,-7.26305
-114,-162,-6.86208
-112,-162,-6.60045
-110,-162,-6.48089
-108,-162,-6.48147
-106,-162,-6.57267
-104,-162,-6.72468
-102,-162,-6.90791
-100,-162,-7.09018
-98,-162,-7.23399
-96,-162,-7.29648
-94,-162,-7.23415
-92,-162,-7.01229
-90,-162,-6.6159
-88,-162,-6.05566
-86,-162,-5.36459
-84,-162,-4.58773
-82,-162,-3.77102
-80,-162,-2.95429
-78,-162,-2.16874
-76,-162,-1.43725
-74,-162,-0.775698
-72,-162,-0.193901
-70,-162,0.304006
-68,-162,0.719872
-66,-162,1.06197
-64,-162,1.34489
-62,-162,1.58802
-60,-162,1.81192
-58,-162,2.03309
-56,-162,2.25937
-54,-162,2.48878
-52,-162,2.71357
-50,-162,2.92734
-48,-162,3.13084
-46,-162,3.33284
-44,-162,3.54494
-42,-162,3.77394
-40,-162,4.01674
-38,-162,4.26162
-36,-162,4.49512
-34,-162,4.71011
-32,-162,4.91069
-30,-162,5.1113
-28,-162,5.33024
-26,-162,5.58129
-24,-162,5.86776
-22,-162,6.18163
-20,-162,6.50709
-18,-162,6.82656
-16,-162,7.12625
-14,-162,7.39896
-12,-162,7.643
-10,-162,7.85787
-8,-162,8.03929
-6,-162,8.17654
-4,-162,8.25356
-2,-162,8.2534
0,-162,8.16368
2,-162,7.98125
4,-162,7.71463
6,-162,7.38365
8,-162,7.01611
10,-162,6.64188
12,-162,6.28619
14,-162,5.96502
16,-162,5.68504
18,-162,5.44794
20,-162,5.25663
22,-162,5.11983
24,-162,5.05251
26,-162,5.07077
28,-162,5.18126
30,-162,5.37039
32,-162,5.60139
34,-162,5.82272
36,-162,5.98263
38,-162,6.04253
40,-162,5.98487
42,-162,5.81449
44,-162,5.55292
46,-162,5.22705
48,-162,4.85647
50,-162,4.44677
52,-162,3.99268
54,-162,3.4883
56,-162,2.93744
58,-162,2.35822
60,-162,1.77857
62,-162,1.22289
64,-162,0.69658
66,-162,0.179256
68,-162,-0.36784
70,-162,-0.986251
72,-162,-1.70665
74,-162,-2.54171
76,-162,-3.48432
78,-162,-4.50862
80,-162,-5.573
82,-162,-6.6257
84,-162,-7.61373
86,-162,-8.49311
88,-162,-9.23535
90,-162,-9.82577
92,-162,-10.2555
94,-162,-10.5144
96,-162,-10.5916
98,-162,-10.4833
100,-162,-10.2025
102,-162,-9.78379
104,-162,-9.27873
106,-162,-8.74531
108,-162,-8.2367
110,-162,-7.79214
112,-162,-7.43218
114,-162,-7.15963
116,-162,-6.96891
118,-162,-6.86412
120,-162,-6.8797
122,-162,-7.09173
124,-162,-7.6144
126,-162,-8.5879
128,-162,-10.1601
130,-162,-12.4076
132,-162,-14.9055
134,-162,-15.8552
136,-162,-14.6059
138,-162,-13.1476
140,-162,-12.3826
142,-162,-12.3539
144,-162,-12.9264
146,-162,-13.8991
148,-162,-14.9263
150,-162,-15.4388
152,-162,-14.9841
154,-162,-13.7771
156,-162,-12.3452
158,-162,-11.0063
160,-162,-9.87333
162,-162,-8.97617
164,-162,-8.31383
166,-162,-7.86324
168,-162,-7.5786
170,-162,-7.39569
172,-162,-7.24654
174,-162,-7.0869
176,-162,-6.92665
178,-162,-6.83698
180,-162,-6.92188
-180,-160,-6.92188
-178,-160,-7.30593
-176,-160,-8.02578
-174,-160,-9.08907
-172,-160,-10.4444
-170,-160,-11.9791
-168,-160,-13.5299
-166,-160,-14.9265
-164,-160,-16.0683
-162,-160,-16.9603
-160,-160,-17.6123
-158,-160,-17.8688
-156,-160,-17.4207
-154,-160,-16.1484
-152,-160,-14.339
-150,-160,-12.4104
-148,-160,-10.6455
-146,-160,-9.1715
-144,-160,-8.02139
-142,-160,-7.18913
-140,-160,-6.66003
-138,-160,-6.41775
-136,-160,-6.43672
-134,-160,-6.67505
-132,-160,-7.08
-130,-160,-7.60181
-128,-160,-8.1919
-126,-160,-8.76413
-124,-160,-9.14942
-122,-160,-9.14717
-120,-160,-8.70622
-118,-160,-7.99456
-116,-160,-7.23704
-114,-160,-6.57434
-112,-160,-6.05429
-110,-160,-5.67193
-108,-160,-5.40199
-106,-160,-5.2155
-104,-160,-5.08509
-102,-160,-4.98458
-100,-160,-4.88719
-98,-160,-4.76523
-96,-160,-4.59242
-94,-160,-4.34813
-92,-160,-4.02161
-90,-160,-3.61413
-88,-160,-3.13787
-86,-160,-2.61226
-84,-160,-2.05956
-82,-160,-1.50105
-80,-160,-0.954807
-78,-160,-0.434817
-76,-160,0.048827
-74,-160,0.489286
-72,-160,0.882378
-70,-160,1.22642
-68,-160,1.52267
-66,-160,1.77617
-64,-160,1.9963
-62,-160,2.19601
-60,-160,2.38919
-58,-160,2.58624
-56,-160,2.79011
-54,-160,2.99557
-52,-160,3.19313
-50,-160,3.3759
-48,-160,3.54531
-46,-160,3.71188
-44,-160,3.8899
-42,-160,4.08873
-40,-160,4.30662
-38,-160,4.53142
-36,-160,4.74786
-34,-160,4.94677
-32,-160,5.13096
-30,-160,5.3148
-28,-160,5.51767
-26,-160,5.75475
-24,-160,6.03011
-22,-160,6.3353
-20,-160,6.65323
-18,-160,6.96476
-16,-160,7.25481
-14,-160,7.51544
-12,-160,7.74481
-10,-160,7.94289
-8,-160,8.10633
-6,-160,8.22538
-4,-160,8.28482
-2,-160,8.26823
0,-160,8.16368
2,-160,7.96857
4,-160,7.69227
6,-160,7.35586
8,-160,6.98856
10,-160,6.62143
12,-160,6.28018
14,-160,5.9801
16,-160,5.72607
18,-160,5.51732
20,-160,5.35405
22,-160,5.24235
24,-160,5.19479
26,-160,5.22554
28,-160,5.34002
30,-160,5.52447
32,-160,5.74304
34,-160,5.94578
36,-160,6.08272
38,-160,6.1168
40,-160,6.03172
42,-160,5.83314
44,-160,5.543
46,-160,5.18802
48,-160,4.78686
50,-160,4.34338
52,-160,3.85024
54,-160,3.30019
56,-160,2.69782
58,-160,2.06492
60,-160,1.43553
62,-160,0.840414
64,-160,0.28863
66,-160,-0.240642
68,-160,-0.789399
70,-160,-1.40299
72,-160,-2.11525
74,-160,-2.94134
76,-160,-3.8765
78,-160,-4.89734
80,-160,-5.96446
82,-160,-7.02692
84,-160,-8.02952
86,-160,-8.92203
88,-160,-9.66683
90,-160,-10.2411
92,-160,-10.6344
94,-160,-10.845
96,-160,-10.8801
98,-160,-10.7564
100,-160,-10.4995
102,-160,-10.1425
104,-160,-9.72312
106,-160,-9.28118
108,-160,-8.85352
110,-160,-8.46706
112,-160,-8.13295
114,-160,-7.84755
116,-160,-7.60535
118,-160,-7.4217
120,-160,-7.35265
122,-160,-7.49794
124,-160,-7.98957
126,-160,-8.9804
128,-160,-10.6367
130,-160,-13.0771
132,-160,-15.8892
134,-160,-16.8457
136,-160,-15.2214
138,-160,-13.5428
140,-160,-12.6835
142,-160,-12.6067
144,-160,-13.1427
146,-160,-14.0746
148,-160,-15.0517
150,-160,-15.5112
152,-160,-15.0101
154,-160,-13.7624
156,-160,-12.2941
158,-160,-10.9272
160,-160,-9.7772
162,-160,-8.87296
164,-160,-8.21037
166,-160,-7.76359
168,-160,-7.48545
170,-160,-7.31144
172,-160,-7.17377
174,-160,-7.0282
176,-160,-6.88444
178,-160,-6.81388
180,-160,-6.92188
-180,-158,-6.92188
-178,-158,-7.33619
-176,-158,-8.09972
-174,-158,-9.22932
-172,-158,-10.6864
-170,-158,-12.3694
-168,-158,-14.1094
-166,-158,-15.6923
-164,-158,-16.9487
-162,-158,-17.8476
-160,-158,-18.4096
-158,-158,-18.4853
-156,-158,-17.7685
-154,-158,-16.2066
-152,-158,-14.1743
-150,-158,-12.1081
-148,-158,-10.266
-146,-158,-8.74963
-144,-158,-7.57945
-142,-158,-6.74837
-140,-158,-6.24795
-138,-158,-6.07236
-136,-158,-6.209
-134,-158,-6.62831
-132,-158,-7.28226
-130,-158,-8.10975
-128,-158,-9.02885
-126,-158,-9.88811
-124,-158,-10.4102
-122,-158,-10.3065
-120,-158,-9.5866
-118,-158,-8.56153
-116,-158,-7.52307
-114,-158,-6.60579
-112,-158,-5.83533
-110,-158,-5.19263
-108,-158,-4.64905
-106,-158,-4.17963
-104,-158,-3.76497
-102,-158,-3.38911
-100,-158,-3.03742
-98,-158,-2.69629
-96,-158,-2.35409
-94,-158,-2.00268
-92,-158,-1.63843
-90,-158,-1.26234
-88,-158,-0.879137
-86,-158,-0.495854
-84,-158,-0.120085
-82,-158,0.241519
-80,-158,0.584291
-78,-158,0.905896
-76,-158,1.20591
-74,-158,1.48486
-72,-158,1.7431
-70,-158,1.98022
-68,-158,2.19559
-66,-158,2.38973
-64,-158,2.56608
-62,-158,2.73157
-60,-158,2.89505
-58,-158,3.06358
-56,-158,3.23842
-54,-158,3.41384
-52,-158,3.58035
-50,-158,3.73121
-48,-158,3.86834
-46,-158,4.00341
-44,-158,4.15256
-42,-158,4.3271
-40,-158,4.52618
-38,-158,4.73697
-36,-158,4.94242
-34,-158,5.13146
-32,-158,5.30574
-30,-158,5.47963
-28,-158,5.67344
-26,-158,5.9034
-24,-158,6.1738
-22,-158,6.4754
-20,-158,6.7897
-18,-158,7.09614
-16,-158,7.37863
-14,-158,7.6287
-12,-158,7.84456
-10,-158,8.02673
-8,-158,8.17275
-6,-158,8.27393
-4,-158,8.31592
-2,-158,8.28296
0,-158,8.16368
2,-158,7.95621
4,-158,7.67093
6,-158,7.33026
8,-158,6.96488
10,-158,6.60697
12,-158,6.28241
14,-158,6.00544
16,-158,5.77868
18,-158,5.59841
20,-158,5.46176
22,-158,5.37187
24,-158,5.3389
26,-158,5.3754
28,-158,5.48647
30,-158,5.65934
32,-158,5.86003
34,-158,6.04061
36,-158,6.15272
38,-158,6.1604
40,-158,6.04803
42,-158,5.82166
44,-158,5.50349
46,-158,5.12025
48,-158,4.69016
50,-158,4.21585
52,-158,3.68806
54,-158,3.09778
56,-158,2.44923
58,-158,1.76647
60,-158,1.08846
62,-158,0.452001
64,-158,-0.129378
66,-158,-0.675371
68,-158,-1.22955
70,-158,-1.83971
72,-158,-2.54183
74,-158,-3.35301
76,-158,-4.27089
78,-158,-5.27554
80,-158,-6.33223
82,-158,-7.39476
84,-158,-8.41009
86,-158,-9.32417
88,-158,-10.0884
90,-158,-10.6665
92,-158,-11.0406
94,-158,-11.2168
96,-158,-11.2229
98,-158,-11.0992
100,-158,-10.8849
102,-158,-10.6095
104,-158,-10.2933
106,-158,-9.95238
108,-158,-9.60313
110,-158,-9.25924
112,-158,-8.92541
114,-158,-8.59719
116,-158,-8.27563
118,-158,-7.992
120,-158,-7.82345
122,-158,-7.88699
124,-158,-8.32201
126,-158,-9.28008
128,-158,-10.9228
130,-158,-13.37
132,-158,-16.2391
134,-158,-17.307
136,-158,-15.7
138,-158,-13.9926
140,-158,-13.1032
142,-158,-12.9936
144,-158,-13.4848
146,-158,-14.3464
148,-158,-15.2161
150,-158,-15.5501
152,-158,-14.9629
154,-158,-13.6829
156,-158,-12.2052
158,-158,-10.8344
160,-158,-9.68362
162,-158,-8.78149
164,-158,-8.12277
166,-158,-7.68049
168,-158,-7.40719
170,-158,-7.23903
172,-158,-7.10919
174,-158,-6.97429
176,-158,-6.84444
178,-158,-6.79145
180,-158,-6.92188
-180,-156,-6.92188
-178,-156,-7.36646
-176,-156,-8.17447
-174,-156,-9.37271
-172,-156,-10.9371
-170,-156,-12.7804
-168,-156,-14.7279
-166,-156,-16.5068
-164,-156,-17.8459
-162,-156,-18.6696
-160,-156,-19.0429
-158,-156,-18.863
-156,-156,-17.861
-154,-156,-16.0576
-152,-156,-13.8717
-150,-156,-11.7219
-148,-156,-9.83326
-146,-156,-8.28719
-144,-156,-7.09714
-142,-156,-6.25718
-140,-156,-5.76456
-138,-156,-5.62275
-136,-156,-5.83362
-134,-156,-6.38884
-132,-156,-7.26662
-130,-156,-8.42916
-128,-156,-9.79659
-126,-156,-11.1505
-124,-156,-11.9983
-122,-156,-11.8207
-120,-156,-10.7636
-118,-156,-9.41435
-116,-156,-8.13922
-114,-156,-7.03608
-112,-156,-6.08893
-110,-156,-5.25664
-108,-156,-4.50573
-106,-156,-3.81672
-104,-156,-3.1801
-102,-156,-2.59081
-100,-156,-2.04486
-98,-156,-1.53848
-96,-156,-1.06845
-94,-156,-0.632632
-92,-156,-0.23016
-90,-156,0.138883
-88,-156,0.474009
-86,-156,0.775075
-84,-156,1.04307
-82,-156,1.28084
-80,-156,1.49349
-78,-156,1.68813
-76,-156,1.87276
-74,-156,2.0543
-72,-156,2.23647
-70,-156,2.4187
-68,-156,2.59685
-66,-156,2.76589
-64,-156,2.92323
-62,-156,3.07092
-60,-156,3.21499
-58,-156,3.36183
-56,-156,3.51352
-54,-156,3.6655
-52,-156,3.80903
-50,-156,3.93755
-48,-156,4.05308
-46,-156,4.16801
-44,-156,4.29993
-42,-156,4.46169
-40,-156,4.65302
-38,-156,4.86023
-36,-156,5.06443
-34,-156,5.25279
-32,-156,5.42607
-30,-156,5.59885
-28,-156,5.79229
-26,-156,6.02326
-24,-156,6.29587
-22,-156,6.59971
-20,-156,6.9148
-18,-156,7.21939
-16,-156,7.49669
-14,-156,7.73799
-12,-156,7.94171
-10,-156,8.10898
-8,-156,8.23832
-6,-156,8.32207
-4,-156,8.34681
-2,-156,8.29756
0,-156,8.16368
2,-156,7.94417
4,-156,7.65061
6,-156,7.30685
8,-156,6.94504
10,-156,6.59834
12,-156,6.29251
14,-156,6.04026
16,-156,5.84152
18,-156,5.68929
20,-156,5.57733
22,-156,5.50577
24,-156,5.48241
26,-156,5.51858
28,-156,5.61975
30,-156,5.77504
32,-156,5.95317
34,-156,6.10855
36,-156,6.19434
38,-156,6.17526
40,-156,6.03584
42,-156,5.78209
44,-156,5.43622
46,-156,5.02516
48,-156,4.56723
50,-156,4.06456
52,-156,3.50652
54,-156,2.88226
56,-156,2.19494
58,-156,1.46943
60,-156,0.748147
62,-156,0.0730709
64,-156,-0.537646
66,-156,-1.10161
68,-156,-1.66284
70,-156,-2.27062
72,-156,-2.96232
74,-156,-3.75633
76,-156,-4.65229
78,-156,-5.63417
80,-156,-6.67379
82,-156,-7.73389
84,-156,-8.77001
86,-156,-9.73103
88,-156,-10.56
90,-156,-11.2006
92,-156,-11.614
94,-156,-11.7992
96,-156,-11.7988
98,-156,-11.6787
100,-156,-11.4995
102,-156,-11.296
104,-156,-11.0762
106,-156,-10.8316
108,-156,-10.5521
110,-156,-10.2321
112,-156,-9.86802
114,-156,-9.4576
116,-156,-9.01409
118,-156,-8.58926
120,-156,-8.28127
122,-156,-8.21855
124,-156,-8.53737
126,-156,-9.37096
128,-156,-10.8443
130,-156,-13.0196
132,-156,-15.5486
134,-156,-16.8287
136,-156,-15.8687
138,-156,-14.4587
140,-156,-13.6512
142,-156,-13.539
144,-156,-13.9776
146,-156,-14.7303
148,-156,-15.4227
150,-156,-15.5528
152,-156,-14.8402
154,-156,-13.5358
156,-156,-12.0749
158,-156,-10.7244
160,-156,-9.58977
162,-156,-8.69966
164,-156,-8.04953
166,-156,-7.61282
168,-156,-7.34304
170,-156,-7.17792
172,-156,-7.05251
174,-156,-6.92502
176,-156,-6.80661
178,-156,-6.76967
180,-156,-6.92188
-180,-154,-6.92188
-178,-154,-7.39668
-176,-154,-8.24992
-174,-154,-9.51914
-172,-154,-11.1968
-170,-154,-13.2131
-168,-154,-15.387
-166,-154,-17.3598
-164,-154,-18.704
-162,-154,-19.3095
-160,-154,-19.3708
-158,-154,-18.8893
-156,-154,-17.648
-154,-154,-15.6975
-152,-154,-13.4413
-150,-154,-11.26
-148,-154,-9.3525
-146,-154,-7.78876
-144,-154,-6.5806
-142,-154,-5.72447
-140,-154,-5.22106
-138,-154,-5.07822
-136,-154,-5.30549
-134,-154,-5.90861
-132,-154,-6.88864
-130,-154,-8.24009
-128,-154,-9.92105
-126,-154,-11.7216
-124,-154,-12.989
-122,-154,-12.8864
-120,-154,-11.6504
-118,-154,-10.1529
-116,-154,-8.81302
-114,-154,-7.6842
-112,-154,-6.70734
-110,-154,-5.81637
-108,-154,-4.97049
-106,-154,-4.1557
-104,-154,-3.37444
-102,-154,-2.63475
-100,-154,-1.94433
-98,-154,-1.30878
-96,-154,-0.732005
-94,-154,-0.216739
-92,-154,0.235275
-90,-154,0.623529
-88,-154,0.949209
-86,-154,1.21575
-84,-154,1.4294
-82,-154,1.59976
-80,-154,1.73972
-78,-154,1.86468
-76,-154,1.99029
-74,-154,2.12898
-72,-154,2.28651
-70,-154,2.46031
-68,-154,2.64103
-66,-154,2.81718
-64,-154,2.98053
-62,-154,3.12977
-60,-154,3.27033
-58,-154,3.41012
-56,-154,3.55358
-54,-154,3.69794
-52,-154,3.83503
-50,-154,3.95799
-48,-154,4.0686
-46,-154,4.17972
-44,-154,4.31033
-42,-154,4.47461
-40,-154,4.67259
-38,-154,4.88946
-36,-154,5.10444
-34,-154,5.30319
-32,-154,5.48595
-30,-154,5.66776
-28,-154,5.87059
-26,-154,6.11163
-24,-154,6.39424
-22,-154,6.70659
-20,-154,7.02722
-18,-154,7.33346
-16,-154,7.60814
-14,-154,7.84264
-12,-154,8.03575
-10,-154,8.18932
-8,-154,8.30282
-6,-154,8.36965
-4,-154,8.37741
-2,-154,8.31201
0,-154,8.16368
2,-154,7.93248
4,-154,7.63132
6,-154,7.28561
8,-154,6.92896
10,-154,6.59532
12,-154,6.30998
14,-154,6.08367
16,-154,5.91322
18,-154,5.78806
20,-154,5.69853
22,-154,5.64178
24,-154,5.62344
26,-154,5.65394
28,-154,5.73963
30,-154,5.87221
32,-154,6.02368
34,-154,6.1512
36,-154,6.2094
38,-154,6.16334
40,-154,5.99719
42,-154,5.71644
44,-154,5.34305
46,-154,4.90425
48,-154,4.41903
50,-154,3.88986
52,-154,3.30553
54,-154,2.65378
56,-154,1.93627
58,-154,1.1777
60,-154,0.422442
62,-154,-0.283514
64,-154,-0.917786
66,-154,-1.49568
68,-154,-2.06131
70,-154,-2.66525
72,-154,-3.34599
74,-154,-4.12277
76,-154,-4.9966
78,-154,-5.95494
80,-154,-6.9769
82,-154,-8.03718
84,-154,-9.1064
86,-154,-10.146
88,-154,-11.0991
90,-154,-11.8861
92,-154,-12.424
94,-154,-12.6725
96,-154,-12.671
98,-154,-12.5193
100,-154,-12.3209
102,-154,-12.1396
104,-154,-11.9887
106,-154,-11.8415
108,-154,-11.6522
110,-154,-11.3758
112,-154,-10.9808
114,-154,-10.4586
116,-154,-9.84045
118,-154,-9.21145
120,-154,-8.69961
122,-154,-8.44465
124,-154,-8.57247
126,-154,-9.18623
128,-154,-10.3602
130,-154,-12.0959
132,-154,-14.1353
134,-154,-15.6065
136,-154,-15.6449
138,-154,-14.9006
140,-154,-14.3399
142,-154,-14.2725
144,-154,-14.6449
146,-154,-15.2311
148,-154,-15.6579
150,-154,-15.5078
152,-154,-14.6419
154,-154,-13.3233
156,-154,-11.9029
158,-154,-10.5958
160,-154,-9.49388
162,-154,-8.62592
164,-154,-7.98938
166,-154,-7.55961
168,-154,-7.29225
170,-154,-7.12759
172,-154,-7.00339
174,-154,-6.88025
176,-154,-6.7709
178,-154,-6.74857
180,-154,-6.92188
-180,-152,-6.92188
-178,-152,-7.42682
-176,-152,-8.32595
-174,-152,-9.66848
-172,-152,-11.4656
-170,-152,-13.6689
-168,-152,-16.0873
-166,-152,-18.2282
-164,-152,-19.428
-162,-152,-19.6247
-160,-152,-19.284
-158,-152,-18.5295
-156,-152,-17.1542
-154,-152,-15.1694
-152,-152,-12.9207
-150,-152,-10.7519
-148,-152,-8.84849
-146,-152,-7.27901
-144,-152,-6.05808
-142,-152,-5.18505
-140,-152,-4.6615
-138,-152,-4.49416
-136,-152,-4.69057
-134,-152,-5.25433
-132,-152,-6.18291
-130,-152,-7.46173
-128,-152,-9.03088
-126,-152,-10.6744
-124,-152,-11.8483
-122,-152,-11.9344
-120,-152,-11.0811
-118,-152,-9.94439
-116,-152,-8.90294
-114,-152,-8.02786
-112,-152,-7.26565
-110,-152,-6.54064
-108,-152,-5.79998
-106,-152,-5.02652
-104,-152,-4.23125
-102,-152,-3.43789
-100,-152,-2.67107
-98,-152,-1.95098
-96,-152,-1.29261
-94,-152,-0.706439
-92,-152,-0.199094
-90,-152,0.226347
-88,-152,0.570504
-86,-152,0.83808
-84,-152,1.03841
-82,-152,1.18593
-80,-152,1.30001
-78,-152,1.40345
-76,-152,1.51881
-74,-152,1.663
-72,-152,1.84209
-70,-152,2.04939
-68,-152,2.26875
-66,-152,2.48186
-64,-152,2.67593
-62,-152,2.84835
-60,-152,3.00613
-58,-152,3.16028
-56,-152,3.31807
-54,-152,3.47796
-52,-152,3.63142
-50,-152,3.77057
-48,-152,3.89672
-46,-152,4.02345
-44,-152,4.17127
-42,-152,4.35569
-40,-152,4.57672
-38,-152,4.81809
-36,-152,5.05714
-34,-152,5.27832
-32,-152,5.48185
-30,-152,5.68358
-28,-152,5.90624
-26,-152,6.16689
-24,-152,6.46766
-22,-152,6.79498
-20,-152,7.12605
-18,-152,7.43754
-16,-152,7.71232
-14,-152,7.94211
-12,-152,8.12627
-10,-152,8.26743
-8,-152,8.36603
-6,-152,8.41656
-4,-152,8.40767
-2,-152,8.32628
0,-152,8.16368
2,-152,7.92114
4,-152,7.61307
6,-152,7.26652
8,-152,6.91655
10,-152,6.59766
12,-152,6.33429
14,-152,6.13474
16,-152,5.99239
18,-152,5.89295
20,-152,5.82337
22,-152,5.77804
24,-152,5.76063
26,-152,5.78091
28,-152,5.84642
30,-152,5.95188
32,-152,6.07309
34,-152,6.17036
36,-152,6.19985
38,-152,6.12669
40,-152,5.93423
42,-152,5.62697
44,-152,5.2263
46,-152,4.75973
48,-152,4.24736
50,-152,3.6929
52,-152,3.08551
54,-152,2.41212
56,-152,1.673
58,-152,0.891957
60,-152,0.114237
62,-152,-0.611281
64,-152,-1.25868
66,-152,-1.84128
68,-152,-2.40365
70,-152,-2.99807
72,-152,-3.66445
74,-152,-4.42266
76,-152,-5.27436
78,-152,-6.20952
80,-152,-7.21408
82,-152,-8.27591
84,-152,-9.38543
86,-152,-10.5268
88,-152,-11.6573
90,-152,-12.6799
92,-152,-13.44
94,-152,-13.7971
96,-152,-13.7502
98,-152,-13.4569
100,-152,-13.1136
102,-152,-12.8531
104,-152,-12.7216
106,-152,-12.692
108,-152,-12.6797
110,-152,-12.5629
112,-152,-12.2208
114,-152,-11.5968
116,-152,-10.7494
118,-152,-9.83673
120,-152,-9.04618
122,-152,-8.53587
124,-152,-8.4175
126,-152,-8.76189
128,-152,-9.60333
130,-152,-10.9217
132,-152,-12.5719
134,-152,-14.1555
136,-152,-15.0977
138,-152,-15.2752
140,-152,-15.1774
142,-152,-15.227
144,-152,-15.505
146,-152,-15.8337
148,-152,-15.8883
150,-152,-15.3976
152,-152,-14.3708
154,-152,-13.0517
156,-152,-11.6927
158,-152,-10.449
160,-152,-9.39525
162,-152,-8.55929
164,-152,-7.94135
166,-152,-7.51998
168,-152,-7.2541
170,-152,-7.08751
172,-152,-6.9615
174,-152,-6.8398
176,-152,-6.73728
178,-152,-6.72815
180,-152,-6.92188
-180,-150,-6.92188
-178,-150,-7.45682
-176,-150,-8.40246
-174,-150,-9.82062
-172,-150,-11.7438
-170,-150,-14.149
-168,-150,-16.8273
-166,-150,-19.0671
-164,-150,-19.8886
-162,-150,-19.512
-160,-150,-18.7799
-158,-150,-17.8504
-156,-150,-16.4616
-154,-150,-14.5411
-152,-150,-12.3605
-150,-150,-10.2373
-148,-150,-8.35671
-146,-150,-6.79384
-144,-150,-5.56949
-142,-150,-4.68625
-140,-150,-4.14469
-138,-150,-3.94637
-136,-150,-4.08946
-134,-150,-4.56269
-132,-150,-5.33889
-130,-150,-6.36363
-128,-150,-7.52661
-126,-150,-8.61447
-124,-150,-9.31597
-122,-150,-9.41893
-120,-150,-9.03349
-118,-150,-8.45448
-116,-150,-7.89911
-114,-150,-7.44433
-112,-150,-7.07552
-110,-150,-6.73668
-108,-150,-6.36461
-106,-150,-5.91262
-104,-150,-5.36395
-102,-150,-4.73195
-100,-150,-4.04949
-98,-150,-3.35559
-96,-150,-2.68589
-94,-150,-2.06836
-92,-150,-1.52239
-90,-150,-1.05936
-88,-150,-0.683334
-86,-150,-0.391282
-84,-150,-0.172961
-82,-150,-0.0106364
-80,-150,0.120425
-78,-150,0.249453
-76,-150,0.404605
-74,-150,0.605027
-72,-150,0.854025
-70,-150,1.13795
-68,-150,1.43247
-66,-150,1.71313
-64,-150,1.9648
-62,-150,2.18628
-60,-150,2.3882
-58,-150,2.58537
-56,-150,2.78704
-54,-150,2.99133
-52,-150,3.18793
-50,-150,3.36746
-48,-150,3.53113
-46,-150,3.69397
-44,-150,3.87856
-42,-150,4.10168
-40,-150,4.3629
-38,-150,4.6441
-36,-150,4.92077
-34,-150,5.17664
-32,-150,5.4125
-30,-150,5.64535
-28,-150,5.89856
-26,-150,6.18853
-24,-150,6.51565
-22,-150,6.86439
-20,-150,7.21072
-18,-150,7.53108
-16,-150,7.80869
-14,-150,8.03594
-12,-150,8.2129
-10,-150,8.34303
-8,-150,8.42776
-6,-150,8.46267
-4,-150,8.43753
-2,-150,8.34036
0,-150,8.16368
2,-150,7.91016
4,-150,7.59585
6,-150,7.24955
8,-150,6.90767
10,-150,6.60504
12,-150,6.36484
14,-150,6.1925
16,-150,6.07766
18,-150,6.00229
20,-150,5.95014
22,-150,5.91306
24,-150,5.89302
26,-150,5.89931
28,-150,5.94078
30,-150,6.01539
32,-150,6.10317
34,-150,6.16797
36,-150,6.16772
38,-150,6.06746
40,-150,5.84935
42,-150,5.5164
44,-150,5.089
46,-150,4.59486
48,-150,4.05549
50,-150,3.47653
52,-150,2.84842
54,-150,2.15802
56,-150,1.40444
58,-150,0.61037
60,-150,-0.178805
62,-150,-0.912112
64,-150,-1.56065
66,-150,-2.13615
68,-150,-2.68407
70,-150,-3.25892
72,-150,-3.90236
74,-150,-4.63463
76,-150,-5.45711
78,-150,-6.36092
80,-150,-7.33745
82,-150,-8.38719
84,-150,-9.52215
86,-150,-10.7566
88,-150,-12.0795
90,-150,-13.4001
92,-150,-14.4815
94,-150,-14.9918
96,-150,-14.8133
98,-150,-14.2186
100,-150,-13.583
102,-150,-13.139
104,-150,-12.9731
106,-150,-13.0754
108,-150,-13.3502
110,-150,-13.593
112,-150,-13.5005
114,-150,-12.846
116,-150,-11.7164
118,-150,-10.4354
120,-150,-9.30478
122,-150,-8.5062
124,-150,-8.12997
126,-150,-8.21494
128,-150,-8.76974
130,-150,-9.77605
132,-150,-11.1718
134,-150,-12.8049
136,-150,-14.3795
138,-150,-15.5342
140,-150,-16.1494
142,-150,-16.4292
144,-150,-16.558
146,-150,-16.4908
148,-150,-16.0616
150,-150,-15.2047
152,-150,-14.0332
154,-150,-12.7311
156,-150,-11.45
158,-150,-10.2862
160,-150,-9.2942
162,-150,-8.4993
164,-150,-7.90473
166,-150,-7.49318
168,-150,-7.22793
170,-150,-7.05716
172,-150,-6.9265
174,-150,-6.8035
176,-150,-6.70568
178,-150,-6.70841
180,-150,-6.92188
-180,-148,-6.92188
-178,-148,-7.48663
-176,-148,-8.47932
-174,-148,-9.97539
-172,-148,-12.0315
-170,-148,-14.6548
-168,-148,-17.602
-166,-148,-19.8021
-164,-148,-19.9678
-162,-148,-18.9812
-160,-148,-17.9638
-158,-148,-16.9722
-156,-148,-15.6644
-154,-148,-13.8778
-152,-148,-11.8087
-150,-148,-9.75543
-148,-148,-7.91325
-146,-148,-6.36982
-144,-148,-5.1547
-142,-148,-4.27393
-140,-148,-3.72603
-138,-148,-3.50506
-136,-148,-3.59592
-134,-148,-3.96663
-132,-148,-4.56012
-130,-148,-5.28641
-128,-148,-6.01768
-126,-148,-6.60068
-124,-148,-6.90934
-122,-148,-6.91884
-120,-148,-6.71762
-118,-148,-6.43582
-116,-148,-6.17423
-114,-148,-5.9842
-112,-148,-5.8785
-110,-148,-5.84532
-108,-148,-5.85591
-106,-148,-5.86817
-104,-148,-5.83228
-102,-148,-5.70252
-100,-148,-5.45309
-98,-148,-5.08837
-96,-148,-4.63993
-94,-148,-4.15279
-92,-148,-3.67084
-90,-148,-3.22788
-88,-148,-2.8444
-86,-148,-2.52744
-84,-148,-2.27132
-82,-148,-2.05854
-80,-148,-1.86176
-78,-148,-1.64842
-76,-148,-1.38928
-74,-148,-1.06889
-72,-148,-0.692482
-70,-148,-0.284051
-68,-148,0.124091
-66,-148,0.504346
-64,-148,0.843253
-62,-148,1.14417
-60,-148,1.42272
-58,-148,1.69659
-56,-148,1.97478
-54,-148,2.25283
-52,-148,2.51776
-50,-148,2.75931
-48,-148,2.97998
-46,-148,3.19755
-44,-148,3.4372
-42,-148,3.71673
-40,-148,4.0345
-38,-148,4.37004
-36,-148,4.69714
-34,-148,4.99939
-32,-148,5.27884
-30,-148,5.55389
-28,-148,5.84826
-26,-148,6.17709
-24,-148,6.53847
-22,-148,6.91479
-20,-148,7.28102
-18,-148,7.61373
-16,-148,7.89689
-14,-148,8.12378
-12,-148,8.29534
-10,-148,8.4159
-8,-148,8.48785
-6,-148,8.50788
-4,-148,8.46692
-2,-148,8.35423
0,-148,8.16368
2,-148,7.89954
4,-148,7.57966
6,-148,7.23464
8,-148,6.90216
10,-148,6.61712
12,-148,6.40099
14,-148,6.25598
16,-148,6.16776
18,-148,6.11463
20,-148,6.07738
22,-148,6.04569
24,-148,6.02003
26,-148,6.0093
28,-148,6.02364
30,-148,6.06432
32,-148,6.11587
34,-148,6.14614
36,-148,6.11516
38,-148,5.98793
40,-148,5.74512
42,-148,5.3878
44,-148,4.93495
46,-148,4.41416
48,-148,3.84846
50,-148,3.24585
52,-148,2.59872
54,-148,1.89447
56,-148,1.13134
58,-148,0.330753
60,-148,-0.462175
62,-148,-1.19476
64,-148,-1.83517
66,-148,-2.39334
68,-148,-2.91547
70,-148,-3.45826
72,-148,-4.06489
74,-148,-4.75529
76,-148,-5.52939
78,-148,-6.3778
80,-148,-7.29543
82,-148,-8.29304
84,-148,-9.40147
86,-148,-10.6641
88,-148,-12.1111
90,-148,-13.6949
92,-148,-15.1533
94,-148,-15.924
96,-148,-15.6373
98,-148,-14.7039
100,-148,-13.7499
102,-148,-13.106
104,-148,-12.8809
106,-148,-13.086
108,-148,-13.6595
110,-148,-14.39
112,-148,-14.7726
114,-148,-14.1961
116,-148,-12.7196
118,-148,-10.9928
120,-148,-9.49474
122,-148,-8.41529
124,-148,-7.80764
126,-148,-7.67689
128,-148,-8.01302
130,-148,-8.80288
132,-148,-10.0321
134,-148,-11.6709
136,-148,-13.6229
138,-148,-15.6216
140,-148,-17.1742
142,-148,-17.8646
144,-148,-17.7503
146,-148,-17.1056
148,-148,-16.1162
150,-148,-14.919
152,-148,-13.6399
154,-148,-12.3736
156,-148,-11.1826
158,-148,-10.1112
160,-148,-9.19191
162,-148,-8.44593
164,-148,-7.87901
166,-148,-7.47856
168,-148,-7.21309
170,-148,-7.03601
172,-148,-6.89801
174,-148,-6.77116
176,-148,-6.67605
178,-148,-6.68935
180,-148,-6.92188
-180,-146,-6.92188
-178,-146,-7.5162
-176,-146,-8.55638
-174,-146,-10.1326
-172,-146,-12.3289
-170,-146,-15.1878
-168,-146,-18.4
-166,-146,-20.3301
-164,-146,-19.6303
-162,-146,-18.1471
-160,-146,-16.9753
-158,-146,-16.0057
-156,-146,-14.8361
-154,-146,-13.2277
-152,-146,-11.3013
-150,-146,-9.33758
-148,-146,-7.54778
-146,-146,-6.03705
-144,-146,-4.8458
-142,-146,-3.98401
-140,-146,-3.44773
-138,-146,-3.22235
-136,-146,-3.27763
-134,-146,-3.5593
-132,-146,-3.98346
-130,-146,-4.4415
-128,-146,-4.82191
-126,-146,-5.04517
-124,-146,-5.09071
-122,-146,-4.99379
-120,-146,-4.81583
-118,-146,-4.61425
-116,-146,-4.42981
-114,-146,-4.2894
-112,-146,-4.21334
-110,-146,-4.21854
-108,-146,-4.31615
-106,-146,-4.50655
-104,-146,-4.77503
-102,-146,-5.09023
-100,-146,-5.40639
-98,-146,-5.67126
-96,-146,-5.83934
-94,-146,-5.8862
-92,-146,-5.81523
-90,-146,-5.65205
-88,-146,-5.43063
-86,-146,-5.17964
-84,-146,-4.91434
-82,-146,-4.63424
-80,-146,-4.32582
-78,-146,-3.96951
-76,-146,-3.55009
-74,-146,-3.06681
-72,-146,-2.53739
-70,-146,-1.99296
-68,-146,-1.46659
-66,-146,-0.98184
-64,-146,-0.5459
-62,-146,-0.149651
-60,-146,0.225502
-58,-146,0.596403
-56,-146,0.968288
-54,-146,1.33277
-52,-146,1.67528
-50,-146,1.98696
-48,-146,2.27376
-46,-146,2.55725
-44,-146,2.86509
-42,-146,3.21486
-40,-146,3.60235
-38,-146,4.00404
-36,-146,4.39216
-34,-146,4.75093
-32,-146,5.0842
-30,-146,5.41187
-28,-146,5.75748
-26,-146,6.13415
-24,-146,6.53712
-22,-146,6.94667
-20,-146,7.33706
-18,-146,7.68539
-16,-146,7.9767
-14,-146,8.20538
-12,-146,8.37335
-10,-146,8.48582
-8,-146,8.54615
-6,-146,8.55208
-4,-146,8.49578
-2,-146,8.36785
0,-146,8.16368
2,-146,7.8893
4,-146,7.5645
6,-146,7.22172
8,-146,6.89984
10,-146,6.6335
12,-146,6.44209
14,-146,6.32421
16,-146,6.26148
18,-146,6.22866
20,-146,6.20393
22,-146,6.1751
24,-146,6.14141
26,-146,6.11135
28,-146,6.09621
30,-146,6.10046
32,-146,6.11333
34,-146,6.10711
36,-146,6.04441
38,-146,5.89043
40,-146,5.62423
42,-146,5.24454
44,-146,4.76846
46,-146,4.22311
48,-146,3.63284
50,-146,3.00818
52,-146,2.34376
54,-146,1.62779
56,-146,0.857721
58,-146,0.0534297
60,-146,-0.740582
62,-146,-1.46996
64,-146,-2.09929
66,-146,-2.63546
68,-146,-3.12423
70,-146,-3.62362
72,-146,-4.17766
74,-146,-4.80533
76,-146,-5.50428
78,-146,-6.2637
80,-146,-7.08054
82,-146,-7.97256
84,-146,-8.98241
86,-146,-10.1707
88,-146,-11.5961
90,-146,-13.2642
92,-146,-14.9881
94,-146,-16.1601
96,-146,-16.0835
98,-146,-15.059
100,-146,-13.9265
102,-146,-13.1462
104,-146,-12.8652
106,-146,-13.1233
108,-146,-13.9147
110,-146,-15.1046
112,-146,-16.09
114,-146,-15.6711
116,-146,-13.749
118,-146,-11.5223
120,-146,-9.6706
122,-146,-8.34722
124,-146,-7.55056
126,-146,-7.25112
128,-146,-7.42338
130,-146,-8.05677
132,-146,-9.16172
134,-146,-10.7679
136,-146,-12.8992
138,-146,-15.4771
140,-146,-18.0241
142,-146,-19.3661
144,-146,-18.898
146,-146,-17.5273
148,-146,-16
150,-146,-14.542
152,-146,-13.2044
154,-146,-11.9919
156,-146,-10.8995
158,-146,-9.92844
160,-146,-9.09025
162,-146,-8.39958
164,-146,-7.86388
166,-146,-7.47553
168,-146,-7.20894
170,-146,-7.02351
172,-146,-6.87566
174,-146,-6.74257
176,-146,-6.64832
178,-146,-6.67097
180,-146,-6.92188
-180,-144,-6.92188
-178,-144,-7.54548
-176,-144,-8.63351
-174,-144,-10.2922
-172,-144,-12.6363
-170,-144,-15.7493
-168,-144,-19.1998
-166,-144,-20.5468
-164,-144,-18.9512
-162,-144,-17.1517
-160,-144,-15.9264
-158,-144,-15.0256
-156,-144,-14.0222
-154,-144,-12.6194
-152,-144,-10.8607
-150,-144,-9.00471
-148,-144,-7.28097
-146,-144,-5.81637
-144,-144,-4.66452
-142,-144,-3.84024
-140,-144,-3.33717
-138,-144,-3.13149
-136,-144,-3.17656
-134,-144,-3.3952
-132,-144,-3.68112
-130,-144,-3.92191
-128,-144,-4.04004
-126,-144,-4.02016
-124,-144,-3.89601
-122,-144,-3.71406
-120,-144,-3.50745
-118,-144,-3.29175
-116,-144,-3.07443
-114,-144,-2.86726
-112,-144,-2.69224
-110,-144,-2.57839
-108,-144,-2.5534
-106,-144,-2.6361
-104,-144,-2.83285
-102,-144,-3.13703
-100,-144,-3.53001
-98,-144,-3.98235
-96,-144,-4.45516
-94,-144,-4.90291
-92,-144,-5.27916
-90,-144,-5.54558
-88,-144,-5.6811
-86,-144,-5.68586
-84,-144,-5.57667
-82,-144,-5.37674
-80,-144,-5.10604
-78,-144,-4.77693
-76,-144,-4.39595
-74,-144,-3.96945
-72,-144,-3.5089
-70,-144,-3.03202
-68,-144,-2.55856
-66,-144,-2.10331
-64,-144,-1.6706
-62,-144,-1.25391
-60,-144,-0.841525
-58,-144,-0.425352
-56,-144,-0.00748586
-54,-144,0.400472
-52,-144,0.785119
-50,-144,1.14137
-48,-144,1.47928
-46,-144,1.82307
-44,-144,2.2002
-42,-144,2.62494
-40,-144,3.08801
-38,-144,3.56178
-36,-144,4.01713
-34,-144,4.43948
-32,-144,4.8348
-30,-144,5.2241
-28,-144,5.6299
-26,-144,6.06232
-24,-144,6.51329
-22,-144,6.96095
-20,-144,7.37923
-18,-144,7.74611
-16,-144,8.04801
-14,-144,8.28058
-12,-144,8.44676
-10,-144,8.55265
-8,-144,8.60252
-6,-144,8.59519
-4,-144,8.52407
-2,-144,8.38121
0,-144,8.16368
2,-144,7.87943
4,-144,7.55033
6,-144,7.21072
8,-144,6.9005
10,-144,6.6538
12,-144,6.48748
14,-144,6.39627
16,-144,6.35772
18,-144,6.34328
20,-144,6.32887
22,-144,6.30076
24,-144,6.25718
26,-144,6.20617
28,-144,6.15992
30,-144,6.12587
32,-144,6.09795
34,-144,6.05336
36,-144,5.95789
38,-144,5.77737
40,-144,5.48931
42,-144,5.08987
44,-144,4.59386
46,-144,4.02745
48,-144,3.41598
50,-144,2.77227
52,-144,2.09317
54,-144,1.36758
56,-144,0.591789
58,-144,-0.216443
60,-144,-1.01383
62,-144,-1.74428
64,-144,-2.36749
66,-144,-2.88493
68,-144,-3.33959
70,-144,-3.78953
72,-144,-4.27931
74,-144,-4.82731
76,-144,-5.42979
78,-144,-6.07557
80,-144,-6.76373
82,-144,-7.5164
84,-144,-8.38073
86,-144,-9.42066
88,-144,-10.7007
90,-144,-12.2528
92,-144,-13.9845
94,-144,-15.4751
96,-144,-15.9712
98,-144,-15.3193
100,-144,-14.2746
102,-144,-13.4683
104,-144,-13.153
106,-144,-13.4231
108,-144,-14.3337
110,-144,-15.8584
112,-144,-17.4359
114,-144,-17.2074
116,-144,-14.7618
118,-144,-12.0505
120,-144,-9.90152
122,-144,-8.38514
124,-144,-7.43998
126,-144,-7.00619
128,-144,-7.04598
130,-144,-7.54938
132,-144,-8.53889
134,-144,-10.0707
136,-144,-12.2259
138,-144,-15.0583
140,-144,-18.3032
142,-144,-20.3928
144,-144,-19.6047
146,-144,-17.5947
148,-144,-15.6919
150,-144,-14.0873
152,-144,-12.7418
154,-144,-11.5988
156,-144,-10.6095
158,-144,-9.74324
160,-144,-8.99155
162,-144,-8.3609
164,-144,-7.85914
166,-144,-7.48353
168,-144,-7.21486
170,-144,-7.01911
172,-144,-6.85906
174,-144,-6.71752
176,-144,-6.62242
178,-144,-6.65328
180,-144,-6.92188
-180,-142,-6.92188
-178,-142,-7.57441
-176,-142,-8.71057
-174,-142,-10.4537
-172,-142,-12.9537
-170,-142,-16.3407
-168,-142,-19.9652
-166,-142,-20.3994
-164,-142,-18.0624
-162,-142,-16.1051
-160,-142,-14.8857
-158,-142,-14.0736
-156,-142,-13.2458
-154,-142,-12.0658
-152,-142,-10.4979
-150,-142,-8.76843
-148,-142,-7.1249
-146,-142,-5.71983
-144,-142,-4.62299
-142,-142,-3.85556
-140,-142,-3.4095
-138,-142,-3.25154
-136,-142,-3.31719
-134,-142,-3.50475
-132,-142,-3.68806
-130,-142,-3.76134
-128,-142,-3.69006
-126,-142,-3.51241
-124,-142,-3.28959
-122,-142,-3.05978
-120,-142,-2.82649
-118,-142,-2.57274
-116,-142,-2.28409
-114,-142,-1.96611
-112,-142,-1.64694
-110,-142,-1.36603
-108,-142,-1.15976
-106,-142,-1.05245
-104,-142,-1.05413
-102,-142,-1.16212
-100,-142,-1.36347
-98,-142,-1.63675
-96,-142,-1.95336
-94,-142,-2.27911
-92,-142,-2.57773
-90,-142,-2.81699
-88,-142,-2.97598
-86,-142,-3.05013
-84,-142,-3.05047
-82,-142,-2.99723
-80,-142,-2.91141
-78,-142,-2.80834
-76,-142,-2.6951
-74,-142,-2.57172
-72,-142,-2.43451
-70,-142,-2.27974
-68,-142,-2.1055
-66,-142,-1.91112
-64,-142,-1.69527
-62,-142,-1.4551
-60,-142,-1.18812
-58,-142,-0.895406
-56,-142,-0.58353
-54,-142,-0.262619
-52,-142,0.0589534
-50,-142,0.380989
-48,-142,0.715592
-46,-142,1.08498
-44,-142,1.51055
-42,-142,1.9977
-40,-142,2.52843
-38,-142,3.06958
-36,-142,3.59065
-34,-142,4.07837
-32,-142,4.54045
-30,-142,4.99794
-28,-142,5.47089
-26,-142,5.96532
-24,-142,6.4693
-22,-142,6.95895
-20,-142,7.40818
-18,-142,7.79616
-16,-142,8.11086
-14,-142,8.34929
-12,-142,8.51544
-10,-142,8.61624
-8,-142,8.65685
-6,-142,8.63711
-4,-142,8.55172
-2,-142,8.39428
0,-142,8.16368
2,-142,7.86995
4,-142,7.53716
6,-142,7.20155
8,-142,6.90393
10,-142,6.67757
12,-142,6.53648
14,-142,6.47128
16,-142,6.45549
18,-142,6.45756
20,-142,6.45149
22,-142,6.4224
24,-142,6.3676
26,-142,6.29469
28,-142,6.21643
30,-142,6.14282
32,-142,6.07242
34,-142,5.98768
36,-142,5.85827
38,-142,5.65126
40,-142,5.34291
42,-142,4.92674
44,-142,4.41492
46,-142,3.83226
48,-142,3.20459
50,-142,2.54667
52,-142,1.85718
54,-142,1.1252
56,-142,0.345114
58,-142,-0.468497
60,-142,-1.2746
62,-142,-2.01567
64,-142,-2.64494
66,-142,-3.15532
68,-142,-3.58388
70,-142,-3.98722
72,-142,-4.41097
74,-142,-4.87491
76,-142,-5.37661
78,-142,-5.90685
80,-142,-6.46752
82,-142,-7.08297
84,-142,-7.79967
86,-142,-8.67671
88,-142,-9.77176
90,-142,-11.1194
92,-142,-12.68
94,-142,-14.2228
96,-142,-15.2241
98,-142,-15.2526
100,-142,-14.6141
102,-142,-13.9444
104,-142,-13.6383
106,-142,-13.8792
108,-142,-14.7797
110,-142,-16.3937
112,-142,-18.2864
114,-142,-18.3032
116,-142,-15.586
118,-142,-12.5848
120,-142,-10.2481
122,-142,-8.59699
124,-142,-7.53477
126,-142,-6.9835
128,-142,-6.89858
130,-142,-7.27105
132,-142,-8.12926
134,-142,-9.53752
136,-142,-11.5891
138,-142,-14.371
140,-142,-17.7271
142,-142,-20.1734
144,-142,-19.4362
146,-142,-17.2337
148,-142,-15.2107
150,-142,-13.5763
152,-142,-12.2672
154,-142,-11.2055
156,-142,-10.3209
158,-142,-9.56078
160,-142,-8.89839
162,-142,-8.33071
164,-142,-7.86469
166,-142,-7.50205
168,-142,-7.23021
170,-142,-7.02224
172,-142,-6.84779
174,-142,-6.69579
176,-142,-6.59827
178,-142,-6.63627
180,-142,-6.92188
-180,-140,-6.92188
-178,-140,-7.60294
-176,-140,-8.78738
-174,-140,-10.6171
-172,-140,-13.2813
-170,-140,-16.9628
-168,-140,-20.6417
-166,-140,-19.9216
-164,-140,-17.0839
-162,-140,-15.0738
-160,-140,-13.8892
-158,-140,-13.1701
-156,-140,-12.5167
-154,-140,-11.5699
-152,-140,-10.2154
-150,-140,-8.63318
-148,-140,-7.08497
-146,-140,-5.75264
-144,-140,-4.72599
-142,-140,-4.03506
-140,-140,-3.67166
-138,-140,-3.59341
-136,-140,-3.7161
-134,-140,-3.90961
-132,-140,-4.02671
-130,-140,-3.97521
-128,-140,-3.77076
-126,-140,-3.50007
-124,-140,-3.23953
-122,-140,-3.01054
-120,-140,-2.7833
-118,-140,-2.50699
-116,-140,-2.14705
-114,-140,-1.70936
-112,-140,-1.2363
-110,-140,-0.783192
-108,-140,-0.39636
-106,-140,-0.103906
-104,-140,0.0836953
-102,-140,0.169361
-100,-140,0.165399
-98,-140,0.0907994
-96,-140,-0.0306502
-94,-140,-0.172493
-92,-140,-0.308853
-90,-140,-0.418801
-88,-140,-0.49048
-86,-140,-0.522969
-84,-140,-0.524671
-82,-140,-0.509009
-80,-140,-0.489563
-78,-140,-0.476574
-76,-140,-0.475558
-74,-140,-0.487678
-72,-140,-0.510988
-70,-140,-0.541658
-68,-140,-0.574665
-66,-140,-0.604006
-64,-140,-0.62304
-62,-140,-0.625482
-60,-140,-0.606747
-58,-140,-0.564496
-56,-140,-0.497365
-54,-140,-0.402361
-52,-140,-0.272351
-50,-140,-0.094654
-48,-140,0.148642
-46,-140,0.476689
-44,-140,0.900399
-42,-140,1.41153
-40,-140,1.98049
-38,-140,2.56766
-36,-140,3.14089
-34,-140,3.68753
-32,-140,4.21545
-30,-140,4.74367
-28,-140,5.28768
-26,-140,5.84794
-24,-140,6.40812
-22,-140,6.94236
-20,-140,7.42478
-18,-140,7.83592
-16,-140,8.16538
-14,-140,8.41152
-12,-140,8.57931
-10,-140,8.67651
-8,-140,8.70904
-6,-140,8.67778
-4,-140,8.5787
-2,-140,8.40705
0,-140,8.16368
2,-140,7.86086
4,-140,7.52494
6,-140,7.1941
8,-140,6.9099
10,-140,6.7044
12,-140,6.58844
14,-140,6.54841
16,-140,6.55393
18,-140,6.57075
20,-140,6.57133
22,-140,6.53993
24,-140,6.47316
26,-140,6.37803
28,-140,6.26759
30,-140,6.1539
32,-140,6.03982
34,-140,5.91331
36,-140,5.74862
38,-140,5.51483
40,-140,5.18746
42,-140,4.75753
44,-140,4.23437
46,-140,3.64102
48,-140,3.00338
50,-140,2.33768
52,-140,1.64395
54,-140,0.910805
56,-140,0.12964
58,-140,-0.689605
60,-140,-1.50984
62,-140,-2.27315
64,-140,-2.92545
66,-140,-3.44779
68,-140,-3.86751
70,-140,-4.238
72,-140,-4.60703
74,-140,-4.99857
76,-140,-5.41451
78,-140,-5.84936
80,-140,-6.30734
82,-140,-6.81253
84,-140,-7.40748
86,-140,-8.14376
88,-140,-9.06954
90,-140,-10.2142
92,-140,-11.5597
94,-140,-12.9802
96,-140,-14.1684
98,-140,-14.7356
100,-140,-14.6253
102,-140,-14.2263
104,-140,-13.9677
106,-140,-14.1137
108,-140,-14.8144
110,-140,-16.1284
112,-140,-17.7343
114,-140,-18.0555
116,-140,-15.9143
118,-140,-13.0933
120,-140,-10.75
122,-140,-9.0329
124,-140,-7.87527
126,-140,-7.20486
128,-140,-6.98021
130,-140,-7.19757
132,-140,-7.88992
134,-140,-9.12
136,-140,-10.9665
138,-140,-13.4817
140,-140,-16.4806
142,-140,-18.7548
144,-140,-18.4161
146,-140,-16.5138
148,-140,-14.6033
150,-140,-13.0328
152,-140,-11.7939
154,-140,-10.8217
156,-140,-10.0414
158,-140,-9.38605
160,-140,-8.81335
162,-140,-8.3099
164,-140,-7.88043
166,-140,-7.53053
168,-140,-7.25433
170,-140,-7.0323
172,-140,-6.84144
174,-140,-6.67714
176,-140,-6.57579
178,-140,-6.61994
180,-140,-6.92188
-180,-138,-6.92188
-178,-138,-7.63102
-176,-138,-8.8638
-174,-138,-10.782
-172,-138,-13.6193
-170,-138,-17.6164
-168,-138,-21.16
-166,-138,-19.2116
-164,-138,-16.0965
-162,-138,-14.0919
-160,-138,-12.9533
-158,-138,-12.3234
-156,-138,-11.837
-154,-138,-11.1289
-152,-138,-10.0101
-150,-138,-8.5986
-148,-138,-7.16219
-146,-138,-5.91555
-144,-138,-4.97357
-142,-138,-4.37892
-140,-138,-4.12622
-138,-138,-4.16561
-136,-138,-4.39123
-134,-138,-4.63716
-132,-138,-4.72756
-130,-138,-4.58694
-128,-138,-4.29053
-126,-138,-3.97611
-124,-138,-3.73294
-122,-138,-3.56314
-120,-138,-3.398
-118,-138,-3.14251
-116,-138,-2.73433
-114,-138,-2.18281
-112,-138,-1.55566
-110,-138,-0.933848
-108,-138,-0.378269
-106,-138,0.078348
-104,-138,0.425863
-102,-138,0.668765
-100,-138,0.820279
-98,-138,0.898821
-96,-138,0.925681
-94,-138,0.922799
-92,-138,0.910073
-90,-138,0.902506
-88,-138,0.908206
-86,-138,0.928246
-84,-138,0.958479
-82,-138,0.99238
-80,-138,1.02352
-78,-138,1.04674
-76,-138,1.05798
-74,-138,1.05355
-72,-138,1.0296
-70,-138,0.982604
-68,-138,0.910512
-66,-138,0.813827
-64,-138,0.69569
-62,-138,0.560704
-60,-138,0.413502
-58,-138,0.258925
-56,-138,0.104867
-54,-138,-0.0334506
-52,-138,-0.131015
-50,-138,-0.155103
-48,-138,-0.0721174
-46,-138,0.142653
-44,-138,0.495125
-42,-138,0.966991
-40,-138,1.52022
-38,-138,2.11128
-36,-138,2.7072
-34,-138,3.29478
-32,-138,3.87943
-30,-138,4.47494
-28,-138,5.08945
-26,-138,5.71606
-24,-138,6.33329
-22,-138,6.91319
-20,-138,7.4301
-18,-138,7.86593
-16,-138,8.21179
-14,-138,8.46731
-12,-138,8.63836
-10,-138,8.73339
-8,-138,8.75903
-6,-138,8.71711
-4,-138,8.60494
-2,-138,8.41949
0,-138,8.16368
2,-138,7.85215
4,-138,7.51366
6,-138,7.18828
8,-138,6.91815
10,-138,6.73383
12,-138,6.64271
14,-138,6.62688
16,-138,6.65225
18,-138,6.68221
20,-138,6.68806
22,-138,6.65346
24,-138,6.57448
26,-138,6.4575
28,-138,6.31545
30,-138,6.16193
32,-138,6.00363
34,-138,5.83402
36,-138,5.63255
38,-138,5.37121
40,-138,5.02547
42,-138,4.58414
44,-138,4.05364
46,-138,3.45499
48,-138,2.81377
50,-138,2.14738
52,-138,1.45684
54,-138,0.729669
56,-138,-0.0467845
58,-138,-0.868916
60,-138,-1.70583
62,-138,-2.50142
64,-138,-3.19484
66,-138,-3.75279
68,-138,-4.18877
70,-138,-4.5504
72,-138,-4.88804
74,-138,-5.2322
76,-138,-5.59118
78,-138,-5.96342
80,-138,-6.3536
82,-138,-6.78271
84,-138,-7.2875
86,-138,-7.91194
88,-138,-8.69592
90,-138,-9.66301
92,-138,-10.8022
94,-138,-12.0345
96,-138,-13.1706
98,-138,-13.9331
100,-138,-14.1577
102,-138,-13.9922
104,-138,-13.7653
106,-138,-13.7559
108,-138,-14.1304
110,-138,-14.9422
112,-138,-16.007
114,-138,-16.5533
116,-138,-15.5784
118,-138,-13.5168
120,-138,-11.424
122,-138,-9.72822
124,-138,-8.48805
126,-138,-7.67627
128,-138,-7.27363
130,-138,-7.29202
132,-138,-7.77266
134,-138,-8.77323
136,-138,-10.3474
138,-138,-12.4958
140,-138,-14.992
142,-138,-16.9279
144,-138,-16.9912
146,-138,-15.5886
148,-138,-13.9249
150,-138,-12.4792
152,-138,-11.3332
154,-138,-10.4555
156,-138,-9.77717
158,-138,-9.22352
160,-138,-8.73887
162,-138,-8.29932
164,-138,-7.90625
166,-138,-7.56842
168,-138,-7.28653
170,-138,-7.04868
172,-138,-6.83956
174,-138,-6.66135
176,-138,-6.55491
178,-138,-6.60429
180,-138,-6.92188
-180,-136,-6.92188
-178,-136,-7.65859
-176,-136,-8.93965
-174,-136,-10.9481
-172,-136,-13.9677
-170,-136,-18.3012
-168,-136,-21.4514
-166,-136,-18.3781
-164,-136,-15.1453
-162,-136,-13.1744
-160,-136,-12.0841
-158,-136,-11.5362
-156,-136,-11.2061
-154,-136,-10.7376
-152,-136,-9.8761
-150,-136,-8.66176
-148,-136,-7.35534
-146,-136,-6.20702
-144,-136,-5.36328
-142,-136,-4.88499
-140,-136,-4.77459
-138,-136,-4.97927
-136,-136,-5.37124
-134,-136,-5.73638
-132,-136,-5.85021
-130,-136,-5.65042
-128,-136,-5.28747
-126,-136,-4.96303
-124,-136,-4.78567
-122,-136,-4.74189
-120,-136,-4.7189
-118,-136,-4.55696
-116,-136,-4.14234
-114,-136,-3.48529
-112,-136,-2.69637
-110,-136,-1.89938
-108,-136,-1.17765
-106,-136,-0.569963
-104,-136,-0.0851346
-102,-136,0.284592
-100,-136,0.55537
-98,-136,0.747448
-96,-136,0.882596
-94,-136,0.981869
-92,-136,1.06329
-90,-136,1.13991
-88,-136,1.21909
-86,-136,1.30332
-84,-136,1.39223
-82,-136,1.48449
-80,-136,1.57864
-78,-136,1.67246
-76,-136,1.76155
-74,-136,1.83833
-72,-136,1.89249
-70,-136,1.91312
-68,-136,1.8914
-66,-136,1.82271
-64,-136,1.70702
-62,-136,1.54731
-60,-136,1.34771
-58,-136,1.11309
-56,-136,0.852129
-54,-136,0.58268
-52,-136,0.335969
-50,-136,0.155067
-48,-136,0.0854685
-46,-136,0.160711
-44,-136,0.390453
-42,-136,0.758063
-40,-136,1.22909
-38,-136,1.76556
-36,-136,2.33881
-34,-136,2.9359
-32,-136,3.55758
-30,-136,4.20885
-28,-136,4.88729
-26,-136,5.5765
-24,-136,6.24882
-22,-136,6.87369
-20,-136,7.42537
-18,-136,7.88683
-16,-136,8.25042
-14,-136,8.51681
-12,-136,8.69262
-10,-136,8.78684
-8,-136,8.80675
-6,-136,8.75506
-4,-136,8.63042
-2,-136,8.43158
0,-136,8.16368
2,-136,7.84383
4,-136,7.50329
6,-136,7.18398
8,-136,6.92842
10,-136,6.76544
12,-136,6.69869
14,-136,6.70598
16,-136,6.74977
18,-136,6.79146
20,-136,6.8015
22,-136,6.76323
24,-136,6.67231
26,-136,6.53446
28,-136,6.36218
30,-136,6.16995
32,-136,5.96768
34,-136,5.75411
36,-136,5.51435
38,-136,5.22415
40,-136,4.85977
42,-136,4.40823
44,-136,3.87314
46,-136,3.27325
48,-136,2.63365
50,-136,1.97278
52,-136,1.2926
54,-136,0.57926
56,-136,-0.184766
58,-136,-1.00379
60,-136,-1.85557
62,-136,-2.68893
64,-136,-3.43856
66,-136,-4.05603
68,-136,-4.53697
70,-136,-4.9194
72,-136,-5.25529
74,-136,-5.58294
76,-136,-5.9181
78,-136,-6.2624
80,-136,-6.61834
82,-136,-7.00072
84,-136,-7.43846
86,-136,-7.96768
88,-136,-8.62098
90,-136,-9.41595
92,-136,-10.3412
94,-136,-11.336
96,-136,-12.2675
98,-136,-12.9441
100,-136,-13.2213
102,-136,-13.1425
104,-136,-12.9206
106,-136,-12.7911
108,-136,-12.9187
110,-136,-13.3751
112,-136,-14.0981
114,-136,-14.7689
116,-136,-14.7778
118,-136,-13.7984
120,-136,-12.26
122,-136,-10.7061
124,-136,-9.38871
126,-136,-8.38822
128,-136,-7.74542
130,-136,-7.50789
132,-136,-7.73152
134,-136,-8.46778
136,-136,-9.74409
138,-136,-11.5202
140,-136,-13.5633
142,-136,-15.2061
144,-136,-15.5385
146,-136,-14.601
148,-136,-13.2242
150,-136,-11.9337
152,-136,-10.8942
154,-136,-10.1132
156,-136,-9.53356
158,-136,-9.07699
160,-136,-8.67708
162,-136,-8.29966
164,-136,-7.94194
166,-136,-7.61509
168,-136,-7.32607
170,-136,-7.07073
172,-136,-6.84169
174,-136,-6.64816
176,-136,-6.53553
178,-136,-6.5893
180,-136,-6.92188
-180,-134,-6.92188
-178,-134,-7.68559
-176,-134,-9.01475
-174,-134,-11.1151
-172,-134,-14.3266
-170,-134,-19.0158
-168,-134,-21.4753
-166,-134,-17.5055
-164,-134,-14.2519
-162,-134,-12.3265
-160,-134,-11.2824
-158,-134,-10.8085
-156,-134,-10.6224
-154,-134,-10.3905
-152,-134,-9.80642
-150,-134,-8.81875
-148,-134,-7.6628
-146,-134,-6.62507
-144,-134,-5.89195
-142,-134,-5.5503
-140,-134,-5.61878
-138,-134,-6.05171
-136,-134,-6.70535
-134,-134,-7.29935
-132,-134,-7.51269
-130,-134,-7.27594
-128,-134,-6.8472
-126,-134,-6.52369
-124,-134,-6.44895
-122,-134,-6.60569
-120,-134,-6.83915
-118,-134,-6.89332
-116,-134,-6.54492
-114,-134,-5.78459
-112,-134,-4.79933
-110,-134,-3.79129
-108,-134,-2.88036
-106,-134,-2.11302
-104,-134,-1.49495
-102,-134,-1.01301
-100,-134,-0.64588
-98,-134,-0.368731
-96,-134,-0.155653
-94,-134,0.0180494
-92,-134,0.173401
-90,-134,0.325804
-88,-134,0.484579
-86,-134,0.654262
-84,-134,0.836792
-82,-134,1.03307
-80,-134,1.2428
-78,-134,1.46269
-76,-134,1.68448
-74,-134,1.89447
-72,-134,2.07546
-70,-134,2.21042
-68,-134,2.28637
-66,-134,2.29683
-64,-134,2.24177
-62,-134,2.12554
-60,-134,1.9539
-58,-134,1.73281
-56,-134,1.47071
-54,-134,1.18386
-52,-134,0.901117
-50,-134,0.663369
-48,-134,0.514582
-46,-134,0.487778
-44,-134,0.59482
-42,-134,0.827172
-40,-134,1.16554
-38,-134,1.59041
-36,-134,2.08809
-34,-134,2.652
-32,-134,3.2796
-30,-134,3.96545
-28,-134,4.6939
-26,-134,5.43688
-24,-134,6.15907
-22,-134,6.8263
-20,-134,7.41193
-18,-134,7.89933
-16,-134,8.28163
-14,-134,8.56019
-12,-134,8.74213
-10,-134,8.83686
-8,-134,8.85215
-6,-134,8.79157
-4,-134,8.65509
-2,-134,8.44331
0,-134,8.16368
2,-134,7.83591
4,-134,7.49378
6,-134,7.18106
8,-134,6.94047
10,-134,6.79877
12,-134,6.75578
14,-134,6.78506
16,-134,6.84592
18,-134,6.89809
20,-134,6.91155
22,-134,6.86953
24,-134,6.76743
26,-134,6.61031
28,-134,6.40994
30,-134,6.18108
32,-134,5.93604
34,-134,5.67839
36,-134,5.39901
38,-134,5.07819
40,-134,4.69383
42,-134,4.23175
44,-134,3.69284
46,-134,3.09347
48,-134,2.45811
50,-134,1.80639
52,-134,1.14154
54,-134,0.448545
56,-134,-0.295378
58,-134,-1.10361
60,-134,-1.96474
62,-134,-2.83581
64,-134,-3.65059
66,-134,-4.34654
68,-134,-4.89816
70,-134,-5.32886
72,-134,-5.6896
74,-134,-6.02664
76,-134,-6.364
78,-134,-6.70584
80,-134,-7.04986
82,-134,-7.40095
84,-134,-7.77695
86,-134,-8.20466
88,-134,-8.70963
90,-134,-9.30458
92,-134,-9.97779
94,-134,-10.6811
96,-134,-11.322
98,-134,-11.7795
100,-134,-11.9649
102,-134,-11.8966
104,-134,-11.705
106,-134,-11.5598
108,-134,-11.601
110,-134,-11.9093
112,-134,-12.4892
114,-134,-13.2289
116,-134,-13.8387
118,-134,-13.9009
120,-134,-13.2049
122,-134,-11.9714
124,-134,-10.5792
126,-134,-9.3119
128,-134,-8.34667
130,-134,-7.79681
132,-134,-7.73471
134,-134,-8.19935
136,-134,-9.19096
138,-134,-10.6408
140,-134,-12.3278
142,-134,-13.7464
144,-134,-14.2277
146,-134,-13.6439
148,-134,-12.5374
150,-134,-11.4108
152,-134,-10.4842
154,-134,-9.80004
156,-134,-9.31474
158,-134,-8.94959
160,-134,-8.62973
162,-134,-8.31144
164,-134,-7.98722
166,-134,-7.66983
168,-134,-7.37216
170,-134,-7.09777
172,-134,-6.84736
174,-134,-6.63731
176,-134,-6.51757
178,-134,-6.57497
180,-134,-6.92188
-180,-132,-6.92188
-178,-132,-7.71198
-176,-132,-9.08891
-174,-132,-11.2826
-172,-132,-14.6959
-170,-132,-19.757
-168,-132,-21.2401
-166,-132,-16.6464
-164,-132,-13.4249
-162,-132,-11.5483
-160,-132,-10.547
-158,-132,-10.1392
-156,-132,-10.0845
-154,-132,-10.0825
-152,-132,-9.79376
-150,-132,-9.06587
-148,-132,-8.08397
-146,-132,-7.16862
-144,-132,-6.55658
-142,-132,-6.37146
-140,-132,-6.66104
-138,-132,-7.4074
-136,-132,-8.47548
-134,-132,-9.50128
-132,-132,-9.94733
-130,-132,-9.6608
-128,-132,-9.097
-126,-132,-8.72764
-124,-132,-8.75265
-122,-132,-9.16869
-120,-132,-9.80809
-118,-132,-10.3058
-116,-132,-10.2039
-114,-132,-9.36745
-112,-132,-8.11492
-110,-132,-6.81062
-108,-132,-5.64176
-106,-132,-4.66592
-104,-132,-3.88399
-102,-132,-3.27629
-100,-132,-2.81544
-98,-132,-2.47002
-96,-132,-2.2059
-94,-132,-1.98817
-92,-132,-1.78448
-90,-132,-1.56882
-88,-132,-1.324
-86,-132,-1.04153
-84,-132,-0.719358
-82,-132,-0.359795
-80,-132,0.0309747
-78,-132,0.441679
-76,-132,0.854976
-74,-132,1.24853
-72,-132,1.59854
-70,-132,1.88435
-68,-132,2.09247
-66,-132,2.21835
-64,-132,2.26556
-62,-132,2.2425
-60,-132,2.15836
-58,-132,2.0209
-56,-132,1.83811
-54,-132,1.62328
-52,-132,1.3997
-50,-132,1.20015
-48,-132,1.05867
-46,-132,0.998939
-44,-132,1.02818
-42,-132,1.14243
-40,-132,1.33811
-38,-132,1.61954
-36,-132,1.99769
-34,-132,2.48283
-32,-132,3.0766
-30,-132,3.76626
-28,-132,4.52289
-26,-132,5.30527
-24,-132,6.06863
-22,-132,6.77357
-20,-132,7.39118
-18,-132,7.90422
-16,-132,8.30586
-14,-132,8.59769
-12,-132,8.78702
-10,-132,8.88347
-8,-132,8.89522
-6,-132,8.82659
-4,-132,8.6789
-2,-132,8.45465
0,-132,8.16368
2,-132,7.82838
4,-132,7.48511
6,-132,7.17942
8,-132,6.95403
10,-132,6.83341
12,-132,6.81342
14,-132,6.86352
16,-132,6.94016
18,-132,7.0018
20,-132,7.01817
22,-132,6.97267
24,-132,6.8606
26,-132,6.68634
28,-132,6.46077
30,-132,6.19831
32,-132,5.91281
34,-132,5.61188
36,-132,5.29206
38,-132,4.93866
40,-132,4.53203
42,-132,4.0574
44,-132,3.51315
46,-132,2.91317
48,-132,2.28119
50,-132,1.63835
52,-132,0.989869
54,-132,0.320267
56,-132,-0.398279
58,-132,-1.18878
60,-132,-2.05216
62,-132,-2.9564
64,-132,-3.8381
66,-132,-4.62299
68,-132,-5.26222
70,-132,-5.75894
72,-132,-6.15902
74,-132,-6.51626
76,-132,-6.86412
78,-132,-7.20952
80,-132,-7.5435
82,-132,-7.85765
84,-132,-8.15587
86,-132,-8.45561
88,-132,-8.7797
90,-132,-9.14464
92,-132,-9.54994
94,-132,-9.97041
96,-132,-10.3536
98,-132,-10.6301
100,-132,-10.7454
102,-132,-10.7012
104,-132,-10.5704
106,-132,-10.4673
108,-132,-10.5035
110,-132,-10.7595
112,-132,-11.2737
114,-132,-12.0347
116,-132,-12.956
118,-132,-13.8055
120,-132,-14.127
122,-132,-13.48
124,-132,-12.0302
126,-132,-10.3893
128,-132,-9.01692
130,-132,-8.12109
132,-132,-7.77491
134,-132,-7.98963
136,-132,-8.73404
138,-132,-9.9167
140,-132,-11.3289
142,-132,-12.5662
144,-132,-13.1083
146,-132,-12.7664
148,-132,-11.8893
150,-132,-10.9217
152,-132,-10.1089
154,-132,-9.51992
156,-132,-9.12395
158,-132,-8.84374
160,-132,-8.59816
162,-132,-8.33495
164,-132,-8.04162
166,-132,-7.73187
168,-132,-7.42398
170,-132,-7.12909
172,-132,-6.85609
174,-132,-6.62856
176,-132,-6.50094
178,-132,-6.5613
180,-132,-6.92188
-180,-130,-6.92188
-178,-130,-7.73769
-176,-130,-9.16194
-174,-130,-11.45
-172,-130,-15.0755
-170,-130,-20.5188
-168,-130,-20.7987
-166,-130,-15.8297
-164,-130,-12.6659
-162,-130,-10.8374
-160,-130,-9.87551
-158,-130,-9.52667
-156,-130,-9.59091
-154,-130,-9.80931
-152,-130,-9.83091
-150,-130,-9.4
-148,-130,-8.62021
-146,-130,-7.83833
-144,-130,-7.35443
-142,-130,-7.34325
-140,-130,-7.90017
-138,-130,-9.07336
-136,-130,-10.8129
-134,-130,-12.7063
-132,-130,-13.6419
-130,-130,-13.0506
-128,-130,-11.9904
-126,-130,-11.3166
-124,-130,-11.2369
-122,-130,-11.7114
-120,-130,-12.5892
-118,-130,-13.5628
-116,-130,-14.1011
-114,-130,-13.7245
-112,-130,-12.5436
-110,-130,-11.0519
-108,-130,-9.60361
-106,-130,-8.3449
-104,-130,-7.31669
-102,-130,-6.51773
-100,-130,-5.92816
-98,-130,-5.51607
-96,-130,-5.23836
-94,-130,-5.0412
-92,-130,-4.86363
-90,-130,-4.64621
-88,-130,-4.34307
-86,-130,-3.93165
-84,-130,-3.41381
-82,-130,-2.80912
-80,-130,-2.14651
-78,-130,-1.45875
-76,-130,-0.779724
-74,-130,-0.142094
-72,-130,0.426023
-70,-130,0.904606
-68,-130,1.28428
-66,-130,1.56672
-64,-130,1.76223
-62,-130,1.88498
-60,-130,1.94759
-58,-130,1.95824
-56,-130,1.9226
-54,-130,1.84937
-52,-130,1.75512
-50,-130,1.66348
-48,-130,1.59736
-46,-130,1.56936
-44,-130,1.57928
-42,-130,1.62269
-40,-130,1.70456
-38,-130,1.84727
-36,-130,2.08653
-34,-130,2.457
-32,-130,2.97568
-30,-130,3.63178
-28,-130,4.38771
-26,-130,5.18972
-24,-130,5.98209
-22,-130,6.71806
-20,-130,7.36458
-18,-130,7.90233
-16,-130,8.3236
-14,-130,8.62956
-12,-130,8.8274
-10,-130,8.92672
-8,-130,8.93593
-6,-130,8.86009
-4,-130,8.70182
-2,-130,8.46559
0,-130,8.16368
2,-130,7.82123
4,-130,7.47724
6,-130,7.17891
8,-130,6.96883
10,-130,6.86895
12,-130,6.87108
14,-130,6.9408
16,-130,7.03204
18,-130,7.10229
20,-130,7.12136
22,-130,7.07296
24,-130,6.95245
26,-130,6.76368
28,-130,6.51641
30,-130,6.22427
32,-130,5.90174
34,-130,5.55952
36,-130,5.19924
38,-130,4.81148
40,-130,4.3797
42,-130,3.88916
44,-130,3.33593
46,-130,2.73128
48,-130,2.09814
50,-130,1.45945
52,-130,0.823493
54,-130,0.175592
56,-130,-0.516227
58,-130,-1.28448
60,-130,-2.14309
62,-130,-3.07294
64,-130,-4.01689
66,-130,-4.89218
68,-130,-5.62574
70,-130,-6.19471
72,-130,-6.63475
74,-130,-7.00651
76,-130,-7.35497
78,-130,-7.69141
80,-130,-7.99997
82,-130,-8.25765
84,-130,-8.45495
86,-130,-8.60558
88,-130,-8.74075
90,-130,-8.89461
92,-130,-9.08975
94,-130,-9.32696
96,-130,-9.57991
98,-130,-9.79821
100,-130,-9.92606
102,-130,-9.93654
104,-130,-9.85977
106,-130,-9.77748
108,-130,-9.78945
110,-130,-9.98248
112,-130,-10.4194
114,-130,-11.1442
116,-130,-12.1851
118,-130,-13.5091
120,-130,-14.7909
122,-130,-15.0471
124,-130,-13.625
126,-130,-11.5157
128,-130,-9.69313
130,-130,-8.46523
132,-130,-7.87106
134,-130,-7.87736
136,-130,-8.41878
138,-130,-9.38399
140,-130,-10.5724
142,-130,-11.6445
144,-130,-12.1818
146,-130,-11.99
148,-130,-11.2958
150,-130,-10.4747
152,-130,-9.77302
154,-130,-9.27606
156,-130,-8.96367
158,-130,-8.76123
160,-130,-8.58326
162,-130,-8.3702
164,-130,-8.10455
166,-130,-7.80032
168,-130,-7.48062
170,-130,-7.16396
172,-130,-6.86738
174,-130,-6.62165
176,-130,-6.48555
178,-130,-6.54827
180,-130,-6.92188
-180,-128,-6.92188
-178,-128,-7.76268
-176,-128,-9.23364
-174,-128,-11.617
-172,-128,-15.4652
-170,-128,-21.2915
-168,-128,-20.2239
-166,-128,-15.069
-164,-128,-11.9734
-162,-128,-10.1907
-160,-128,-9.26491
-158,-128,-8.96887
-156,-128,-9.14013
-154,-128,-9.56695
-152,-128,-9.91018
-150,-128,-9.81817
-148,-128,-9.27525
-146,-128,-8.63694
-144,-128,-8.28216
-142,-128,-8.45537
-140,-128,-9.32293
-138,-128,-11.0614
-136,-128,-13.9159
-134,-128,-17.8785
-132,-128,-19.5732
-130,-128,-16.6403
-128,-128,-14.0268
-126,-128,-12.5255
-124,-128,-11.817
-122,-128,-11.6157
-120,-128,-11.7172
-118,-128,-11.9987
-116,-128,-12.4032
-114,-128,-12.8726
-112,-128,-13.2502
-110,-128,-13.2583
-108,-128,-12.7001
-106,-128,-11.7041
-104,-128,-10.5913
-102,-128,-9.61078
-100,-128,-8.8792
-98,-128,-8.42615
-96,-128,-8.23316
-94,-128,-8.2469
-92,-128,-8.37676
-90,-128,-8.49136
-88,-128,-8.43706
-86,-128,-8.0947
-84,-128,-7.44058
-82,-128,-6.54555
-80,-128,-5.51668
-78,-128,-4.44835
-76,-128,-3.40882
-74,-128,-2.44451
-72,-128,-1.58514
-70,-128,-0.845743
-68,-128,-0.22727
-66,-128,0.281446
-64,-128,0.699024
-62,-128,1.04452
-60,-128,1.33088
-58,-128,1.56271
-56,-128,1.74023
-54,-128,1.86646
-52,-128,1.95224
-50,-128,2.01447
-48,-128,2.06814
-46,-128,2.11806
-44,-128,2.15839
-42,-128,2.18259
-40,-128,2.19778
-38,-128,2.23429
-36,-128,2.34367
-34,-128,2.58342
-32,-128,2.99374
-30,-128,3.57812
-28,-128,4.30015
-26,-128,5.0977
-24,-128,5.90383
-22,-128,6.66227
-20,-128,7.33355
-18,-128,7.89452
-16,-128,8.33535
-14,-128,8.65613
-12,-128,8.86345
-10,-128,8.96667
-8,-128,8.97429
-6,-128,8.89203
-4,-128,8.72383
-2,-128,8.47611
0,-128,8.16368
2,-128,7.81448
4,-128,7.47012
6,-128,7.17943
8,-128,6.98461
10,-128,6.90498
12,-128,6.92828
14,-128,7.01642
16,-128,7.12115
18,-128,7.19934
20,-128,7.22107
22,-128,7.1706
24,-128,7.04349
26,-128,6.84313
28,-128,6.57817
30,-128,6.26098
32,-128,5.9059
34,-128,5.52559
36,-128,5.12599
38,-128,4.70275
40,-128,4.24292
42,-128,3.73235
44,-128,3.16506
46,-128,2.54952
48,-128,1.90756
50,-128,1.26429
52,-128,0.63224
54,-128,-0.000473819
56,-128,-0.668223
58,-128,-1.41202
60,-128,-2.25877
62,-128,-3.20346
64,-128,-4.19852
66,-128,-5.15736
68,-128,-5.9842
70,-128,-6.62564
72,-128,-7.10129
74,-128,-7.47803
76,-128,-7.81593
78,-128,-8.13439
80,-128,-8.41211
82,-128,-8.61116
84,-128,-8.70991
86,-128,-8.72433
88,-128,-8.70381
90,-128,-8.70866
92,-128,-8.78698
94,-128,-8.95958
96,-128,-9.21095
98,-128,-9.48572
100,-128,-9.69982
102,-128,-9.77915
104,-128,-9.71285
106,-128,-9.57235
108,-128,-9.47486
110,-128,-9.53448
112,-128,-9.84204
114,-128,-10.4739
116,-128,-11.511
118,-128,-13.0315
120,-128,-14.9364
122,-128,-16.1997
124,-128,-15.0445
126,-128,-12.5245
128,-128,-10.3221
130,-128,-8.83868
132,-128,-8.05957
134,-128,-7.90568
136,-128,-8.28186
138,-128,-9.0608
140,-128,-10.048
142,-128,-10.9513
144,-128,-11.4326
146,-128,-11.3204
148,-128,-10.766
150,-128,-10.0762
152,-128,-9.4805
154,-128,-9.07099
156,-128,-8.83574
158,-128,-8.70329
160,-128,-8.58556
162,-128,-8.41695
164,-128,-8.17525
166,-128,-7.87419
168,-128,-7.54112
170,-128,-7.2016
172,-128,-6.88073
174,-128,-6.61632
176,-128,-6.47132
178,-128,-6.53589
180,-128,-6.92188
-180,-126,-6.92188
-178,-126,-7.78688
-176,-126,-9.30381
-174,-126,-11.783
-172,-126,-15.8647
-170,-126,-22.06
-168,-126,-19.5825
-166,-126,-14.3692
-164,-126,-11.3442
-162,-126,-9.60448
-160,-126,-8.71199
-158,-126,-8.4633
-156,-126,-8.73016
-154,-126,-9.35111
-152,-126,-10.0223
-150,-126,-10.316
-148,-126,-10.0548
-146,-126,-9.56882
-144,-126,-9.33364
-142,-126,-9.6867
-140,-126,-10.8881
-138,-126,-13.3144
-136,-126,-17.9478
-134,-126,-29.6252
-132,-126,-22.3716
-130,-126,-15.8175
-128,-126,-12.6785
-126,-126,-10.9001
-124,-126,-9.83856
-122,-126,-9.19351
-120,-126,-8.82139
-118,-126,-8.67692
-116,-126,-8.763
-114,-126,-9.07584
-112,-126,-9.55202
-110,-126,-10.0252
-108,-126,-10.243
-106,-126,-10.0253
-104,-126,-9.44254
-102,-126,-8.73999
-100,-126,-8.13937
-98,-126,-7.76532
-96,-126,-7.66777
-94,-126,-7.85286
-92,-126,-8.29638
-90,-126,-8.94031
-88,-126,-9.67593
-86,-126,-10.3245
-84,-126,-10.6513
-82,-126,-10.4628
-80,-126,-9.73689
-78,-126,-8.62445
-76,-126,-7.32716
-74,-126,-6.00493
-72,-126,-4.75583
-70,-126,-3.62684
-68,-126,-2.62881
-66,-126,-1.75042
-64,-126,-0.971668
-62,-126,-0.275866
-60,-126,0.343428
-58,-126,0.883327
-56,-126,1.33889
-54,-126,1.71125
-52,-126,2.01089
-50,-126,2.25373
-48,-126,2.45226
-46,-126,2.60818
-44,-126,2.71337
-42,-126,2.75995
-40,-126,2.75424
-38,-126,2.727
-36,-126,2.73479
-34,-126,2.84912
-32,-126,3.13307
-30,-126,3.61389
-28,-126,4.2688
-26,-126,5.03544
-24,-126,5.83776
-22,-126,6.60855
-20,-126,7.29951
-18,-126,7.88164
-16,-126,8.34166
-14,-126,8.67772
-12,-126,8.89536
-10,-126,9.00339
-8,-126,9.01031
-6,-126,8.9224
-4,-126,8.74488
-2,-126,8.48619
0,-126,8.16368
2,-126,7.80812
4,-126,7.46372
6,-126,7.18083
8,-126,7.00113
10,-126,6.94111
12,-126,6.98455
14,-126,7.08991
16,-126,7.20711
18,-126,7.29271
20,-126,7.31726
22,-126,7.2657
24,-126,7.13398
26,-126,6.92514
28,-126,6.64674
30,-126,6.30966
32,-126,5.92733
34,-126,5.51333
36,-126,5.07684
38,-126,4.61812
40,-126,4.12802
42,-126,3.59346
44,-126,3.00667
46,-126,2.37311
48,-126,1.71301
50,-126,1.05367
52,-126,0.413266
54,-126,-0.214669
56,-126,-0.864015
58,-126,-1.58223
60,-126,-2.40826
62,-126,-3.35192
64,-126,-4.37856
66,-126,-5.40432
68,-126,-6.31692
70,-126,-7.03168
72,-126,-7.54643
74,-126,-7.93241
76,-126,-8.26944
78,-126,-8.59147
80,-126,-8.87457
82,-126,-9.06204
84,-126,-9.11194
86,-126,-9.03783
88,-126,-8.90972
90,-126,-8.81939
92,-126,-8.84387
94,-126,-9.02418
96,-126,-9.35245
98,-126,-9.75849
100,-126,-10.1066
102,-126,-10.2425
104,-126,-10.1024
106,-126,-9.77959
108,-126,-9.45693
110,-126,-9.30282
112,-126,-9.43562
114,-126,-9.9418
116,-126,-10.9067
118,-126,-12.4263
120,-126,-14.4981
122,-126,-16.3372
124,-126,-15.7463
126,-126,-13.2152
128,-126,-10.8709
130,-126,-9.267
132,-126,-8.38087
134,-126,-8.11175
136,-126,-8.34726
138,-126,-8.95063
140,-126,-9.73575
142,-126,-10.4535
144,-126,-10.8385
146,-126,-10.7545
148,-126,-10.3047
150,-126,-9.7307
152,-126,-9.23435
154,-126,-8.90671
156,-126,-8.74148
158,-126,-8.6707
160,-126,-8.60517
162,-126,-8.47474
164,-126,-8.25281
166,-126,-7.9524
168,-126,-7.60447
170,-126,-7.24123
172,-126,-6.89562
174,-126,-6.61231
176,-126,-6.45815
178,-126,-6.52413
180,-126,-6.92188
-180,-124,-6.92188
-178,-124,-7.81025
-176,-124,-9.37223
-174,-124,-11.9474
-172,-124,-16.2733
-170,-124,-22.803
-168,-124,-18.9245
-166,-124,-13.7307
-164,-124,-10.7748
-162,-124,-9.07503
-160,-124,-8.21331
-158,-124,-8.00698
-156,-124,-8.35825
-154,-124,-9.15648
-152,-124,-10.1549
-150,-124,-10.8844
-148,-124,-10.9649
-146,-124,-10.638
-144,-124,-10.4951
-142,-124,-10.9955
-140,-124,-12.5003
-138,-124,-15.573
-136,-124,-21.6608
-134,-124,-24.2467
-132,-124,-16.7225
-130,-124,-12.628
-128,-124,-10.2099
-126,-124,-8.6791
-124,-124,-7.67786
-122,-124,-7.01852
-120,-124,-6.60822
-118,-124,-6.4115
-116,-124,-6.41453
-114,-124,-6.58896
-112,-124,-6.86104
-110,-124,-7.09844
-108,-124,-7.14392
-106,-124,-6.90839
-104,-124,-6.44208
-102,-124,-5.89097
-100,-124,-5.40039
-98,-124,-5.06593
-96,-124,-4.93413
-94,-124,-5.01739
-92,-124,-5.30601
-90,-124,-5.77564
-88,-124,-6.39364
-86,-124,-7.127
-84,-124,-7.95061
-82,-124,-8.84567
-80,-124,-9.76993
-78,-124,-10.5826
-76,-124,-10.9668
-74,-124,-10.5664
-72,-124,-9.39017
-70,-124,-7.81483
-68,-124,-6.18003
-66,-124,-4.6431
-64,-124,-3.25055
-62,-124,-2.01032
-60,-124,-0.923479
-58,-124,0.00955582
-56,-124,0.792817
-54,-124,1.43879
-52,-124,1.9678
-50,-124,2.40182
-48,-124,2.75578
-46,-124,3.03194
-44,-124,3.22245
-42,-124,3.31948
-40,-124,3.32795
-38,-124,3.27543
-36,-124,3.21599
-34,-124,3.22499
-32,-124,3.38139
-30,-124,3.73852
-28,-124,4.2978
-26,-124,5.00737
-24,-124,5.78714
-22,-124,6.55898
-20,-124,7.26376
-18,-124,7.86454
-16,-124,8.34308
-14,-124,8.69469
-12,-124,8.92333
-10,-124,9.037
-8,-124,9.04401
-6,-124,8.95116
-4,-124,8.76495
-2,-124,8.49582
0,-124,8.16368
2,-124,7.80214
4,-124,7.45799
6,-124,7.18299
8,-124,7.01814
10,-124,6.977
12,-124,7.03947
14,-124,7.16086
16,-124,7.2896
18,-124,7.38217
20,-124,7.40981
22,-124,7.35826
24,-124,7.22394
26,-124,7.00976
28,-124,6.72221
30,-124,6.37057
32,-124,5.9668
34,-124,5.52444
36,-124,5.05481
38,-124,4.56207
40,-124,4.04081
42,-124,3.47944
44,-124,2.8687
46,-124,2.2107
48,-124,1.52341
50,-124,0.835844
52,-124,0.172985
54,-124,-0.463046
56,-124,-1.10154
58,-124,-1.79308
60,-124,-2.58689
62,-124,-3.50757
64,-124,-4.53636
66,-124,-5.60008
68,-124,-6.5813
70,-124,-7.3704
72,-124,-7.93934
74,-124,-8.35828
76,-124,-8.72938
78,-124,-9.11033
80,-124,-9.48188
82,-124,-9.7623
84,-124,-9.86558
86,-124,-9.77805
88,-124,-9.58463
90,-124,-9.41962
92,-124,-9.4026
94,-124,-9.60485
96,-124,-10.0326
98,-124,-10.5993
100,-124,-11.0922
102,-124,-11.2256
104,-124,-10.8731
106,-124,-10.2207
108,-124,-9.57834
110,-124,-9.17325
112,-124,-9.12775
114,-124,-9.51026
116,-124,-10.3773
118,-124,-11.7839
120,-124,-13.6926
122,-124,-15.4902
124,-124,-15.4513
126,-124,-13.466
128,-124,-11.33
130,-124,-9.77705
132,-124,-8.86765
134,-124,-8.5207
136,-124,-8.62448
138,-124,-9.04289
140,-124,-9.60677
142,-124,-10.1155
144,-124,-10.3744
146,-124,-10.2843
148,-124,-9.91294
150,-124,-9.44107
152,-124,-9.03685
154,-124,-8.78469
156,-124,-8.68175
158,-124,-8.6638
160,-124,-8.64195
162,-124,-8.54287
164,-124,-8.33617
166,-124,-8.03377
168,-124,-7.66959
170,-124,-7.28202
172,-124,-6.91156
174,-124,-6.60936
176,-124,-6.44596
178,-124,-6.513
180,-124,-6.92188
-180,-122,-6.92188
-178,-122,-7.83273
-176,-122,-9.43869
-174,-122,-12.1096
-172,-122,-16.6905
-170,-122,-23.4924
-168,-122,-18.282
-166,-122,-13.1516
-164,-122,-10.2611
-162,-122,-8.59858
-160,-122,-7.76531
-158,-122,-7.59652
-156,-122,-8.02084
-154,-122,-8.97652
-152,-122,-10.2912
-150,-122,-11.5048
-148,-122,-12.006
-146,-122,-11.8415
-144,-122,-11.7338
-142,-122,-12.3027
-140,-122,-13.9788
-138,-122,-17.2238
-136,-122,-20.9427
-134,-122,-17.822
-132,-122,-13.3697
-130,-122,-10.4019
-128,-122,-8.44551
-126,-122,-7.13612
-124,-122,-6.2606
-122,-122,-5.69218
-120,-122,-5.35752
-118,-122,-5.21348
-116,-122,-5.22335
-114,-122,-5.33299
-112,-122,-5.45492
-110,-122,-5.47624
-108,-122,-5.30378
-106,-122,-4.92229
-104,-122,-4.4049
-102,-122,-3.86381
-100,-122,-3.39686
-98,-122,-3.06641
-96,-122,-2.9016
-94,-122,-2.90678
-92,-122,-3.06882
-90,-122,-3.36305
-88,-122,-3.76049
-86,-122,-4.23813
-84,-122,-4.79092
-82,-122,-5.44046
-80,-122,-6.2344
-78,-122,-7.23429
-76,-122,-8.48551
-74,-122,-9.93493
-72,-122,-11.207
-70,-122,-11.4086
-68,-122,-10.0621
-66,-122,-7.93704
-64,-122,-5.79291
-62,-122,-3.89136
-60,-122,-2.27382
-58,-122,-0.922903
-56,-122,0.192883
-54,-122,1.10956
-52,-122,1.86359
-50,-122,2.48595
-48,-122,2.99554
-46,-122,3.39637
-44,-122,3.68201
-42,-122,3.84557
-40,-122,3.89097
-38,-122,3.84175
-36,-122,3.74592
-34,-122,3.67542
-32,-122,3.71606
-30,-122,3.94279
-28,-122,4.38631
-26,-122,5.01564
-24,-122,5.7543
-22,-122,6.51533
-20,-122,7.2275
-18,-122,7.84403
-16,-122,8.34017
-14,-122,8.70742
-12,-122,8.94759
-10,-122,9.06761
-8,-122,9.07543
-6,-122,8.97831
-4,-122,8.78402
-2,-122,8.50498
0,-122,8.16368
2,-122,7.79655
4,-122,7.4529
6,-122,7.18579
8,-122,7.03539
10,-122,7.0123
12,-122,7.09264
14,-122,7.22889
16,-122,7.3683
18,-122,7.46752
20,-122,7.49858
22,-122,7.44812
24,-122,7.31319
26,-122,7.09661
28,-122,6.804
30,-122,6.44298
32,-122,6.02373
34,-122,5.55894
36,-122,5.06106
38,-122,4.53731
40,-122,3.98581
42,-122,3.39679
44,-122,2.75979
46,-122,2.07339
48,-122,1.35227
50,-122,0.626166
52,-122,-0.072763
54,-122,-0.730653
56,-122,-1.36717
58,-122,-2.03145
60,-122,-2.78041
62,-122,-3.65285
64,-122,-4.64796
66,-122,-5.71025
68,-122,-6.73063
70,-122,-7.58736
72,-122,-8.22658
74,-122,-8.70761
76,-122,-9.1515
78,-122,-9.65019
80,-122,-10.2086
82,-122,-10.7288
84,-122,-11.0509
86,-122,-11.0733
88,-122,-10.8642
90,-122,-10.618
92,-122,-10.5277
94,-122,-10.7148
96,-122,-11.2096
98,-122,-11.9099
100,-122,-12.4983
102,-122,-12.5046
104,-122,-11.7773
106,-122,-10.7043
108,-122,-9.7369
110,-122,-9.11444
112,-122,-8.92748
114,-122,-9.20828
116,-122,-9.97194
118,-122,-11.2134
120,-122,-12.8217
122,-122,-14.2917
124,-122,-14.5524
126,-122,-13.3395
128,-122,-11.7093
130,-122,-10.3838
132,-122,-9.53726
134,-122,-9.14194
136,-122,-9.10641
138,-122,-9.31128
140,-122,-9.62177
142,-122,-9.89796
144,-122,-10.0134
146,-122,-9.89857
148,-122,-9.58892
150,-122,-9.20841
152,-122,-8.8893
154,-122,-8.70579
156,-122,-8.65697
158,-122,-8.68261
160,-122,-8.69543
162,-122,-8.62045
164,-122,-8.42414
166,-122,-8.11705
168,-122,-7.73537
170,-122,-7.32317
172,-122,-6.92802
174,-122,-6.60724
176,-122,-6.43467
178,-122,-6.50248
180,-122,-6.92188
-180,-120,-6.92188
-178,-120,-7.85427
-176,-120,-9.50298
-174,-120,-12.2689
-172,-120,-17.1154
-170,-120,-24.0952
-168,-120,-17.674
-166,-120,-12.6287
-164,-120,-9.79944
-162,-120,-8.17144
-160,-120,-7.36427
-158,-120,-7.2281
-156,-120,-7.71367
-154,-120,-8.80353
-152,-120,-10.4096
-150,-120,-12.1408
-148,-120,-13.1604
-146,-120,-13.1516
-144,-120,-12.974
-142,-120,-13.4673
-140,-120,-15.058
-138,-120,-17.6776
-136,-120,-18.4552
-134,-120,-15.0823
-132,-120,-11.6656
-130,-120,-9.21957
-128,-120,-7.5324
-126,-120,-6.38557
-124,-120,-5.63268
-122,-120,-5.17733
-120,-120,-4.95165
-118,-120,-4.89785
-116,-120,-4.95098
-114,-120,-5.02624
-112,-120,-5.02196
-110,-120,-4.84961
-108,-120,-4.4791
-106,-120,-3.95661
-104,-120,-3.37406
-102,-120,-2.8234
-100,-120,-2.37103
-98,-120,-2.05411
-96,-120,-1.88551
-94,-120,-1.85921
-92,-120,-1.95412
-90,-120,-2.13815
-88,-120,-2.37508
-86,-120,-2.63599
-84,-120,-2.91215
-82,-120,-3.22281
-80,-120,-3.61237
-78,-120,-4.13919
-76,-120,-4.86176
-74,-120,-5.82244
-72,-120,-7.01249
-70,-120,-8.2712
-68,-120,-9.09177
-66,-120,-8.74656
-64,-120,-7.23187
-62,-120,-5.2764
-60,-120,-3.39452
-58,-120,-1.75445
-56,-120,-0.374007
-54,-120,0.775751
-52,-120,1.73341
-50,-120,2.53184
-48,-120,3.19045
-46,-120,3.71377
-44,-120,4.09669
-42,-120,4.33372
-40,-120,4.42843
-38,-120,4.40078
-36,-120,4.29191
-34,-120,4.16665
-32,-120,4.11018
-30,-120,4.21129
-28,-120,4.52885
-26,-120,5.05999
-24,-120,5.74056
-22,-120,6.47893
-20,-120,7.19179
-18,-120,7.82089
-16,-120,8.33349
-14,-120,8.71629
-12,-120,8.9684
-10,-120,9.09534
-8,-120,9.10461
-6,-120,9.00385
-4,-120,8.80205
-2,-120,8.51365
0,-120,8.16368
2,-120,7.79134
4,-120,7.44839
6,-120,7.1891
8,-120,7.05266
10,-120,7.0467
12,-120,7.14372
14,-120,7.29367
16,-120,7.44293
18,-120,7.5485
20,-120,7.58334
22,-120,7.53505
24,-120,7.40129
26,-120,7.18497
28,-120,6.89097
30,-120,6.52533
32,-120,6.09629
34,-120,5.61519
36,-120,5.09473
38,-120,4.5444
40,-120,3.96552
42,-120,3.35042
44,-120,2.68785
46,-120,1.9728
48,-120,1.21566
50,-120,0.445107
52,-120,-0.300341
54,-120,-0.992958
56,-120,-1.63755
58,-120,-2.27626
60,-120,-2.97046
62,-120,-3.77244
64,-120,-4.70053
66,-120,-5.72138
68,-120,-6.7445
70,-120,-7.64954
72,-120,-8.36064
74,-120,-8.91445
76,-120,-9.43864
78,-120,-10.0634
80,-120,-10.8461
82,-120,-11.7219
84,-120,-12.4762
86,-120,-12.8335
88,-120,-12.7227
90,-120,-12.3874
92,-120,-12.1522
94,-120,-12.2285
96,-120,-12.6823
98,-120,-13.3964
100,-120,-13.9476
102,-120,-13.7042
104,-120,-12.5761
106,-120,-11.161
108,-120,-9.96782
110,-120,-9.20149
112,-120,-8.91412
114,-120,-9.10633
116,-120,-9.75652
118,-120,-10.8059
120,-120,-12.0893
122,-120,-13.2082
124,-120,-13.5773
126,-120,-13.0241
128,-120,-12.0291
130,-120,-11.0815
132,-120,-10.386
134,-120,-9.96511
136,-120,-9.7651
138,-120,-9.71071
140,-120,-9.73066
142,-120,-9.75921
144,-120,-9.72849
146,-120,-9.5843
148,-120,-9.32819
150,-120,-9.03181
152,-120,-8.79176
154,-120,-8.67014
156,-120,-8.66706
158,-120,-8.72674
160,-120,-8.76493
162,-120,-8.70644
164,-120,-8.51543
166,-120,-8.20088
168,-120,-7.80067
170,-120,-7.36382
172,-120,-6.94451
174,-120,-6.60571
176,-120,-6.42419
178,-120,-6.49257
180,-120,-6.92188
-180,-118,-6.92188
-178,-118,-7.87482
-176,-118,-9.56487
-174,-118,-12.4245
-172,-118,-17.5465
-170,-118,-24.5783
-168,-118,-17.11
-166,-118,-12.1589
-164,-118,-9.38612
-162,-118,-7.79004
-160,-118,-7.00646
-158,-118,-6.89769
-156,-118,-7.43204
-154,-118,-8.62932
-152,-118,-10.485
-150,-118,-12.7302
-148,-118,-14.3611
-146,-118,-14.4728
-144,-118,-14.0559
-142,-118,-14.2746
-140,-118,-15.4885
-138,-118,-17.1401
-136,-118,-16.7099
-134,-118,-13.8184
-132,-118,-10.9737
-130,-118,-8.84734
-128,-118,-7.35203
-126,-118,-6.34335
-124,-118,-5.71298
-122,-118,-5.38204
-120,-118,-5.28158
-118,-118,-5.33262
-116,-118,-5.43178
-114,-118,-5.45474
-112,-118,-5.29195
-110,-118,-4.90288
-108,-118,-4.33632
-106,-118,-3.69194
-104,-118,-3.06708
-102,-118,-2.5301
-100,-118,-2.11873
-98,-118,-1.84668
-96,-118,-1.70903
-94,-118,-1.68467
-92,-118,-1.73772
-90,-118,-1.82178
-88,-118,-1.89081
-86,-118,-1.91599
-84,-118,-1.90049
-82,-118,-1.88118
-80,-118,-1.91594
-78,-118,-2.06656
-76,-118,-2.38654
-74,-118,-2.91493
-72,-118,-3.66962
-70,-118,-4.62689
-68,-118,-5.66264
-66,-118,-6.44678
-64,-118,-6.4695
-62,-118,-5.52446
-60,-118,-3.99723
-58,-118,-2.35952
-56,-118,-0.84734
-54,-118,0.472931
-52,-118,1.6028
-50,-118,2.55989
-48,-118,3.35686
-46,-118,3.99611
-44,-118,4.47324
-42,-118,4.78433
-40,-118,4.93321
-38,-118,4.93708
-36,-118,4.83086
-34,-118,4.67115
-32,-118,4.53783
-30,-118,4.52573
-28,-118,4.71642
-26,-118,5.13784
-24,-118,5.7461
-22,-118,6.4507
-20,-118,7.15753
-18,-118,7.79586
-16,-118,8.32361
-14,-118,8.7217
-12,-118,8.986
-10,-118,9.12032
-8,-118,9.13159
-6,-118,9.02775
-4,-118,8.81904
-2,-118,8.52184
0,-118,8.16368
2,-118,7.78651
4,-118,7.44444
6,-118,7.1928
8,-118,7.06974
10,-118,7.07989
12,-118,7.19237
14,-118,7.35488
16,-118,7.51321
18,-118,7.62489
20,-118,7.66387
22,-118,7.61868
24,-118,7.48767
26,-118,7.27387
28,-118,6.98156
30,-118,6.61537
32,-118,6.18165
34,-118,5.6901
36,-118,5.15309
38,-118,4.58168
40,-118,3.98004
42,-118,3.34279
44,-118,2.65851
46,-118,1.91884
48,-118,1.12903
50,-118,0.314628
52,-118,-0.481909
54,-118,-1.21894
56,-118,-1.88225
58,-118,-2.50099
60,-118,-3.13703
62,-118,-3.85536
64,-118,-4.69443
66,-118,-5.645
68,-118,-6.63978
70,-118,-7.5677
72,-118,-8.3341
74,-118,-8.94142
76,-118,-9.5039
78,-118,-10.1769
80,-118,-11.0774
82,-118,-12.2272
84,-118,-13.4805
86,-118,-14.4538
88,-118,-14.7353
90,-118,-14.4053
92,-118,-13.9542
94,-118,-13.7676
96,-118,-13.9807
98,-118,-14.4896
100,-118,-14.8683
102,-118,-14.4828
104,-118,-13.2371
106,-118,-11.7183
108,-118,-10.4293
110,-118,-9.57119
112,-118,-9.19013
114,-118,-9.27405
116,-118,-9.77705
118,-118,-10.6037
120,-118,-11.5702
122,-118,-12.388
124,-118,-12.7771
126,-118,-12.6869
128,-118,-12.3053
130,-118,-11.8374
132,-118,-11.3816
134,-118,-10.9524
136,-118,-10.5449
138,-118,-10.1751
140,-118,-9.87496
142,-118,-9.6576
144,-118,-9.49372
146,-118,-9.32705
148,-118,-9.12377
150,-118,-8.90812
152,-118,-8.74272
154,-118,-8.67687
156,-118,-8.71133
158,-118,-8.79547
160,-118,-8.84948
162,-118,-8.79962
164,-118,-8.60862
166,-118,-8.28389
168,-118,-7.8643
170,-118,-7.40316
172,-118,-6.96055
174,-118,-6.60452
176,-118,-6.41445
178,-118,-6.48325
180,-118,-6.92188
-180,-116,-6.92188
-178,-116,-7.89433
-176,-116,-9.62416
-174,-116,-12.5758
-172,-116,-17.9824
-170,-116,-24.9166
-168,-116,-16.5942
-166,-116,-11.7385
-164,-116,-9.01769
-162,-116,-7.45088
-160,-116,-6.68813
-158,-116,-6.60117
-156,-116,-7.1712
-154,-116,-8.44624
-152,-116,-10.492
-150,-116,-13.1823
-148,-116,-15.4385
-146,-116,-15.5681
-144,-116,-14.7157
-142,-116,-14.5002
-140,-116,-15.209
-138,-116,-16.1715
-136,-116,-15.6273
-134,-116,-13.3583
-132,-116,-10.9683
-130,-116,-9.10306
-128,-116,-7.781
-126,-116,-6.91173
-124,-116,-6.41357
-122,-116,-6.21786
-120,-116,-6.24662
-118,-116,-6.3858
-116,-116,-6.47515
-114,-116,-6.34915
-112,-116,-5.92972
-110,-116,-5.27678
-108,-116,-4.52769
-106,-116,-3.80778
-104,-116,-3.19441
-102,-116,-2.72295
-100,-116,-2.40115
-98,-116,-2.21792
-96,-116,-2.1455
-94,-116,-2.1386
-92,-116,-2.13638
-90,-116,-2.07421
-88,-116,-1.90714
-86,-116,-1.63314
-84,-116,-1.2967
-82,-116,-0.969202
-80,-116,-0.723641
-78,-116,-0.619445
-76,-116,-0.698923
-74,-116,-0.989316
-72,-116,-1.50444
-70,-116,-2.24012
-68,-116,-3.15382
-66,-116,-4.11222
-64,-116,-4.81438
-62,-116,-4.84223
-60,-116,-4.03424
-58,-116,-2.68828
-56,-116,-1.19585
-54,-116,0.223009
-52,-116,1.4894
-50,-116,2.58486
-48,-116,3.50677
-46,-116,4.2524
-44,-116,4.81727
-42,-116,5.19898
-40,-116,5.40202
-38,-116,5.44165
-36,-116,5.34761
-34,-116,5.16862
-32,-116,4.9771
-30,-116,4.86785
-28,-116,4.93798
-26,-116,5.24472
-24,-116,5.77006
-22,-116,6.43105
-20,-116,7.12541
-18,-116,7.7696
-16,-116,8.31107
-14,-116,8.72407
-12,-116,9.00067
-10,-116,9.14272
-8,-116,9.15642
-6,-116,9.05003
-4,-116,8.83495
-2,-116,8.52951
0,-116,8.16368
2,-116,7.78205
4,-116,7.44099
6,-116,7.19677
8,-116,7.08642
10,-116,7.11162
12,-116,7.23831
14,-116,7.41226
16,-116,7.57891
18,-116,7.69646
20,-116,7.73987
22,-116,7.69861
24,-116,7.57163
26,-116,7.36213
28,-116,7.07393
30,-116,6.71045
32,-116,6.27634
34,-116,5.77961
36,-116,5.23199
38,-116,4.64555
40,-116,4.02696
42,-116,3.37337
44,-116,2.67385
46,-116,1.91734
48,-116,1.10369
50,-116,0.253264
52,-116,-0.591074
54,-116,-1.37644
56,-116,-2.06799
58,-116,-2.67629
60,-116,-3.25876
62,-116,-3.89165
64,-116,-4.63425
66,-116,-5.5021
68,-116,-6.45159
70,-116,-7.38249
72,-116,-8.18124
74,-116,-8.80568
76,-116,-9.3367
78,-116,-9.93344
80,-116,-10.7499
82,-116,-11.8805
84,-116,-13.311
86,-116,-14.8072
88,-116,-15.8163
90,-116,-15.8889
92,-116,-15.3501
94,-116,-14.827
96,-116,-14.6434
98,-116,-14.809
100,-116,-15.0597
102,-116,-14.8933
104,-116,-13.9915
106,-116,-12.6441
108,-116,-11.3462
110,-116,-10.3846
112,-116,-9.85532
114,-116,-9.75947
116,-116,-10.0427
118,-116,-10.595
120,-116,-11.2476
122,-116,-11.814
124,-116,-12.1893
126,-116,-12.4033
128,-116,-12.5353
130,-116,-12.5867
132,-116,-12.4514
134,-116,-12.026
136,-116,-11.3555
138,-116,-10.6209
140,-116,-9.99519
142,-116,-9.55616
144,-116,-9.28574
146,-116,-9.11176
148,-116,-8.96626
150,-116,-8.83164
152,-116,-8.73878
154,-116,-8.7239
156,-116,-8.78835
158,-116,-8.88758
160,-116,-8.94787
162,-116,-8.89861
164,-116,-8.70224
166,-116,-8.36465
168,-116,-7.92511
170,-116,-7.44037
172,-116,-6.97566
174,-116,-6.60348
176,-116,-6.40538
178,-116,-6.47452
180,-116,-6.92188
-180,-114,-6.92188
-178,-114,-7.91276
-176,-114,-9.68061
-174,-114,-12.7219
-172,-114,-18.4209
-170,-114,-25.1
-168,-114,-16.1278
-166,-114,-11.3644
-164,-114,-8.69091
-162,-114,-7.15063
-160,-114,-6.40565
-158,-114,-6.33455
-156,-114,-6.92684
-154,-114,-8.24838
-152,-114,-10.411
-150,-114,-13.396
-148,-114,-16.0879
-146,-114,-16.0489
-144,-114,-14.6994
-142,-114,-14.0703
-140,-114,-14.3758
-138,-114,-15.0438
-136,-114,-14.8516
-134,-114,-13.3158
-132,-114,-11.4078
-130,-114,-9.81862
-128,-114,-8.68598
-126,-114,-7.97403
-124,-114,-7.6221
-122,-114,-7.56138
-120,-114,-7.68547
-118,-114,-7.81541
-116,-114,-7.72036
-114,-114,-7.25104
-112,-114,-6.46628
-110,-114,-5.56117
-108,-114,-4.71077
-106,-114,-4.01073
-104,-114,-3.49433
-102,-114,-3.1597
-100,-114,-2.9846
-98,-114,-2.92932
-96,-114,-2.93311
-94,-114,-2.91304
-92,-114,-2.77783
-90,-114,-2.46328
-88,-114,-1.96914
-86,-114,-1.36113
-84,-114,-0.735406
-82,-114,-0.180787
-80,-114,0.237992
-78,-114,0.479781
-76,-114,0.520512
-74,-114,0.347144
-72,-114,-0.0456744
-70,-114,-0.654627
-68,-114,-1.4584
-66,-114,-2.39062
-64,-114,-3.28419
-62,-114,-3.82033
-60,-114,-3.65041
-58,-114,-2.73736
-56,-114,-1.39571
-54,-114,0.0460003
-52,-114,1.4079
-50,-114,2.6173
-48,-114,3.64769
-46,-114,4.48784
-44,-114,5.13194
-42,-114,5.57868
-40,-114,5.83317
-38,-114,5.90931
-36,-114,5.8327
-34,-114,5.64514
-32,-114,5.41106
-30,-114,5.22136
-28,-114,5.1819
-26,-114,5.37477
-24,-114,5.81055
-22,-114,6.41991
-20,-114,7.09594
-18,-114,7.74271
-16,-114,8.29641
-14,-114,8.72381
-12,-114,9.01267
-10,-114,9.16267
-8,-114,9.17917
-6,-114,9.07068
-4,-114,8.84978
-2,-114,8.53666
0,-114,8.16368
2,-114,7.77797
4,-114,7.43801
6,-114,7.20092
8,-114,7.10251
10,-114,7.14163
12,-114,7.28127
14,-114,7.46556
16,-114,7.6398
18,-114,7.76298
20,-114,7.81108
22,-114,7.77439
24,-114,7.65244
26,-114,7.44856
28,-114,7.16618
30,-114,6.8078
32,-114,6.37661
34,-114,5.87916
36,-114,5.32636
38,-114,4.73093
40,-114,4.10174
42,-114,3.43857
44,-114,2.73176
46,-114,1.9685
48,-114,1.14364
50,-114,0.271024
52,-114,-0.609962
54,-114,-1.44019
56,-114,-2.16606
58,-114,-2.77578
60,-114,-3.31639
62,-114,-3.8723
64,-114,-4.5234
66,-114,-5.31011
68,-114,-6.21162
70,-114,-7.1376
72,-114,-7.95401
74,-114,-8.5669
76,-114,-9.01203
78,-114,-9.44317
80,-114,-10.0392
82,-114,-10.9359
84,-114,-12.1979
86,-114,-13.7652
88,-114,-15.3042
90,-114,-16.1386
92,-114,-15.9288
94,-114,-15.2324
96,-114,-14.6881
98,-114,-14.5485
100,-114,-14.7791
102,-114,-15.0953
104,-114,-14.997
106,-114,-14.1902
108,-114,-12.9736
110,-114,-11.8245
112,-114,-11.0062
114,-114,-10.5866
116,-114,-10.5283
118,-114,-10.731
120,-114,-11.0632
122,-114,-11.4161
124,-114,-11.767
126,-114,-12.177
128,-114,-12.698
130,-114,-13.2373
132,-114,-13.4717
134,-114,-13.055
136,-114,-12.0742
138,-114,-10.9612
140,-114,-10.0427
142,-114,-9.42757
144,-114,-9.08563
146,-114,-8.92358
148,-114,-8.84423
150,-114,-8.79415
152,-114,-8.77444
154,-114,-8.8077
156,-114,-8.89577
158,-114,-9.00131
160,-114,-9.05854
162,-114,-9.00188
164,-114,-8.79472
166,-114,-8.4417
168,-114,-7.98192
170,-114,-7.47467
172,-114,-6.98942
174,-114,-6.60237
176,-114,-6.39691
178,-114,-6.46638
180,-114,-6.92188
-180,-112,-6.92188
-178,-112,-7.93005
-176,-112,-9.73403
-174,-112,-12.8619
-172,-112,-18.8594
-170,-112,-25.1376
-168,-112,-15.7097
-166,-112,-11.0332
-164,-112,-8.40274
-162,-112,-6.88612
-160,-112,-6.15554
-158,-112,-6.09413
-156,-112,-6.69543
-154,-112,-8.03261
-152,-112,-10.2336
-150,-112,-13.3033
-148,-112,-16.0152
-146,-112,-15.6517
-144,-112,-13.9974
-142,-112,-13.1363
-140,-112,-13.2216
-138,-112,-13.8234
-136,-112,-14.0907
-134,-112,-13.3594
-132,-112,-12.0349
-130,-112,-10.7863
-128,-112,-9.88184
-126,-112,-9.34989
-124,-112,-9.1434
-122,-112,-9.16902
-120,-112,-9.25092
-118,-112,-9.12081
-116,-112,-8.5592
-114,-112,-7.60591
-112,-112,-6.50884
-110,-112,-5.49792
-108,-112,-4.6925
-106,-112,-4.12745
-104,-112,-3.79283
-102,-112,-3.65491
-100,-112,-3.66043
-98,-112,-3.7306
-96,-112,-3.75567
-94,-112,-3.60995
-92,-112,-3.20349
-90,-112,-2.53951
-88,-112,-1.71293
-86,-112,-0.850411
-84,-112,-0.0573088
-82,-112,0.597973
-80,-112,1.07727
-78,-112,1.36162
-76,-112,1.44289
-74,-112,1.31881
-72,-112,0.990817
-70,-112,0.464457
-68,-112,-0.245415
-66,-112,-1.09942
-64,-112,-1.9989
-62,-112,-2.73263
-60,-112,-2.97717
-58,-112,-2.50035
-56,-112,-1.41071
-54,-112,-0.0312591
-52,-112,1.37347
-50,-112,2.66494
-48,-112,3.78331
-46,-112,4.70415
-44,-112,5.41796
-42,-112,5.9233
-40,-112,6.22544
-38,-112,6.33709
-36,-112,6.28049
-34,-112,6.09165
-32,-112,5.82745
-30,-112,5.57287
-28,-112,5.43707
-26,-112,5.52141
-24,-112,5.86494
-22,-112,6.41675
-20,-112,7.06943
-18,-112,7.71573
-16,-112,8.28014
-14,-112,8.72131
-12,-112,9.02229
-10,-112,9.18033
-8,-112,9.19989
-6,-112,9.08972
-4,-112,8.8635
-2,-112,8.54327
0,-112,8.16368
2,-112,7.77425
4,-112,7.43546
6,-112,7.20513
8,-112,7.11784
10,-112,7.16971
12,-112,7.32104
14,-112,7.51457
16,-112,7.69569
18,-112,7.82425
20,-112,7.87719
22,-112,7.84559
24,-112,7.72938
26,-112,7.53197
28,-112,7.25649
30,-112,6.90473
32,-112,6.47882
34,-112,5.98411
36,-112,5.43077
38,-112,4.83191
40,-112,4.19824
42,-112,3.53221
44,-112,2.82609
46,-112,2.06645
48,-112,1.24411
50,-112,0.365924
52,-112,-0.535363
54,-112,-1.40038
56,-112,-2.16204
58,-112,-2.78548
60,-112,-3.30135
62,-112,-3.79674
64,-112,-4.37009
66,-112,-5.08619
68,-112,-5.94659
70,-112,-6.87146
72,-112,-7.70755
74,-112,-8.30644
76,-112,-8.65343
78,-112,-8.89889
80,-112,-9.2514
82,-112,-9.87963
84,-112,-10.8861
86,-112,-12.292
88,-112,-13.9462
90,-112,-15.3181
92,-112,-15.6537
94,-112,-15.0262
96,-112,-14.2482
98,-112,-13.8569
100,-112,-14.0268
102,-112,-14.7335
104,-112,-15.6957
106,-112,-16.1783
108,-112,-15.4982
110,-112,-14.0817
112,-112,-12.7163
114,-112,-11.7375
116,-112,-11.1758
118,-112,-10.9521
120,-112,-10.9633
122,-112,-11.1353
124,-112,-11.4608
126,-112,-11.9937
128,-112,-12.7787
130,-112,-13.702
132,-112,-14.2808
134,-112,-13.8646
136,-112,-12.5725
138,-112,-11.1316
140,-112,-9.9912
142,-112,-9.25769
144,-112,-8.88053
146,-112,-8.7492
148,-112,-8.7452
150,-112,-8.78534
152,-112,-8.84213
154,-112,-8.92318
156,-112,-9.03024
158,-112,-9.13429
160,-112,-9.17957
162,-112,-9.10767
164,-112,-8.88441
166,-112,-8.51359
168,-112,-8.03361
170,-112,-7.50533
172,-112,-7.0014
174,-112,-6.60101
176,-112,-6.38898
178,-112,-6.45881
180,-112,-6.92188
-180,-110,-6.92188
-178,-110,-7.94618
-176,-110,-9.7842
-174,-110,-12.995
-172,-110,-19.2945
-170,-110,-25.0544
-168,-110,-15.3384
-166,-110,-10.7421
-164,-110,-8.15034
-162,-110,-6.65438
-160,-110,-5.93459
-158,-110,-5.87668
-156,-110,-6.47453
-154,-110,-7.79918
-152,-110,-9.96577
-150,-110,-12.9116
-148,-110,-15.2354
-146,-110,-14.5603
-144,-110,-12.8628
-142,-110,-11.9447
-140,-110,-11.9417
-138,-110,-12.5532
-136,-110,-13.1981
-134,-110,-13.2175
-132,-110,-12.5652
-130,-110,-11.7425
-128,-110,-11.1107
-126,-110,-10.765
-124,-110,-10.6534
-122,-110,-10.6166
-120,-110,-10.3862
-118,-110,-9.71001
-116,-110,-8.59748
-114,-110,-7.31482
-112,-110,-6.13109
-110,-110,-5.19217
-108,-110,-4.54421
-106,-110,-4.17905
-104,-110,-4.05915
-102,-110,-4.12299
-100,-110,-4.27769
-98,-110,-4.38898
-96,-110,-4.29461
-94,-110,-3.87055
-92,-110,-3.11458
-90,-110,-2.14616
-88,-110,-1.12061
-86,-110,-0.159147
-84,-110,0.665908
-82,-110,1.31847
-80,-110,1.78369
-78,-110,2.05777
-76,-110,2.14238
-74,-110,2.04179
-72,-110,1.76178
-70,-110,1.30996
-68,-110,0.698592
-66,-110,-0.04685
-64,-110,-0.866854
-62,-110,-1.6288
-60,-110,-2.09204
-58,-110,-1.9787
-56,-110,-1.20517
-54,-110,0.019399
-52,-110,1.39989
-50,-110,2.73239
-48,-110,3.91407
-46,-110,4.90035
-44,-110,5.67418
-42,-110,6.23184
-40,-110,6.57774
-38,-110,6.72322
-36,-110,6.68773
-34,-110,6.50254
-32,-110,6.21783
-30,-110,5.91198
-28,-110,5.69364
-26,-110,5.67787
-24,-110,5.92996
-22,-110,6.42064
-20,-110,7.04598
-18,-110,7.68911
-16,-110,8.26276
-14,-110,8.71699
-12,-110,9.0298
-10,-110,9.19585
-8,-110,9.21865
-6,-110,9.10713
-4,-110,8.8761
-2,-110,8.54935
0,-110,8.16368
2,-110,7.7709
4,-110,7.43331
6,-110,7.20932
8,-110,7.13225
10,-110,7.19566
12,-110,7.3574
14,-110,7.55911
16,-110,7.74641
18,-110,7.88006
20,-110,7.93796
22,-110,7.91181
24,-110,7.8018
26,-110,7.61133
28,-110,7.34325
30,-110,6.99889
32,-110,6.57968
34,-110,6.09016
36,-110,5.53992
38,-110,4.94229
40,-110,4.30947
42,-110,3.64639
44,-110,2.94763
46,-110,2.20027
48,-110,1.39226
50,-110,0.523891
52,-110,-0.380658
54,-110,-1.26719
56,-110,-2.06229
58,-110,-2.71094
60,-110,-3.22276
62,-110,-3.68018
64,-110,-4.19561
66,-110,-4.85675
68,-110,-5.68818
70,-110,-6.62446
72,-110,-7.50029
74,-110,-8.11451
76,-110,-8.39405
78,-110,-8.48258
80,-110,-8.62245
82,-110,-9.0136
84,-110,-9.77722
86,-110,-10.959
88,-110,-12.4789
90,-110,-13.9547
92,-110,-14.6266
94,-110,-14.1885
96,-110,-13.3338
98,-110,-12.7574
100,-110,-12.7658
102,-110,-13.4847
104,-110,-14.9684
106,-110,-17.0123
108,-110,-18.3038
110,-110,-17.1295
112,-110,-14.9007
114,-110,-13.0731
116,-110,-11.8703
118,-110,-11.193
120,-110,-10.9154
122,-110,-10.9467
124,-110,-11.2542
126,-110,-11.8613
128,-110,-12.7981
130,-110,-13.9484
132,-110,-14.7417
134,-110,-14.2958
136,-110,-12.767
138,-110,-11.1117
140,-110,-9.84058
142,-110,-9.04615
144,-110,-8.6648
146,-110,-8.57875
148,-110,-8.65735
150,-110,-8.79376
152,-110,-8.93259
154,-110,-9.06373
156,-110,-9.18729
158,-110,-9.28344
160,-110,-9.30864
162,-110,-9.21405
164,-110,-8.96961
166,-110,-8.57889
168,-110,-8.07912
170,-110,-7.53165
172,-110,-7.01126
174,-110,-6.59924
176,-110,-6.38153
178,-110,-6.45182
180,-110,-6.92188
-180,-108,-6.92188
-178,-108,-7.96108
-176,-108,-9.83091
-174,-108,-13.1203
-172,-108,-19.7223
-170,-108,-24.8836
-168,-108,-15.0115
-166,-108,-10.4884
-164,-108,-7.93111
-162,-108,-6.45265
-160,-108,-5.73988
-158,-108,-5.67951
-156,-108,-6.26293
-154,-108,-7.55161
-152,-108,-9.62579
-150,-108,-12.2997
-148,-108,-14.0587
-146,-108,-13.1814
-144,-108,-11.5796
-142,-108,-10.6955
-140,-108,-10.6706
-138,-108,-11.3031
-136,-108,-12.1947
-134,-108,-12.7922
-132,-108,-12.7973
-130,-108,-12.4545
-128,-108,-12.1248
-126,-108,-11.9442
-124,-108,-11.8293
-122,-108,-11.5419
-120,-108,-10.8201
-118,-108,-9.62739
-116,-108,-8.20952
-114,-108,-6.85951
-112,-108,-5.75649
-110,-108,-4.9704
-108,-108,-4.5072
-106,-108,-4.33698
-104,-108,-4.40137
-102,-108,-4.6057
-100,-108,-4.8045
-98,-108,-4.80694
-96,-108,-4.44608
-94,-108,-3.69018
-92,-108,-2.66327
-90,-108,-1.54303
-88,-108,-0.468524
-86,-108,0.479792
-84,-108,1.26417
-82,-108,1.87115
-80,-108,2.2996
-78,-108,2.55414
-76,-108,2.64185
-74,-108,2.5707
-72,-108,2.34888
-70,-108,1.98467
-68,-108,1.48763
-66,-108,0.872998
-64,-108,0.174058
-62,-108,-0.53108
-60,-108,-1.081
-58,-108,-1.23011
-56,-108,-0.783696
-54,-108,0.208326
-52,-108,1.49258
-50,-108,2.81957
-48,-108,4.03751
-46,-108,5.07371
-44,-108,5.89845
-42,-108,6.50289
-40,-108,6.88913
-38,-108,7.06676
-36,-108,7.05277
-34,-108,6.87455
-32,-108,6.57665
-30,-108,6.23094
-28,-108,5.94331
-26,-108,5.83763
-24,-108,6.00205
-22,-108,6.43029
-20,-108,7.02553
-18,-108,7.66325
-16,-108,8.24474
-14,-108,8.71124
-12,-108,9.03547
-10,-108,9.20939
-8,-108,9.2355
-6,-108,9.12294
-4,-108,8.88757
-2,-108,8.55487
0,-108,8.16368
2,-108,7.7679
4,-108,7.43152
6,-108,7.21338
8,-108,7.14559
10,-108,7.2193
12,-108,7.3902
14,-108,7.59905
16,-108,7.79183
18,-108,7.93027
20,-108,7.99314
22,-108,7.97267
24,-108,7.86913
26,-108,7.68576
28,-108,7.42516
30,-108,7.08835
32,-108,6.67645
34,-108,6.1936
36,-108,5.64903
38,-108,5.05619
40,-108,4.4283
42,-108,3.77242
44,-108,3.08553
46,-108,2.35595
48,-108,1.56998
50,-108,0.722335
52,-108,-0.171905
54,-108,-1.06739
56,-108,-1.89134
58,-108,-2.57449
60,-108,-3.10387
62,-108,-3.5496
64,-108,-4.03125
66,-108,-4.65654
68,-108,-5.47412
70,-108,-6.43951
72,-108,-7.38837
74,-108,-8.07366
76,-108,-8.34824
78,-108,-8.33072
80,-108,-8.29618
82,-108,-8.47938
84,-108,-9.01558
86,-108,-9.95353
88,-108,-11.2309
90,-108,-12.55
92,-108,-13.2857
94,-108,-13.0299
96,-108,-12.237
98,-108,-11.5798
100,-108,-11.4229
102,-108,-11.9377
104,-108,-13.2604
106,-108,-15.5305
108,-108,-18.4788
110,-108,-19.4111
112,-108,-16.8411
114,-108,-14.1856
116,-108,-12.4006
118,-108,-11.3598
120,-108,-10.8812
122,-108,-10.8346
124,-108,-11.1484
126,-108,-11.8059
128,-108,-12.8058
130,-108,-14.0122
132,-108,-14.8179
134,-108,-14.2943
136,-108,-12.6567
138,-108,-10.9251
140,-108,-9.61148
142,-108,-8.8037
144,-108,-8.44023
146,-108,-8.40736
148,-108,-8.57146
150,-108,-8.80843
152,-108,-9.03564
154,-108,-9.22153
156,-108,-9.36146
158,-108,-9.44492
160,-108,-9.44294
162,-108,-9.31884
164,-108,-9.04857
166,-108,-8.63622
168,-108,-8.11746
170,-108,-7.55304
172,-108,-7.01865
174,-108,-6.59692
176,-108,-6.37452
178,-108,-6.44538
180,-108,-6.92188
-180,-106,-6.92188
-178,-106,-7.97473
-176,-106,-9.87398
-174,-106,-13.237
-172,-106,-20.1377
-170,-106,-24.6588
-168,-106,-14.7269
-166,-106,-10.2695
-164,-106,-7.74262
-162,-106,-6.27841
-160,-106,-5.56886
-158,-106,-5.50059
-156,-106,-6.06062
-154,-106,-7.29603
-152,-106,-9.23975
-150,-106,-11.5731
-148,-106,-12.7891
-146,-106,-11.802
-144,-106,-10.3276
-142,-106,-9.50886
-140,-106,-9.49389
-138,-106,-10.1496
-136,-106,-11.1942
-134,-106,-12.1871
-132,-106,-12.7409
-130,-106,-12.8733
-128,-106,-12.8615
-126,-106,-12.8369
-124,-106,-12.6689
-122,-106,-12.0877
-120,-106,-10.9685
-118,-106,-9.50291
-116,-106,-8.01084
-114,-106,-6.72291
-112,-106,-5.74822
-110,-106,-5.11766
-108,-106,-4.81782
-106,-106,-4.8031
-104,-106,-4.99015
-102,-106,-5.24066
-100,-106,-5.35351
-98,-106,-5.11807
-96,-106,-4.44317
-94,-106,-3.42555
-92,-106,-2.25565
-90,-106,-1.09565
-88,-106,-0.0416286
-86,-106,0.861456
-84,-106,1.59808
-82,-106,2.16768
-80,-106,2.57663
-78,-106,2.83415
-76,-106,2.95009
-74,-106,2.93391
-72,-106,2.79392
-70,-106,2.53688
-68,-106,2.16803
-66,-106,1.69323
-64,-106,1.12671
-62,-106,0.510187
-60,-106,-0.053439
-58,-106,-0.371063
-56,-106,-0.212024
-54,-106,0.51134
-52,-106,1.64157
-50,-106,2.91989
-48,-106,4.14861
-46,-106,5.2207
-44,-106,6.08856
-42,-106,6.73524
-40,-106,7.15909
-38,-106,7.36741
-36,-106,7.37496
-34,-106,7.20599
-32,-106,6.9004
-30,-106,6.52422
-28,-106,6.17933
-26,-106,5.99474
-24,-106,6.07749
-22,-106,6.44419
-20,-106,7.00785
-18,-106,7.63847
-16,-106,8.22654
-14,-106,8.70446
-12,-106,9.03957
-10,-106,9.22109
-8,-106,9.25051
-6,-106,9.13715
-4,-106,8.8979
-2,-106,8.55983
0,-106,8.16368
2,-106,7.76527
4,-106,7.43005
6,-106,7.21725
8,-106,7.15775
10,-106,7.2405
12,-106,7.4193
14,-106,7.63425
16,-106,7.83184
18,-106,7.97474
20,-106,8.04254
22,-106,8.02786
24,-106,7.93091
26,-106,7.75459
28,-106,7.50119
30,-106,7.17162
32,-106,6.76699
34,-106,6.29142
36,-106,5.75405
38,-106,5.16833
40,-106,4.54809
42,-106,3.90187
44,-106,3.22883
46,-106,2.51887
48,-106,1.75772
50,-106,0.935814
52,-106,0.0599913
54,-106,-0.8346
56,-106,-1.68107
58,-106,-2.40317
60,-106,-2.96808
62,-106,-3.42836
64,-106,-3.90283
66,-106,-4.51423
68,-106,-5.33484
70,-106,-6.34757
72,-106,-7.4056
74,-106,-8.23131
76,-106,-8.58554
78,-106,-8.52609
80,-106,-8.35411
82,-106,-8.3508
84,-106,-8.67349
86,-106,-9.37429
88,-106,-10.3983
90,-106,-11.5041
92,-106,-12.1969
94,-106,-12.0779
96,-106,-11.3979
98,-106,-10.7286
100,-106,-10.4509
102,-106,-10.7532
104,-106,-11.761
106,-106,-13.5947
108,-106,-16.2108
110,-106,-18.2536
112,-106,-17.0342
114,-106,-14.4632
116,-106,-12.5023
118,-106,-11.3241
120,-106,-10.7863
122,-106,-10.752
124,-106,-11.1216
126,-106,-11.8344
128,-106,-12.8385
130,-106,-13.9511
132,-106,-14.5725
134,-106,-13.9306
136,-106,-12.3085
138,-106,-10.6197
140,-106,-9.33406
142,-106,-8.54748
144,-106,-8.21474
146,-106,-8.23588
148,-106,-8.48262
150,-106,-8.82048
152,-106,-9.14135
154,-106,-9.38803
156,-106,-9.54634
158,-106,-9.61419
160,-106,-9.57921
162,-106,-9.41963
164,-106,-9.11951
166,-106,-8.68428
168,-106,-8.14775
170,-106,-7.56897
172,-106,-7.02332
174,-106,-6.59393
176,-106,-6.36791
178,-106,-6.43951
180,-106,-6.92188
-180,-104,-6.92188
-178,-104,-7.9871
-176,-104,-9.91321
-174,-104,-13.3441
-172,-104,-20.5349
-170,-104,-24.4093
-168,-104,-14.4821
-166,-104,-10.0833
-164,-104,-7.58266
-162,-104,-6.12939
-160,-104,-5.41938
-158,-104,-5.33851
-156,-104,-5.8686
-154,-104,-7.04019
-152,-104,-8.83541
-150,-104,-10.8228
-148,-104,-11.5941
-146,-104,-10.5503
-144,-104,-9.19343
-142,-104,-8.44758
-140,-104,-8.46267
-138,-104,-9.1525
-136,-104,-10.3096
-134,-104,-11.5808
-132,-104,-12.5685
-130,-104,-13.1421
-128,-104,-13.4708
-126,-104,-13.647
-124,-104,-13.4805
-122,-104,-12.7042
-120,-104,-11.3618
-118,-104,-9.79554
-116,-104,-8.32673
-114,-104,-7.13103
-112,-104,-6.27773
-110,-104,-5.77777
-108,-104,-5.60526
-106,-104,-5.69763
-104,-104,-5.9397
-102,-104,-6.14405
-100,-104,-6.0723
-98,-104,-5.55246
-96,-104,-4.60945
-94,-104,-3.42493
-92,-104,-2.18904
-90,-104,-1.02461
-88,-104,0.00800418
-86,-104,0.886327
-84,-104,1.6075
-82,-104,2.17796
-80,-104,2.60797
-78,-104,2.90852
-76,-104,3.08971
-74,-104,3.15988
-72,-104,3.12508
-70,-104,2.98857
-68,-104,2.75045
-66,-104,2.40871
-64,-104,1.96467
-62,-104,1.43724
-60,-104,0.891131
-58,-104,0.473126
-56,-104,0.408402
-54,-104,0.872969
-52,-104,1.82069
-50,-104,3.02035
-48,-104,4.24055
-46,-104,5.33782
-44,-104,6.24295
-42,-104,6.92845
-40,-104,7.38773
-38,-104,7.62547
-36,-104,7.65437
-34,-104,7.49618
-32,-104,7.18705
-30,-104,6.78793
-28,-104,6.39641
-26,-104,6.14395
-24,-104,6.15265
-22,-104,6.46066
-20,-104,6.99261
-18,-104,7.61505
-16,-104,8.20858
-14,-104,8.69702
-12,-104,9.04237
-10,-104,9.2311
-8,-104,9.26373
-6,-104,9.14976
-4,-104,8.90708
-2,-104,8.56422
0,-104,8.16368
2,-104,7.76299
4,-104,7.42889
6,-104,7.22085
8,-104,7.16861
10,-104,7.25912
12,-104,7.44458
14,-104,7.66464
16,-104,7.86636
18,-104,8.01335
20,-104,8.086
22,-104,8.07713
24,-104,7.98676
26,-104,7.81729
28,-104,7.57064
30,-104,7.24767
32,-104,6.84974
34,-104,6.38133
36,-104,5.85171
38,-104,5.27429
40,-104,4.66303
42,-104,4.02728
44,-104,3.36778
46,-104,2.67602
48,-104,1.93797
50,-104,1.14147
52,-104,0.287083
54,-104,-0.599251
56,-104,-1.45905
58,-104,-2.21629
60,-104,-2.82539
62,-104,-3.3212
64,-104,-3.81473
66,-104,-4.43612
68,-104,-5.27705
70,-104,-6.34972
72,-104,-7.53984
74,-104,-8.56626
76,-104,-9.09573
78,-104,-9.07743
80,-104,-8.81673
82,-104,-8.65574
84,-104,-8.78996
86,-104,-9.28403
88,-104,-10.093
90,-104,-11.0156
92,-104,-11.6458
94,-104,-11.6071
96,-104,-11.0143
98,-104,-10.3398
100,-104,-9.96172
102,-104,-10.0784
104,-104,-10.7986
106,-104,-12.1851
108,-104,-14.1379
110,-104,-15.826
112,-104,-15.558
114,-104,-13.7666
116,-104,-12.0756
118,-104,-11.0016
120,-104,-10.5484
122,-104,-10.6212
124,-104,-11.1113
126,-104,-11.9095
128,-104,-12.8877
130,-104,-13.7962
132,-104,-14.1067
134,-104,-13.3367
136,-104,-11.8126
138,-104,-10.2469
140,-104,-9.03846
142,-104,-8.29625
144,-104,-7.99983
146,-104,-8.07001
148,-104,-8.39076
150,-104,-8.82447
152,-104,-9.24114
154,-104,-9.55453
156,-104,-9.7349
158,-104,-9.78602
160,-104,-9.7137
162,-104,-9.51381
164,-104,-9.18063
166,-104,-8.72188
168,-104,-8.16924
170,-104,-7.57901
172,-104,-7.02505
174,-104,-6.59016
176,-104,-6.36167
178,-104,-6.43419
180,-104,-6.92188
-180,-102,-6.92188
-178,-102,-7.99814
-176,-102,-9.94844
-174,-102,-13.441
-172,-102,-20.9071
-170,-102,-24.1574
-168,-102,-14.275
-166,-102,-9.92761
-164,-102,-7.44924
-162,-102,-6.00361
-160,-102,-5.28968
-158,-102,-5.19245
-156,-102,-5.68866
-154,-102,-6.79237
-152,-102,-8.43795
-150,-102,-10.1112
-148,-102,-10.5422
-146,-102,-9.46941
-144,-102,-8.21245
-142,-102,-7.54097
-140,-102,-7.60332
-138,-102,-8.34592
-136,-102,-9.61162
-134,-102,-11.1102
-132,-102,-12.4596
-130,-102,-13.4428
-128,-102,-14.1377
-126,-102,-14.579
-124,-102,-14.4897
-122,-102,-13.6068
-120,-102,-12.151
-118,-102,-10.5737
-116,-102,-9.1723
-114,-102,-8.07456
-112,-102,-7.3221
-110,-102,-6.91402
-108,-102,-6.81598
-106,-102,-6.94987
-104,-102,-7.17143
-102,-102,-7.25919
-100,-102,-6.97641
-98,-102,-6.2227
-96,-102,-5.10694
-94,-102,-3.83114
-92,-102,-2.55809
-90,-102,-1.37908
-88,-102,-0.334033
-86,-102,0.565559
-84,-102,1.32234
-82,-102,1.94521
-80,-102,2.44477
-78,-102,2.83082
-76,-102,3.11101
-74,-102,3.29051
-72,-102,3.37187
-70,-102,3.35481
-68,-102,3.23553
-66,-102,3.00719
-64,-102,2.66359
-62,-102,2.21047
-60,-102,1.68891
-58,-102,1.21153
-56,-102,0.983787
-54,-102,1.2278
-52,-102,1.99507
-50,-102,3.10439
-48,-102,4.30615
-46,-102,5.42259
-44,-102,6.36134
-42,-102,7.08316
-40,-102,7.57602
-38,-102,7.84189
-36,-102,7.89167
-34,-102,7.74514
-32,-102,7.4355
-30,-102,7.01947
-28,-102,6.59051
-26,-102,6.28081
-24,-102,6.22414
-22,-102,6.478
-20,-102,6.9794
-18,-102,7.5932
-16,-102,8.19126
-14,-102,8.68928
-12,-102,9.04411
-10,-102,9.23956
-8,-102,9.27522
-6,-102,9.16079
-4,-102,8.91509
-2,-102,8.56804
0,-102,8.16368
2,-102,7.76106
4,-102,7.428
6,-102,7.22411
8,-102,7.17807
10,-102,7.27507
12,-102,7.46598
14,-102,7.69016
16,-102,7.89533
18,-102,8.04605
20,-102,8.12336
22,-102,8.12027
24,-102,8.03637
26,-102,7.87346
28,-102,7.63298
30,-102,7.31578
32,-102,6.92365
34,-102,6.46166
36,-102,5.93949
38,-102,5.37048
40,-102,4.76836
42,-102,4.14257
44,-102,3.49466
46,-102,2.81745
48,-102,2.09774
50,-102,1.32261
52,-102,0.489275
54,-102,-0.382665
56,-102,-1.24297
58,-102,-2.02156
60,-102,-2.67014
62,-102,-3.21184
64,-102,-3.74617
66,-102,-4.40109
68,-102,-5.27776
70,-102,-6.41102
72,-102,-7.72337
74,-102,-8.9614
76,-102,-9.73537
78,-102,-9.8588
80,-102,-9.59206
82,-102,-9.33375
84,-102,-9.33064
86,-102,-9.66859
88,-102,-10.312
90,-102,-11.08
92,-102,-11.6132
94,-102,-11.5601
96,-102,-10.9745
98,-102,-10.2609
100,-102,-9.78079
102,-102,-9.73115
104,-102,-10.2055
106,-102,-11.2256
108,-102,-12.6485
110,-102,-13.8604
112,-102,-13.8343
114,-102,-12.6395
116,-102,-11.3231
118,-102,-10.4571
120,-102,-10.1608
122,-102,-10.3944
124,-102,-11.0523
126,-102,-11.9709
128,-102,-12.9159
130,-102,-13.5617
132,-102,-13.5234
134,-102,-12.6434
136,-102,-11.2532
138,-102,-9.85125
140,-102,-8.75013
142,-102,-8.06676
144,-102,-7.80762
146,-102,-7.91817
148,-102,-8.29981
150,-102,-8.81878
152,-102,-9.32868
154,-102,-9.71291
156,-102,-9.91972
158,-102,-9.95465
160,-102,-9.84228
162,-102,-9.59863
164,-102,-9.2302
166,-102,-8.748
168,-102,-8.18136
170,-102,-7.58284
172,-102,-7.02367
174,-102,-6.58556
176,-102,-6.35576
178,-102,-6.42942
180,-102,-6.92188
-180,-100,-6.92188
-178,-100,-8.00783
-176,-100,-9.97952
-174,-100,-13.5267
-172,-100,-21.2468
-170,-100,-23.9192
-168,-100,-14.1037
-166,-100,-9.80063
-164,-100,-7.34055
-162,-100,-5.89935
-160,-100,-5.1784
-158,-100,-5.06212
-156,-100,-5.52299
-154,-100,-6.56047
-152,-100,-8.06785
-150,-100,-9.47591
-148,-100,-9.65458
-146,-100,-8.56816
-144,-100,-7.39554
-142,-100,-6.79888
-140,-100,-6.92348
-138,-100,-7.73941
-136,-100,-9.12619
-134,-100,-10.8405
-132,-100,-12.5202
-130,-100,-13.8928
-128,-100,-14.952
-126,-100,-15.6357
-124,-100,-15.5384
-122,-100,-14.4871
-120,-100,-12.9634
-118,-100,-11.4683
-116,-100,-10.2115
-114,-100,-9.2464
-112,-100,-8.58163
-110,-100,-8.21039
-108,-100,-8.10267
-106,-100,-8.18513
-104,-100,-8.31789
-102,-100,-8.29239
-100,-100,-7.90119
-98,-100,-7.07212
-96,-100,-5.91358
-94,-100,-4.607
-92,-100,-3.29789
-90,-100,-2.06992
-88,-100,-0.96128
-86,-100,0.0159134
-84,-100,0.862794
-82,-100,1.58612
-80,-100,2.19375
-78,-100,2.69223
-76,-100,3.08593
-74,-100,3.37711
-72,-100,3.56617
-70,-100,3.65124
-68,-100,3.62717
-66,-100,3.48516
-64,-100,3.21538
-62,-100,2.81614
-60,-100,2.31395
-58,-100,1.79791
-56,-100,1.45309
-54,-100,1.52264
-52,-100,2.13248
-50,-100,3.15695
-48,-100,4.3402
-46,-100,5.47452
-44,-100,6.44515
-42,-100,7.20132
-40,-100,7.72578
-38,-100,8.01816
-36,-100,8.08793
-34,-100,7.95333
-32,-100,7.64528
-30,-100,7.2171
-28,-100,6.75856
-26,-100,6.40164
-24,-100,6.28891
-22,-100,6.49456
-20,-100,6.96777
-18,-100,7.57312
-16,-100,8.17496
-14,-100,8.68159
-12,-100,9.04501
-10,-100,9.24659
-8,-100,9.28502
-6,-100,9.17024
-4,-100,8.92193
-2,-100,8.57127
0,-100,8.16368
2,-100,7.75948
4,-100,7.42737
6,-100,7.22699
8,-100,7.18605
10,-100,7.28827
12,-100,7.48341
14,-100,7.71078
16,-100,7.91874
18,-100,8.07277
20,-100,8.15454
22,-100,8.15708
24,-100,8.07948
26,-100,7.92279
28,-100,7.68786
30,-100,7.37547
32,-100,6.98797
34,-100,6.53121
36,-100,6.01544
38,-100,5.45407
40,-100,4.86032
42,-100,4.24313
44,-100,3.6041
46,-100,2.93686
48,-100,2.22946
50,-100,1.47003
52,-100,0.655702
54,-100,-0.196317
56,-100,-1.04195
58,-100,-1.82062
60,-100,-2.49163
62,-100,-3.07653
64,-100,-3.66432
66,-100,-4.37169
68,-100,-5.29501
70,-100,-6.47478
72,-100,-7.8552
74,-100,-9.22143
76,-100,-10.1982
78,-100,-10.5242
80,-100,-10.3726
82,-100,-10.1404
84,-100,-10.1067
86,-100,-10.3751
88,-100,-10.9097
90,-100,-11.5228
92,-100,-11.8695
94,-100,-11.6557
96,-100,-10.9708
98,-100,-10.1884
100,-100,-9.62855
102,-100,-9.4639
104,-100,-9.76873
106,-100,-10.5397
108,-100,-11.6197
110,-100,-12.5128
112,-100,-12.5094
114,-100,-11.616
116,-100,-10.5647
118,-100,-9.87684
120,-100,-9.72479
122,-100,-10.1112
124,-100,-10.9395
126,-100,-11.9935
128,-100,-12.911
130,-100,-13.2865
132,-100,-12.9261
134,-100,-11.9596
136,-100,-10.7012
138,-100,-9.46992
140,-100,-8.48916
142,-100,-7.872
144,-100,-7.64823
146,-100,-7.78879
148,-100,-8.21571
150,-100,-8.80491
152,-100,-9.4002
154,-100,-9.85609
156,-100,-10.0933
158,-100,-10.1139
160,-100,-9.96051
162,-100,-9.67124
164,-100,-9.26661
166,-100,-8.76179
168,-100,-8.18369
170,-100,-7.58028
172,-100,-7.01911
174,-100,-6.58008
176,-100,-6.35018
178,-100,-6.42521
180,-100,-6.92188
-180,-98,-6.92188
-178,-98,-8.01614
-176,-98,-10.0063
-174,-98,-13.6007
-172,-98,-21.546
-170,-98,-23.7055
-168,-98,-13.9662
-166,-98,-9.70069
-164,-98,-7.255
-162,-98,-5.81514
-160,-98,-5.08456
-158,-98,-4.94762
-156,-98,-5.37398
-154,-98,-6.35142
-152,-98,-7.74047
-150,-98,-8.93764
-148,-98,-8.93412
-146,-98,-7.84332
-144,-98,-6.74229
-142,-98,-6.21916
-140,-98,-6.41612
-138,-98,-7.32071
-136,-98,-8.8408
-134,-98,-10.7714
-132,-98,-12.7736
-130,-98,-14.53
-128,-98,-15.9022
-126,-98,-16.5805
-124,-98,-16.0367
-122,-98,-14.5706
-120,-98,-12.9999
-118,-98,-11.71
-116,-98,-10.7301
-114,-98,-9.99152
-112,-98,-9.44485
-110,-98,-9.08147
-108,-98,-8.90624
-106,-98,-8.8976
-104,-98,-8.97422
-102,-98,-8.97843
-100,-98,-8.70702
-98,-98,-8.01932
-96,-98,-6.941
-94,-98,-5.62785
-92,-98,-4.24647
-90,-98,-2.9094
-88,-98,-1.6751
-86,-98,-0.567242
-84,-98,0.409013
-82,-98,1.25676
-80,-98,1.98153
-78,-98,2.58849
-76,-98,3.08141
-74,-98,3.46273
-72,-98,3.73344
-70,-98,3.89229
-68,-98,3.93435
-66,-98,3.85023
-64,-98,3.62813
-62,-98,3.26184
-60,-98,2.76868
-58,-98,2.222
-56,-98,1.79079
-54,-98,1.72778
-52,-98,2.21266
-50,-98,3.16947
-48,-98,4.34161
-46,-98,5.49594
-44,-98,6.49772
-42,-98,7.2861
-40,-98,7.83966
-38,-98,8.1563
-36,-98,8.24453
-34,-98,8.1215
-32,-98,7.81634
-30,-98,7.3797
-28,-98,6.89829
-26,-98,6.50347
-24,-98,6.34434
-22,-98,6.50884
-20,-98,6.95732
-18,-98,7.55499
-16,-98,8.16005
-14,-98,8.67426
-12,-98,9.04531
-10,-98,9.2523
-8,-98,9.29319
-6,-98,9.17811
-4,-98,8.92759
-2,-98,8.57392
0,-98,8.16368
2,-98,7.75825
4,-98,7.42696
6,-98,7.22943
8,-98,7.19249
10,-98,7.29864
12,-98,7.49687
14,-98,7.72649
16,-98,7.93659
18,-98,8.0935
20,-98,8.17943
22,-98,8.18738
24,-98,8.11584
26,-98,7.96497
28,-98,7.73493
30,-98,7.42637
32,-98,7.04216
34,-98,6.58906
36,-98,6.07808
38,-98,5.52281
40,-98,4.93597
42,-98,4.32563
44,-98,3.6928
46,-98,3.03134
48,-98,2.33069
50,-98,1.58139
52,-98,0.78349
54,-98,-0.0443418
56,-98,-0.861441
58,-98,-1.6183
60,-98,-2.28943
62,-98,-2.90464
64,-98,-3.54678
66,-98,-4.31609
68,-98,-5.29014
70,-98,-6.4927
72,-98,-7.85846
74,-98,-9.18911
76,-98,-10.1756
78,-98,-10.6204
80,-98,-10.662
82,-98,-10.6204
84,-98,-10.7349
86,-98,-11.0902
88,-98,-11.6189
90,-98,-12.0843
92,-98,-12.1419
94,-98,-11.6318
96,-98,-10.7784
98,-98,-9.94331
100,-98,-9.37576
102,-98,-9.19914
104,-98,-9.46081
106,-98,-10.1385
108,-98,-11.0655
110,-98,-11.7931
112,-98,-11.7479
114,-98,-10.9552
116,-98,-10.027
118,-98,-9.43858
120,-98,-9.37775
122,-98,-9.87259
124,-98,-10.8383
126,-98,-12.0184
128,-98,-12.9179
130,-98,-13.0477
132,-98,-12.4121
134,-98,-11.3691
136,-98,-10.2139
138,-98,-9.13471
140,-98,-8.27142
142,-98,-7.7208
144,-98,-7.52827
146,-98,-7.68817
148,-98,-8.14419
150,-98,-8.78595
152,-98,-9.4541
154,-98,-9.97827
156,-98,-10.2485
158,-98,-10.2574
160,-98,-10.0638
162,-98,-9.72883
164,-98,-9.28842
166,-98,-8.76264
168,-98,-8.17601
170,-98,-7.57125
172,-98,-7.01132
174,-98,-6.5737
176,-98,-6.34491
178,-98,-6.42154
180,-98,-6.92188
-180,-96,-6.92188
-178,-96,-8.02304
-176,-96,-10.0286
-174,-96,-13.6622
-172,-96,-21.7966
-170,-96,-23.5233
-168,-96,-13.8611
-166,-96,-9.62629
-164,-96,-7.19119
-162,-96,-5.74982
-160,-96,-5.00752
-158,-96,-4.84938
-156,-96,-5.24397
-154,-96,-6.1709
-152,-96,-7.46663
-150,-96,-8.5073
-148,-96,-8.37781
-146,-96,-7.28845
-144,-96,-6.24705
-142,-96,-5.79217
-140,-96,-6.06309
-138,-96,-7.05943
-136,-96,-8.71008
-134,-96,-10.8431
-132,-96,-13.1542
-130,-96,-15.2987
-128,-96,-16.8916
-126,-96,-17.0896
-124,-96,-15.5966
-122,-96,-13.6293
-120,-96,-12.0462
-118,-96,-10.9865
-116,-96,-10.3235
-114,-96,-9.87823
-112,-96,-9.52361
-110,-96,-9.23564
-108,-96,-9.0669
-106,-96,-9.07275
-104,-96,-9.24847
-102,-96,-9.48656
-100,-96,-9.55481
-98,-96,-9.16677
-96,-96,-8.19718
-94,-96,-6.79901
-92,-96,-5.23363
-90,-96,-3.69197
-88,-96,-2.26856
-86,-96,-0.997894
-84,-96,0.11425
-82,-96,1.07376
-80,-96,1.89004
-78,-96,2.57237
-76,-96,3.12857
-74,-96,3.56455
-72,-96,3.88383
-70,-96,4.08642
-68,-96,4.16743
-66,-96,4.11648
-64,-96,3.91989
-62,-96,3.5682
-60,-96,3.0728
-58,-96,2.497
-56,-96,1.99903
-54,-96,1.83759
-52,-96,2.23123
-50,-96,3.1428
-48,-96,4.31475
-46,-96,5.49227
-44,-96,6.52407
-42,-96,7.34165
-40,-96,7.92082
-38,-96,8.2586
-36,-96,8.36303
-34,-96,8.2505
-32,-96,7.94881
-30,-96,7.50654
-28,-96,7.00806
-26,-96,6.58404
-24,-96,6.38829
-22,-96,6.51956
-20,-96,6.94769
-18,-96,7.539
-16,-96,8.14685
-14,-96,8.66758
-12,-96,9.04518
-10,-96,9.2568
-8,-96,9.29975
-6,-96,9.18442
-4,-96,8.93207
-2,-96,8.57597
0,-96,8.16368
2,-96,7.75736
4,-96,7.42678
6,-96,7.2314
8,-96,7.19735
10,-96,7.30617
12,-96,7.50632
14,-96,7.73731
16,-96,7.94891
18,-96,8.10824
20,-96,8.19797
22,-96,8.21101
24,-96,8.14517
26,-96,7.99965
28,-96,7.77383
30,-96,7.4681
32,-96,7.08576
34,-96,6.63448
36,-96,6.1262
38,-96,5.57491
40,-96,4.99301
42,-96,4.38768
44,-96,3.75895
46,-96,3.10042
48,-96,2.40265
50,-96,1.65929
52,-96,0.875119
54,-96,0.072987
56,-96,-0.707552
58,-96,-1.42795
60,-96,-2.08105
62,-96,-2.71045
64,-96,-3.39755
66,-96,-4.22617
68,-96,-5.24747
70,-96,-6.45072
72,-96,-7.7327
74,-96,-8.88568
76,-96,-9.68344
78,-96,-10.0765
80,-96,-10.2529
82,-96,-10.4647
84,-96,-10.8742
86,-96,-11.506
88,-96,-12.2075
90,-96,-12.6154
92,-96,-12.3628
94,-96,-11.5121
96,-96,-10.4837
98,-96,-9.63141
100,-96,-9.12938
102,-96,-9.04595
104,-96,-9.39725
106,-96,-10.1386
108,-96,-11.0761
110,-96,-11.7358
112,-96,-11.5841
114,-96,-10.7319
116,-96,-9.79787
118,-96,-9.22836
120,-96,-9.20253
122,-96,-9.75753
124,-96,-10.8201
126,-96,-12.1086
128,-96,-13.0039
130,-96,-12.9236
132,-96,-12.0521
134,-96,-10.9276
136,-96,-9.83469
138,-96,-8.87228
140,-96,-8.10966
142,-96,-7.61833
144,-96,-7.45037
146,-96,-7.6192
148,-96,-8.08898
150,-96,-8.76496
152,-96,-9.4901
154,-96,-10.0749
156,-96,-10.3785
158,-96,-10.3788
160,-96,-10.1476
162,-96,-9.76877
164,-96,-9.29444
166,-96,-8.7502
168,-96,-8.15831
170,-96,-7.55581
172,-96,-7.00036
174,-96,-6.56643
176,-96,-6.33995
178,-96,-6.41843
180,-96,-6.92188
-180,-94,-6.92188
-178,-94,-8.02853
-176,-94,-10.0464
-174,-94,-13.7108
-172,-94,-21.9914
-170,-94,-23.3766
-168,-94,-13.7867
-166,-94,-9.57615
-164,-94,-7.14793
-162,-94,-5.70245
-160,-94,-4.94692
-158,-94,-4.76805
-156,-94,-5.13506
-154,-94,-6.02321
-152,-94,-7.25346
-150,-94,-8.19033
-148,-94,-7.98161
-146,-94,-6.89714
-144,-94,-5.90225
-142,-94,-5.50442
-140,-94,-5.83966
-138,-94,-6.91315
-136,-94,-8.6643
-134,-94,-10.9435
-132,-94,-13.4929
-130,-94,-15.989
-128,-94,-17.6989
-126,-94,-17.0568
-124,-94,-14.6462
-122,-94,-12.3722
-120,-94,-10.8102
-118,-94,-9.9119
-116,-94,-9.48331
-114,-94,-9.29642
-112,-94,-9.16708
-110,-94,-9.04009
-108,-94,-8.99219
-106,-94,-9.14123
-104,-94,-9.55482
-102,-94,-10.1837
-100,-94,-10.7675
-98,-94,-10.7811
-96,-94,-9.80973
-94,-94,-8.08794
-92,-94,-6.14153
-90,-94,-4.28797
-88,-94,-2.63703
-86,-94,-1.20679
-84,-94,0.015138
-82,-94,1.049
-80,-94,1.9152
-78,-94,2.63179
-76,-94,3.2135
-74,-94,3.67124
-72,-94,4.01131
-70,-94,4.23432
-68,-94,4.33423
-66,-94,4.29858
-64,-94,4.11131
-62,-94,3.7604
-60,-94,3.25356
-58,-94,2.64832
-56,-94,2.09725
-54,-94,1.86499
-52,-94,2.19844
-50,-94,3.087
-48,-94,4.26902
-46,-94,5.47137
-44,-94,6.53037
-42,-94,7.37257
-40,-94,7.97259
-38,-94,8.3274
-36,-94,8.44497
-34,-94,8.34122
-32,-94,8.04293
-30,-94,7.59718
-28,-94,7.08669
-26,-94,6.64164
-24,-94,6.41912
-22,-94,6.52575
-20,-94,6.93863
-18,-94,7.52532
-16,-94,8.13567
-14,-94,8.66182
-12,-94,9.04479
-10,-94,9.26016
-8,-94,9.30474
-6,-94,9.18916
-4,-94,8.93536
-2,-94,8.57742
0,-94,8.16368
2,-94,7.75681
4,-94,7.4268
6,-94,7.23288
8,-94,7.20058
10,-94,7.31082
12,-94,7.51179
14,-94,7.74328
16,-94,7.95574
18,-94,8.11699
20,-94,8.2101
22,-94,8.22779
24,-94,8.16718
26,-94,8.02646
28,-94,7.80412
30,-94,7.50019
32,-94,7.11825
34,-94,6.6668
36,-94,6.15879
38,-94,5.60891
40,-94,5.02962
42,-94,4.42748
44,-94,3.80155
46,-94,3.14477
48,-94,2.44831
50,-94,1.70859
52,-94,0.93532
54,-94,0.15635
56,-94,-0.588476
58,-94,-1.26978
60,-94,-1.8971
62,-94,-2.52779
64,-94,-3.24473
66,-94,-4.1193
68,-94,-5.17774
70,-94,-6.37051
72,-94,-7.54736
74,-94,-8.48641
76,-94,-9.044
78,-94,-9.30629
80,-94,-9.51843
82,-94,-9.90754
84,-94,-10.6003
86,-94,-11.5897
88,-94,-12.6341
90,-94,-13.1509
92,-94,-12.6566
94,-94,-11.4865
96,-94,-10.2931
98,-94,-9.43216
100,-94,-9.02091
102,-94,-9.08622
104,-94,-9.61948
106,-94,-10.5526
108,-94,-11.637
110,-94,-12.2861
112,-94,-11.9381
114,-94,-10.8842
116,-94,-9.84066
118,-94,-9.22625
120,-94,-9.19085
122,-94,-9.76686
124,-94,-10.8908
126,-94,-12.2719
128,-94,-13.1868
130,-94,-12.9448
132,-94,-11.8746
134,-94,-10.6621
136,-94,-9.59084
138,-94,-8.70309
140,-94,-8.01379
142,-94,-7.56688
144,-94,-7.41369
146,-94,-7.5812
148,-94,-8.05104
150,-94,-8.7438
152,-94,-9.50842
154,-94,-10.1427
156,-94,-10.4774
158,-94,-10.4723
160,-94,-10.2076
162,-94,-9.78877
164,-94,-9.28383
166,-94,-8.7244
168,-94,-8.13078
170,-94,-7.53415
172,-94,-6.98632
174,-94,-6.55832
176,-94,-6.33531
178,-94,-6.41586
180,-94,-6.92188
-180,-92,-6.92188
-178,-92,-8.03257
-176,-92,-10.0596
-174,-92,-13.7459
-172,-92,-22.1241
-170,-92,-23.2676
-168,-92,-13.7421
-166,-92,-9.54915
-164,-92,-7.12422
-162,-92,-5.67235
-160,-92,-4.90268
-158,-92,-4.7044
-156,-92,-5.04906
-154,-92,-5.91138
-152,-92,-7.10524
-150,-92,-7.98925
-148,-92,-7.7424
-146,-92,-6.66445
-144,-92,-5.70068
-142,-92,-5.34217
-140,-92,-5.72054
-138,-92,-6.83821
-136,-92,-8.62954
-134,-92,-10.9448
-132,-92,-13.5613
-130,-92,-16.2244
-128,-92,-17.9491
-126,-92,-16.6467
-124,-92,-13.762
-122,-92,-11.3856
-120,-92,-9.86623
-118,-92,-9.0759
-116,-92,-8.80291
-114,-92,-8.80553
-112,-92,-8.86836
-110,-92,-8.90553
-108,-92,-8.99948
-106,-92,-9.314
-104,-92,-9.98821
-102,-92,-11.0631
-100,-92,-12.315
-98,-92,-12.8699
-96,-92,-11.6802
-94,-92,-9.30708
-92,-92,-6.82815
-90,-92,-4.64024
-88,-92,-2.79069
-86,-92,-1.24435
-84,-92,0.043142
-82,-92,1.11104
-80,-92,1.99212
-78,-92,2.71336
-76,-92,3.29614
-74,-92,3.7558
-72,-92,4.10061
-70,-92,4.33079
-68,-92,4.4381
-66,-92,4.40719
-64,-92,4.21943
-62,-92,3.86079
-60,-92,3.33716
-58,-92,2.70372
-56,-92,2.11173
-54,-92,1.83274
-52,-92,2.13357
-50,-92,3.01797
-48,-92,4.21661
-46,-92,5.44207
-44,-92,6.52282
-42,-92,7.38324
-40,-92,7.99805
-38,-92,8.3648
-36,-92,8.4917
-34,-92,8.39439
-32,-92,8.09891
-30,-92,7.65133
-28,-92,7.13342
-26,-92,6.67516
-24,-92,6.43575
-22,-92,6.52676
-20,-92,6.93004
-18,-92,7.51417
-16,-92,8.12678
-14,-92,8.65719
-12,-92,9.04427
-10,-92,9.26244
-8,-92,9.30817
-6,-92,9.19233
-4,-92,8.93745
-2,-92,8.57828
0,-92,8.16368
2,-92,7.75661
4,-92,7.42701
6,-92,7.23384
8,-92,7.20217
10,-92,7.3126
12,-92,7.51329
14,-92,7.74444
16,-92,7.95714
18,-92,8.1198
20,-92,8.21576
22,-92,8.23754
24,-92,8.18153
26,-92,8.04492
28,-92,7.82527
30,-92,7.52208
32,-92,7.13906
34,-92,6.6854
36,-92,6.17507
38,-92,5.62373
40,-92,5.04441
42,-92,4.44362
44,-92,3.81976
46,-92,3.16497
48,-92,2.47033
50,-92,1.73371
52,-92,0.968206
54,-92,0.205586
56,-92,-0.513383
58,-92,-1.16501
60,-92,-1.7699
62,-92,-2.39506
64,-92,-3.12555
66,-92,-4.02609
68,-92,-5.10677
70,-92,-6.28987
72,-92,-7.38947
74,-92,-8.17506
76,-92,-8.56197
78,-92,-8.71779
80,-92,-8.91889
82,-92,-9.38703
84,-92,-10.2481
86,-92,-11.5089
88,-92,-12.9054
90,-92,-13.6442
92,-92,-13.0131
94,-92,-11.5878
96,-92,-10.2515
98,-92,-9.36955
100,-92,-9.02372
102,-92,-9.21958
104,-92,-9.94047
106,-92,-11.1092
108,-92,-12.419
110,-92,-13.1011
112,-92,-12.5133
114,-92,-11.202
116,-92,-10.0124
118,-92,-9.32701
120,-92,-9.25739
122,-92,-9.82482
124,-92,-10.9744
126,-92,-12.424
128,-92,-13.3905
130,-92,-13.0701
132,-92,-11.8646
134,-92,-10.574
136,-92,-9.4948
138,-92,-8.64039
140,-92,-7.99058
142,-92,-7.56645
144,-92,-7.41479
146,-92,-7.57065
148,-92,-8.02873
150,-92,-8.72273
152,-92,-9.50923
154,-92,-10.1793
156,-92,-10.5404
158,-92,-10.5326
160,-92,-10.2403
162,-92,-9.78703
164,-92,-9.25615
166,-92,-8.6855
168,-92,-8.09383
170,-92,-7.50656
172,-92,-6.96936
174,-92,-6.54942
176,-92,-6.33101
178,-92,-6.41384
180,-92,-6.92188
-180,-90,-6.92188
-178,-90,-8.03517
-176,-90,-10.068
-174,-90,-13.7674
-172,-90,-22.1906
-170,-90,-23.1974
-168,-90,-13.7261
-166,-90,-9.54435
-164,-90,-7.11925
-162,-90,-5.65905
-160,-90,-4.87492
-158,-90,-4.65926
-156,-90,-4.98742
-154,-90,-5.83726
-152,-90,-7.02396
-150,-90,-7.90495
-148,-90,-7.65862
-146,-90,-6.58768
-144,-90,-5.63725
-142,-90,-5.29506
-140,-90,-5.68701
-138,-90,-6.80415
-136,-90,-8.55976
-134,-90,-10.7783
-132,-90,-13.2417
-130,-90,-15.7589
-128,-90,-17.3978
-126,-90,-16.0645
-124,-90,-13.198
-122,-90,-10.8678
-120,-90,-9.4125
-118,-90,-8.70498
-116,-90,-8.53645
-114,-90,-8.65917
-112,-90,-8.8351
-110,-90,-8.95399
-108,-90,-9.10036
-106,-90,-9.4684
-104,-90,-10.2434
-102,-90,-11.5338
-100,-90,-13.1937
-98,-90,-14.1433
-96,-90,-12.7065
-94,-90,-9.83824
-92,-90,-7.05009
-90,-90,-4.70263
-88,-90,-2.77295
-86,-90,-1.18889
-84,-90,0.112208
-82,-90,1.17967
-80,-90,2.05291
-78,-90,2.76386
-76,-90,3.33775
-74,-90,3.79226
-72,-90,4.1362
-70,-90,4.36839
-68,-90,4.47792
-66,-90,4.44651
-64,-90,4.2533
-62,-90,3.88313
-60,-90,3.34168
-58,-90,2.68465
-56,-90,2.06565
-54,-90,1.76375
-52,-90,2.05722
-50,-90,2.9521
-48,-90,4.16918
-46,-90,5.41217
-44,-90,6.50661
-42,-90,7.37712
-40,-90,7.99956
-38,-90,8.37239
-36,-90,8.50423
-34,-90,8.41055
-32,-90,8.1169
-30,-90,7.66883
-28,-90,7.14779
-26,-90,6.68397
-24,-90,6.43761
-22,-90,6.52231
-20,-90,6.92198
-18,-90,7.50577
-16,-90,8.12044
-14,-90,8.65388
-12,-90,9.04374
-10,-90,9.26371
-8,-90,9.31006
-6,-90,9.19393
-4,-90,8.93834
-2,-90,8.57854
0,-90,8.16368
2,-90,7.75674
4,-90,7.42741
6,-90,7.23428
8,-90,7.20212
10,-90,7.3115
12,-90,7.51086
14,-90,7.74088
16,-90,7.9532
18,-90,8.11671
20,-90,8.21492
22,-90,8.24008
24,-90,8.18788
26,-90,8.05454
28,-90,7.83666
30,-90,7.53314
32,-90,7.14761
34,-90,6.68976
36,-90,6.1745
38,-90,5.61873
40,-90,5.03654
42,-90,4.43507
44,-90,3.81265
46,-90,3.16073
48,-90,2.4695
50,-90,1.73642
52,-90,0.975166
54,-90,0.218932
56,-90,-0.490432
58,-90,-1.13015
60,-90,-1.72394
62,-90,-2.3422
64,-90,-3.07154
66,-90,-3.97566
68,-90,-5.06085
70,-90,-6.2415
72,-90,-7.32005
74,-90,-8.06031
76,-90,-8.39135
78,-90,-8.50295
80,-90,-8.68197
82,-90,-9.15172
84,-90,-10.042
86,-90,-11.3735
88,-90,-12.8989
90,-90,-13.7725
92,-90,-13.1437
94,-90,-11.6376
96,-90,-10.241
98,-90,-9.33626
100,-90,-8.99872
102,-90,-9.22994
104,-90,-10.0146
106,-90,-11.2797
108,-90,-12.7064
110,-90,-13.4457
112,-90,-12.788
114,-90,-11.3794
116,-90,-10.1263
118,-90,-9.40028
120,-90,-9.29837
122,-90,-9.83766
124,-90,-10.9711
126,-90,-12.4405
128,-90,-13.4777
130,-90,-13.2049
132,-90,-11.9766
134,-90,-10.6475
136,-90,-9.5476
138,-90,-8.69043
140,-90,-8.04325
142,-90,-7.61516
144,-90,-7.44876
146,-90,-7.58252
148,-90,-8.01889
150,-90,-8.70091
152,-90,-9.49267
154,-90,-10.1835
156,-90,-10.564
158,-90,-10.556
160,-90,-10.243
162,-90,-9.76241
164,-90,-9.21143
166,-90,-8.63404
168,-90,-8.04806
170,-90,-7.47348
172,-90,-6.9497
174,-90,-6.53981
176,-90,-6.32706
178,-90,-6.41239
180,-90,-6.92188
-180,-88,-6.92188
-178,-88,-8.0363
-176,-88,-10.0717
-174,-88,-13.775
-172,-88,-22.1894
-170,-88,-23.1658
-168,-88,-13.738
-166,-88,-9.56104
-164,-88,-7.13244
-162,-88,-5.66228
-160,-88,-4.86391
-158,-88,-4.63345
-156,-88,-4.95124
-154,-88,-5.80169
-152,-88,-7.0098
-150,-88,-7.93734
-148,-88,-7.73068
-146,-88,-6.66695
-144,-88,-5.71038
-142,-88,-5.35892
-140,-88,-5.73255
-138,-88,-6.80543
-136,-88,-8.46121
-134,-88,-10.4883
-132,-88,-12.6566
-130,-88,-14.8171
-128,-88,-16.3046
-126,-88,-15.4492
-124,-88,-13.0042
-122,-88,-10.8561
-120,-88,-9.49782
-118,-88,-8.86384
-116,-88,-8.75889
-114,-88,-8.9253
-112,-88,-9.10304
-110,-88,-9.17079
-108,-88,-9.22489
-106,-88,-9.47209
-104,-88,-10.0871
-102,-88,-11.1335
-100,-88,-12.3988
-98,-88,-12.9646
-96,-88,-11.6913
-94,-88,-9.21012
-92,-88,-6.66866
-90,-88,-4.45712
-88,-88,-2.60858
-86,-88,-1.07898
-84,-88,0.18184
-82,-88,1.21783
-80,-88,2.06631
-78,-88,2.75866
-76,-88,3.32
-74,-88,3.76756
-72,-88,4.10886
-70,-88,4.34051
-68,-88,4.44896
-66,-88,4.41359
-64,-88,4.21218
-62,-88,3.82952
-60,-88,3.27265
-58,-88,2.60031
-56,-88,1.97165
-54,-88,1.67296
-52,-88,1.9841
-50,-88,2.90115
-48,-88,4.13477
-46,-88,5.38677
-44,-88,6.48491
-42,-88,7.35627
-40,-88,7.97848
-38,-88,8.35107
-36,-88,8.48308
-34,-88,8.38993
-32,-88,8.09693
-30,-88,7.64957
-28,-88,7.12968
-26,-88,6.66796
-24,-88,6.42466
-22,-88,6.51251
-20,-88,6.91466
-18,-88,7.50037
-16,-88,8.11685
-14,-88,8.65202
-12,-88,9.04325
-10,-88,9.26396
-8,-88,9.31041
-6,-88,9.19396
-4,-88,8.93803
-2,-88,8.57819
0,-88,8.16368
2,-88,7.75721
4,-88,7.428
6,-88,7.23419
8,-88,7.20044
10,-88,7.30758
12,-88,7.50457
14,-88,7.73266
16,-88,7.944
18,-88,8.10777
20,-88,8.20755
22,-88,8.23526
24,-88,8.1859
26,-88,8.0548
28,-88,7.83766
30,-88,7.53272
32,-88,7.14334
34,-88,6.67949
36,-88,6.15695
38,-88,5.59389
40,-88,5.00592
42,-88,4.40145
44,-88,3.77941
46,-88,3.1308
48,-88,2.44428
50,-88,1.71498
52,-88,0.954038
54,-88,0.19311
56,-88,-0.525046
58,-88,-1.17364
60,-88,-1.77101
62,-88,-2.38403
64,-88,-3.09948
66,-88,-3.98508
68,-88,-5.05567
70,-88,-6.24028
72,-88,-7.35788
74,-88,-8.16962
76,-88,-8.56722
78,-88,-8.70265
80,-88,-8.85573
82,-88,-9.25667
84,-88,-10.0361
86,-88,-11.2073
88,-88,-12.5404
90,-88,-13.3267
92,-88,-12.8404
94,-88,-11.5044
96,-88,-10.1796
98,-88,-9.27167
100,-88,-8.88572
102,-88,-9.036
104,-88,-9.70954
106,-88,-10.8365
108,-88,-12.1398
110,-88,-12.9093
112,-88,-12.4707
114,-88,-11.2516
116,-88,-10.0857
118,-88,-9.3843
120,-88,-9.27253
122,-88,-9.777
124,-88,-10.8562
126,-88,-12.2809
128,-88,-13.3711
130,-88,-13.2682
132,-88,-12.1629
134,-88,-10.8629
136,-88,-9.74459
138,-88,-8.85389
140,-88,-8.17138
142,-88,-7.7095
144,-88,-7.51025
146,-88,-7.61172
148,-88,-8.0182
150,-88,-8.67734
152,-88,-9.45924
154,-88,-10.1552
156,-88,-10.5467
158,-88,-10.5401
160,-88,-10.2139
162,-88,-9.71457
164,-88,-9.15018
166,-88,-8.57087
168,-88,-7.99424
170,-88,-7.43541
172,-88,-6.92762
174,-88,-6.52962
176,-88,-6.3235
178,-88,-6.41148
180,-88,-6.92188
-180,-86,-6.92188
-178,-86,-8.03597
-176,-86,-10.0706
-174,-86,-13.7686
-172,-86,-22.1213
-170,-86,-23.1723
-168,-86,-13.7773
-166,-86,-9.59867
-164,-86,-7.16336
-162,-86,-5.68199
-160,-86,-4.87004
-158,-86,-4.62774
-156,-86,-4.94124
-154,-86,-5.80462
-152,-86,-7.06126
-150,-86,-8.08543
-148,-86,-7.96107
-146,-86,-6.90564
-144,-86,-5.92276
-142,-86,-5.53693
-140,-86,-5.86462
-138,-86,-6.86261
-136,-86,-8.38726
-134,-86,-10.1979
-132,-86,-12.0535
-130,-86,-13.8333
-128,-86,-15.1496
-126,-86,-14.8927
-124,-86,-13.1432
-122,-86,-11.3319
-120,-86,-10.1243
-118,-86,-9.56048
-116,-86,-9.46738
-114,-86,-9.57488
-112,-86,-9.61699
-110,-86,-9.5018
-108,-86,-9.3605
-106,-86,-9.39349
-104,-86,-9.72276
-102,-86,-10.3218
-100,-86,-10.9155
-98,-86,-10.8973
-96,-86,-9.78582
-94,-86,-7.89825
-92,-86,-5.84354
-90,-86,-3.94499
-88,-86,-2.29499
-86,-86,-0.896427
-84,-86,0.274341
-82,-86,1.24689
-80,-86,2.0505
-78,-86,2.71173
-76,-86,3.25224
-74,-86,3.68636
-72,-86,4.01876
-70,-86,4.24335
-68,-86,4.34429
-66,-86,4.2995
-64,-86,4.08639
-62,-86,3.6908
-60,-86,3.12264
-58,-86,2.44619
-56,-86,1.82913
-54,-86,1.56369
-52,-86,1.9193
-50,-86,2.86947
-48,-86,4.11614
-46,-86,5.36737
-44,-86,6.45848
-42,-86,7.32105
-40,-86,7.93497
-38,-86,8.30089
-36,-86,8.42824
-34,-86,8.33246
-32,-86,8.03892
-30,-86,7.59357
-28,-86,7.07928
-26,-86,6.62755
-24,-86,6.39743
-22,-86,6.49785
-20,-86,6.90845
-18,-86,7.49824
-16,-86,8.11616
-14,-86,8.65169
-12,-86,9.04284
-10,-86,9.26322
-8,-86,9.3092
-6,-86,9.1924
-4,-86,8.93651
-2,-86,8.57724
0,-86,8.16368
2,-86,7.75802
4,-86,7.42879
6,-86,7.23359
8,-86,7.19715
10,-86,7.30086
12,-86,7.49447
14,-86,7.71988
16,-86,7.92963
18,-86,8.09308
20,-86,8.19366
22,-86,8.22294
24,-86,8.17529
26,-86,8.04524
28,-86,7.82769
30,-86,7.52021
32,-86,7.1258
34,-86,6.6545
36,-86,6.12273
38,-86,5.54994
40,-86,4.95346
42,-86,4.34342
44,-86,3.71986
46,-86,3.07363
48,-86,2.39148
50,-86,1.6648
52,-86,0.899836
54,-86,0.124259
56,-86,-0.618656
58,-86,-1.29422
60,-86,-1.90803
62,-86,-2.51702
64,-86,-3.2067
66,-86,-4.05311
68,-86,-5.08977
70,-86,-6.27802
72,-86,-7.47743
74,-86,-8.45689
76,-86,-9.0324
78,-86,-9.25336
80,-86,-9.36686
82,-86,-9.6212
84,-86,-10.1614
86,-86,-11.0035
88,-86,-11.9664
90,-86,-12.5702
92,-86,-12.2998
94,-86,-11.2909
96,-86,-10.1376
98,-86,-9.24905
100,-86,-8.78539
102,-86,-8.7938
104,-86,-9.2755
106,-86,-10.1742
108,-86,-11.2736
110,-86,-12.0409
112,-86,-11.8844
114,-86,-10.9649
116,-86,-9.96456
118,-86,-9.3314
120,-86,-9.2327
122,-86,-9.708
124,-86,-10.7151
126,-86,-12.0472
128,-86,-13.1448
130,-86,-13.2647
132,-86,-12.4051
134,-86,-11.2093
136,-86,-10.0814
138,-86,-9.1276
140,-86,-8.37082
142,-86,-7.84445
144,-86,-7.59434
146,-86,-7.65442
148,-86,-8.02462
150,-86,-8.65201
152,-86,-9.41048
154,-86,-10.0962
156,-86,-10.4891
158,-86,-10.4845
160,-86,-10.1531
162,-86,-9.64401
164,-86,-9.07339
166,-86,-8.49712
168,-86,-7.93331
170,-86,-7.39298
172,-86,-6.90343
174,-86,-6.51896
176,-86,-6.32036
178,-86,-6.41115
180,-86,-6.92188
-180,-84,-6.92188
-178,-84,-8.03417
-176,-84,-10.0648
-174,-84,-13.7484
-172,-84,-21.9899
-170,-84,-23.2155
-168,-84,-13.8437
-166,-84,-9.65691
-164,-84,-7.21182
-162,-84,-5.71826
-160,-84,-4.89379
-158,-84,-4.6428
-156,-84,-4.9578
-154,-84,-5.84509
-152,-84,-7.17516
-150,-84,-8.34698
-148,-84,-8.35451
-146,-84,-7.31079
-144,-84,-6.28137
-142,-84,-5.83896
-140,-84,-6.10167
-138,-84,-7.01252
-136,-84,-8.40892
-134,-84,-10.0319
-132,-84,-11.6283
-130,-84,-13.0891
-128,-84,-14.232
-126,-84,-14.4459
-124,-84,-13.4986
-122,-84,-12.191
-120,-84,-11.2023
-118,-84,-10.68
-116,-84,-10.4813
-114,-84,-10.3507
-112,-84,-10.0938
-110,-84,-9.72224
-108,-84,-9.39847
-106,-84,-9.26927
-104,-84,-9.37095
-102,-84,-9.59365
-100,-84,-9.65602
-98,-84,-9.19276
-96,-84,-8.06317
-94,-84,-6.49657
-92,-84,-4.81769
-90,-84,-3.2284
-88,-84,-1.81103
-86,-84,-0.585172
-84,-84,0.456495
-82,-84,1.33184
-80,-84,2.06213
-78,-84,2.66807
-76,-84,3.16672
-74,-84,3.56848
-72,-84,3.87466
-70,-84,4.07653
-68,-84,4.15653
-66,-84,4.09187
-64,-84,3.86042
-62,-84,3.44996
-60,-84,2.87474
-58,-84,2.20736
-56,-84,1.62719
-54,-84,1.42977
-52,-84,1.85954
-50,-84,2.85458
-48,-84,4.11113
-46,-84,5.35214
-44,-84,6.42578
-42,-84,7.27019
-40,-84,7.86805
-38,-84,8.2211
-36,-84,8.33915
-34,-84,8.23776
-32,-84,7.94269
-30,-84,7.50098
-28,-84,6.99715
-26,-84,6.56365
-24,-84,6.35696
-22,-84,6.47916
-20,-84,6.90387
-18,-84,7.49961
-16,-84,8.11848
-14,-84,8.65291
-12,-84,9.04249
-10,-84,9.26144
-8,-84,9.30642
-6,-84,9.18925
-4,-84,8.93378
-2,-84,8.5757
0,-84,8.16368
2,-84,7.75917
4,-84,7.42976
6,-84,7.2325
8,-84,7.19228
10,-84,7.2914
12,-84,7.48065
14,-84,7.70263
16,-84,7.91021
18,-84,8.07269
20,-84,8.17328
22,-84,8.20306
24,-84,8.15584
26,-84,8.02549
28,-84,7.80628
30,-84,7.49518
32,-84,7.09477
34,-84,6.615
36,-84,6.07273
38,-84,5.48847
40,-84,4.88125
42,-84,4.26303
44,-84,3.63516
46,-84,2.98851
48,-84,2.30789
50,-84,1.58051
52,-84,0.806873
54,-84,0.00960828
56,-84,-0.767678
58,-84,-1.48025
60,-84,-2.11623
62,-84,-2.71818
64,-84,-3.36969
66,-84,-4.15875
68,-84,-5.14355
70,-84,-6.32496
72,-84,-7.61346
74,-84,-8.79966
76,-84,-9.61408
78,-84,-9.94742
80,-84,-9.9808
82,-84,-10.0056
84,-84,-10.2228
86,-84,-10.6923
88,-84,-11.3171
90,-84,-11.8083
92,-84,-11.7838
94,-84,-11.143
96,-84,-10.2053
98,-84,-9.35427
100,-84,-8.81556
102,-84,-8.68793
104,-84,-9.00219
106,-84,-9.72561
108,-84,-10.6892
110,-84,-11.4612
112,-84,-11.4937
114,-84,-10.7907
116,-84,-9.92201
118,-84,-9.35228
120,-84,-9.27528
122,-84,-9.73295
124,-84,-10.6716
126,-84,-11.8952
128,-84,-12.9585
130,-84,-13.2822
132,-84,-12.7275
134,-84,-11.6929
136,-84,-10.557
138,-84,-9.50497
140,-84,-8.63347
142,-84,-8.01362
144,-84,-7.69724
146,-84,-7.70908
148,-84,-8.0384
150,-84,-8.62666
152,-84,-9.34936
154,-84,-10.0101
156,-84,-10.394
158,-84,-10.3912
160,-84,-10.0619
162,-84,-9.55212
164,-84,-8.98254
166,-84,-8.41415
168,-84,-7.86633
170,-84,-7.34687
172,-84,-6.87749
174,-84,-6.50798
176,-84,-6.31768
178,-84,-6.41138
180,-84,-6.92188
-180,-82,-6.92188
-178,-82,-8.0309
-176,-82,-10.0541
-174,-82,-13.7145
-172,-82,-21.8007
-170,-82,-23.2934
-168,-82,-13.9372
-166,-82,-9.73564
-164,-82,-7.27781
-162,-82,-5.77137
-160,-82,-4.93569
-158,-82,-4.67921
-156,-82,-5.00089
-154,-82,-5.92135
-152,-82,-7.3464
-150,-82,-8.71761
-148,-82,-8.91787
-146,-82,-7.89347
-144,-82,-6.7971
-142,-82,-6.27944
-140,-82,-6.46738
-138,-82,-7.29462
-136,-82,-8.5871
-134,-82,-10.0725
-132,-82,-11.4771
-130,-82,-12.6854
-128,-82,-13.6487
-126,-82,-14.1179
-124,-82,-13.8595
-122,-82,-13.1315
-120,-82,-12.3729
-118,-82,-11.75
-116,-82,-11.1868
-114,-82,-10.5733
-112,-82,-9.92129
-110,-82,-9.35056
-108,-82,-8.97673
-106,-82,-8.8368
-104,-82,-8.86346
-102,-82,-8.87334
-100,-82,-8.59944
-98,-82,-7.84291
-96,-82,-6.64107
-94,-82,-5.20777
-92,-82,-3.74923
-90,-82,-2.38659
-88,-82,-1.17208
-86,-82,-0.119532
-84,-82,0.776114
-82,-82,1.52878
-80,-82,2.15593
-78,-82,2.67489
-76,-82,3.09968
-74,-82,3.43801
-72,-82,3.68895
-70,-82,3.84222
-68,-82,3.87953
-66,-82,3.77816
-64,-82,3.51709
-62,-82,3.08686
-60,-82,2.50786
-58,-82,1.86446
-56,-82,1.35116
-54,-82,1.26177
-52,-82,1.79778
-50,-82,2.85009
-48,-82,4.11424
-46,-82,5.33668
-44,-82,6.38343
-42,-82,7.20112
-40,-82,7.77579
-38,-82,8.1103
-36,-82,8.21481
-34,-82,8.10522
-32,-82,7.80808
-30,-82,7.37214
-28,-82,6.88425
-26,-82,6.47775
-24,-82,6.3048
-22,-82,6.4576
-20,-82,6.90151
-18,-82,7.50471
-16,-82,8.12384
-14,-82,8.65564
-12,-82,9.04214
-10,-82,9.25859
-8,-82,9.30205
-6,-82,9.1845
-4,-82,8.92984
-2,-82,8.57355
0,-82,8.16368
2,-82,7.76066
4,-82,7.43095
6,-82,7.23094
8,-82,7.18589
10,-82,7.27928
12,-82,7.46318
14,-82,7.68101
16,-82,7.88583
18,-82,8.04673
20,-82,8.14646
22,-82,8.1756
24,-82,8.12744
26,-82,7.99537
28,-82,7.77318
30,-82,7.45744
32,-82,7.05033
34,-82,6.56162
36,-82,6.00838
38,-82,5.41192
40,-82,4.79261
42,-82,4.16394
44,-82,3.52838
46,-82,2.87679
48,-82,2.19232
50,-82,1.45872
52,-82,0.671646
54,-82,-0.150409
56,-82,-0.962913
58,-82,-1.71056
60,-82,-2.36309
62,-82,-2.94827
64,-82,-3.54923
66,-82,-4.26827
68,-82,-5.18791
70,-82,-6.34195
72,-82,-7.68017
74,-82,-9.01255
76,-82,-9.99992
78,-82,-10.378
80,-82,-10.2673
82,-82,-10.0347
84,-82,-9.96389
86,-82,-10.1671
88,-82,-10.6096
90,-82,-11.1059
92,-82,-11.3347
94,-82,-11.0457
96,-82,-10.3363
98,-82,-9.54531
100,-82,-8.9635
102,-82,-8.75056
104,-82,-8.97383
106,-82,-9.62514
108,-82,-10.563
110,-82,-11.3855
112,-82,-11.5252
114,-82,-10.9072
116,-82,-10.0805
118,-82,-9.53431
120,-82,-9.47085
122,-82,-9.91899
124,-82,-10.8014
126,-82,-11.9208
128,-82,-12.9287
130,-82,-13.4154
132,-82,-13.1752
134,-82,-12.3314
136,-82,-11.1708
138,-82,-9.97402
140,-82,-8.94673
142,-82,-8.2096
144,-82,-7.8168
146,-82,-7.77688
148,-82,-8.0624
150,-82,-8.60503
152,-82,-9.28032
154,-82,-9.90165
156,-82,-10.2661
158,-82,-10.2637
160,-82,-9.94296
162,-82,-9.44109
164,-82,-8.87951
166,-82,-8.32351
168,-82,-7.79446
170,-82,-7.29782
172,-82,-6.8502
174,-82,-6.49685
176,-82,-6.31551
178,-82,-6.41218
180,-82,-6.92188
-180,-80,-6.92188
-178,-80,-8.02618
-176,-80,-10.0387
-174,-80,-13.6673
-172,-80,-21.5604
-170,-80,-23.4031
-168,-80,-14.0579
-166,-80,-9.83498
-164,-80,-7.36152
-162,-80,-5.8417
-160,-80,-4.99631
-158,-80,-4.73738
-156,-80,-5.07014
-154,-80,-6.03071
-152,-80,-7.56762
-150,-80,-9.18908
-148,-80,-9.65943
-146,-80,-8.66904
-144,-80,-7.48387
-142,-80,-6.87469
-140,-80,-6.98497
-138,-80,-7.74113
-136,-80,-8.96027
-134,-80,-10.3549
-132,-80,-11.6199
-130,-80,-12.6205
-128,-80,-13.3888
-126,-80,-13.8966
-124,-80,-14.0072
-122,-80,-13.664
-120,-80,-12.9482
-118,-80,-11.9685
-116,-80,-10.8462
-114,-80,-9.74523
-112,-80,-8.82734
-110,-80,-8.19568
-108,-80,-7.87791
-106,-80,-7.82576
-104,-80,-7.90453
-102,-80,-7.88589
-100,-80,-7.51253
-98,-80,-6.66722
-96,-80,-5.46189
-94,-80,-4.11005
-92,-80,-2.77981
-90,-80,-1.5613
-88,-80,-0.49093
-86,-80,0.423636
-84,-80,1.18911
-82,-80,1.81936
-80,-80,2.33129
-78,-80,2.74174
-76,-80,3.0645
-74,-80,3.30737
-72,-80,3.47
-70,-80,3.54309
-68,-80,3.50969
-66,-80,3.34875
-64,-80,3.04154
-62,-80,2.58289
-60,-80,2.00217
-58,-80,1.40044
-56,-80,0.99048
-54,-80,1.05436
-52,-80,1.72858
-50,-80,2.84901
-48,-80,4.11858
-46,-80,5.31522
-44,-80,6.3269
-42,-80,7.1104
-40,-80,7.65562
-38,-80,7.96663
-36,-80,8.05399
-34,-80,7.93414
-32,-80,7.63499
-30,-80,7.2077
-28,-80,6.74205
-26,-80,6.37191
-24,-80,6.24304
-22,-80,6.43459
-20,-80,6.90206
-18,-80,7.51372
-16,-80,8.1322
-14,-80,8.65979
-12,-80,9.04171
-10,-80,9.2546
-8,-80,9.29603
-6,-80,9.17812
-4,-80,8.92469
-2,-80,8.5708
0,-80,8.16368
2,-80,7.76249
4,-80,7.43235
6,-80,7.22895
8,-80,7.17804
10,-80,7.26457
12,-80,7.44216
14,-80,7.65512
16,-80,7.8566
18,-80,8.01529
20,-80,8.11332
22,-80,8.14067
24,-80,8.09016
26,-80,7.95488
28,-80,7.72842
30,-80,7.40712
32,-80,6.99292
34,-80,6.4954
36,-80,5.93165
38,-80,5.32342
40,-80,4.69185
42,-80,4.05128
44,-80,3.40465
46,-80,2.74261
48,-80,2.04725
50,-80,1.30046
52,-80,0.495562
54,-80,-0.350287
56,-80,-1.18986
58,-80,-1.95798
60,-80,-2.6097
62,-80,-3.16325
64,-80,-3.70533
66,-80,-4.35202
68,-80,-5.20216
70,-80,-6.30366
72,-80,-7.61447
74,-80,-8.93522
76,-80,-9.88341
78,-80,-10.1511
80,-80,-9.88515
82,-80,-9.50673
84,-80,-9.32324
86,-80,-9.45553
88,-80,-9.88873
90,-80,-10.4776
92,-80,-10.927
94,-80,-10.9129
96,-80,-10.3963
98,-80,-9.68009
100,-80,-9.10603
102,-80,-8.88521
104,-80,-9.11656
106,-80,-9.81415
108,-80,-10.8531
110,-80,-11.8124
112,-80,-12.0269
114,-80,-11.3728
116,-80,-10.484
118,-80,-9.90399
120,-80,-9.83009
122,-80,-10.2634
124,-80,-11.093
126,-80,-12.1146
128,-80,-13.0657
130,-80,-13.6953
132,-80,-13.774
134,-80,-13.1358
136,-80,-11.912
138,-80,-10.5124
140,-80,-9.29284
142,-80,-8.42457
144,-80,-7.95287
146,-80,-7.86168
148,-80,-8.10179
150,-80,-8.59241
152,-80,-9.20887
154,-80,-9.77712
156,-80,-10.1117
158,-80,-10.1076
160,-80,-9.80033
162,-80,-9.31386
164,-80,-8.76652
166,-80,-8.2269
168,-80,-7.71892
170,-80,-7.24661
172,-80,-6.82197
174,-80,-6.48574
176,-80,-6.31391
178,-80,-6.41356
180,-80,-6.92188
-180,-78,-6.92188
-178,-78,-8.02001
-176,-78,-10.0187
-174,-78,-13.6071
-172,-78,-21.2765
-170,-78,-23.5406
-168,-78,-14.2063
-166,-78,-9.95526
-164,-78,-7.46335
-162,-78,-5.9298
-160,-78,-5.07622
-158,-78,-4.8176
-156,-78,-5.16478
-154,-78,-6.16961
-152,-78,-7.82873
-150,-78,-9.74647
-148,-78,-10.5866
-146,-78,-9.65716
-144,-78,-8.35749
-142,-78,-7.64035
-140,-78,-7.67326
-138,-78,-8.37293
-136,-78,-9.54394
-134,-78,-10.8762
-132,-78,-12.0242
-130,-78,-12.8307
-128,-78,-13.3815
-126,-78,-13.7648
-124,-78,-13.9001
-122,-78,-13.5775
-120,-78,-12.6578
-118,-78,-11.2783
-116,-78,-9.77264
-114,-78,-8.43178
-112,-78,-7.4127
-110,-78,-6.76698
-108,-78,-6.47863
-106,-78,-6.4755
-104,-78,-6.6161
-102,-78,-6.67643
-100,-78,-6.40311
-98,-78,-5.66948
-96,-78,-4.57134
-94,-78,-3.31539
-92,-78,-2.07208
-90,-78,-0.936021
-88,-78,0.0528415
-86,-78,0.884328
-84,-78,1.56324
-82,-78,2.10191
-80,-78,2.51622
-78,-78,2.82275
-76,-78,3.03609
-74,-78,3.16611
-72,-78,3.21583
-70,-78,3.1802
-68,-78,3.04694
-66,-78,2.79968
-64,-78,2.42495
-62,-78,1.92534
-60,-78,1.34464
-58,-78,0.807752
-56,-78,0.546784
-54,-78,0.812698
-52,-78,1.65207
-50,-78,2.84622
-48,-78,4.11739
-46,-78,5.28161
-44,-78,6.25125
-42,-78,6.99427
-40,-78,7.50476
-38,-78,7.78809
-36,-78,7.85536
-34,-78,7.72389
-32,-78,7.42357
-30,-78,7.00877
-28,-78,6.57265
-26,-78,6.24887
-24,-78,6.17417
-22,-78,6.41175
-20,-78,6.90616
-18,-78,7.52672
-16,-78,8.14341
-14,-78,8.66517
-12,-78,9.04104
-10,-78,9.24938
-8,-78,9.28833
-6,-78,9.17012
-4,-78,8.91833
-2,-78,8.56746
0,-78,8.16368
2,-78,7.76465
4,-78,7.43398
6,-78,7.22658
8,-78,7.16881
10,-78,7.24737
12,-78,7.41769
14,-78,7.62505
16,-78,7.82262
18,-78,7.97848
20,-78,8.07399
22,-78,8.09842
24,-78,8.04419
26,-78,7.90428
28,-78,7.67233
30,-78,7.34474
32,-78,6.9234
34,-78,6.4178
36,-78,5.84493
38,-78,5.22658
40,-78,4.58393
42,-78,3.93118
44,-78,3.27086
46,-78,2.59303
48,-78,1.87953
50,-78,1.11254
52,-78,0.286598
54,-78,-0.578512
56,-78,-1.43033
58,-78,-2.19583
60,-78,-2.82346
62,-78,-3.33214
64,-78,-3.81685
66,-78,-4.40252
68,-78,-5.19029
70,-78,-6.21918
72,-78,-7.42275
74,-78,-8.56761
76,-78,-9.27926
78,-78,-9.35218
80,-78,-9.01469
82,-78,-8.66047
84,-78,-8.5468
86,-78,-8.77134
88,-78,-9.31742
90,-78,-10.0462
92,-78,-10.6578
94,-78,-10.7901
96,-78,-10.366
98,-78,-9.7019
100,-78,-9.17518
102,-78,-9.02118
104,-78,-9.35606
106,-78,-10.2144
108,-78,-11.4888
110,-78,-12.7026
112,-78,-12.9796
114,-78,-12.1584
116,-78,-11.0958
118,-78,-10.4187
120,-78,-10.2981
122,-78,-10.6922
124,-78,-11.4526
126,-78,-12.3735
128,-78,-13.2792
130,-78,-14.0619
132,-78,-14.488
134,-78,-14.0785
136,-78,-12.7412
138,-78,-11.0813
140,-78,-9.64908
142,-78,-8.65134
144,-78,-8.10754
146,-78,-7.96941
148,-78,-8.16317
150,-78,-8.59484
152,-78,-9.14079
154,-78,-9.643
156,-78,-9.93807
158,-78,-9.92926
160,-78,-9.63893
162,-78,-9.17387
164,-78,-8.64604
166,-78,-8.12612
168,-78,-7.64097
170,-78,-7.19403
172,-78,-6.79323
174,-78,-6.47485
176,-78,-6.31293
178,-78,-6.41554
180,-78,-6.92188
-180,-76,-6.92188
-178,-76,-8.01241
-176,-76,-9.99397
-174,-76,-13.5344
-172,-76,-20.9564
-170,-76,-23.7001
-168,-76,-14.3832
-166,-76,-10.0971
-164,-76,-7.5839
-162,-76,-6.03635
-160,-76,-5.17605
-158,-76,-4.92003
-156,-76,-5.28369
-154,-76,-6.33356
-152,-76,-8.1165
-150,-76,-10.3638
-148,-76,-11.6992
-146,-76,-10.8799
-144,-76,-9.43324
-142,-76,-8.5886
-140,-76,-8.5443
-138,-76,-9.19886
-136,-76,-10.3332
-134,-76,-11.5993
-132,-76,-12.604
-130,-76,-13.1841
-128,-76,-13.4833
-126,-76,-13.6591
-124,-76,-13.6537
-122,-76,-13.1993
-120,-76,-12.0894
-118,-76,-10.5008
-116,-76,-8.837
-114,-76,-7.39811
-112,-76,-6.31725
-110,-76,-5.62422
-108,-76,-5.29384
-106,-76,-5.26013
-104,-76,-5.40641
-102,-76,-5.54814
-100,-76,-5.45252
-98,-76,-4.94792
-96,-76,-4.04882
-94,-76,-2.92329
-92,-76,-1.75314
-90,-76,-0.657768
-88,-76,0.303596
-86,-76,1.10883
-84,-76,1.7554
-82,-76,2.25074
-80,-76,2.60725
-78,-76,2.83927
-76,-76,2.96076
-74,-76,2.98312
-72,-76,2.91325
-70,-76,2.75222
-68,-76,2.49541
-66,-76,2.13526
-64,-76,1.66864
-62,-76,1.11299
-60,-76,0.536468
-58,-76,0.0977979
-56,-76,0.0423881
-54,-76,0.556607
-52,-76,1.57546
-50,-76,2.8396
-48,-76,4.10521
-46,-76,5.23024
-44,-76,6.15184
-42,-76,6.84918
-40,-76,7.32058
-38,-76,7.57283
-36,-76,7.61777
-34,-76,7.47411
-32,-76,7.17439
-30,-76,6.77704
-28,-76,6.37887
-26,-76,6.11199
-24,-76,6.1011
-22,-76,6.39079
-20,-76,6.91443
-18,-76,7.54372
-16,-76,8.15727
-14,-76,8.67156
-12,-76,9.03996
-10,-76,9.2428
-8,-76,9.27888
-6,-76,9.16046
-4,-76,8.91076
-2,-76,8.56353
0,-76,8.16368
2,-76,7.76716
4,-76,7.43587
6,-76,7.22387
8,-76,7.15827
10,-76,7.22778
12,-76,7.38988
14,-76,7.59091
16,-76,7.78399
18,-76,7.93644
20,-76,8.02864
22,-76,8.04912
24,-76,7.98993
26,-76,7.84411
28,-76,7.60563
30,-76,7.27124
32,-76,6.84309
34,-76,6.3307
36,-76,5.75093
38,-76,5.12519
40,-76,4.4739
42,-76,3.81006
44,-76,3.13479
46,-76,2.43726
48,-76,1.69986
50,-76,0.90744
52,-76,0.0593224
54,-76,-0.818015
56,-76,-1.66492
58,-76,-2.40441
60,-76,-2.98917
62,-76,-3.44982
64,-76,-3.89133
66,-76,-4.43872
68,-76,-5.18094
70,-76,-6.13102
72,-76,-7.1831
74,-76,-8.07967
76,-76,-8.51701
78,-76,-8.44148
80,-76,-8.12691
82,-76,-7.89701
84,-76,-7.94682
86,-76,-8.3486
88,-76,-9.07643
90,-76,-9.97487
92,-76,-10.7018
94,-76,-10.8574
96,-76,-10.4078
98,-76,-9.74712
100,-76,-9.27979
102,-76,-9.23893
104,-76,-9.74411
106,-76,-10.8505
108,-76,-12.4745
110,-76,-14.0385
112,-76,-14.2868
114,-76,-13.1072
116,-76,-11.7721
118,-76,-10.9583
120,-76,-10.7636
122,-76,-11.0877
124,-76,-11.7492
126,-76,-12.5592
128,-76,-13.4331
130,-76,-14.3844
132,-76,-15.1917
134,-76,-15.0506
136,-76,-13.5655
138,-76,-11.6211
140,-76,-9.98958
142,-76,-8.88438
144,-76,-8.28472
146,-76,-8.10709
148,-76,-8.25337
150,-76,-8.61795
152,-76,-9.08135
154,-76,-9.50558
156,-76,-9.75261
158,-76,-9.73583
160,-76,-9.46428
162,-76,-9.02497
164,-76,-8.52067
166,-76,-8.02297
168,-76,-7.56187
170,-76,-7.14089
172,-76,-6.76443
174,-76,-6.46436
176,-76,-6.31263
178,-76,-6.41811
180,-76,-6.92188
-180,-74,-6.92188
-178,-74,-8.00339
-176,-74,-9.96478
-174,-74,-13.4499
-172,-74,-20.6071
-170,-74,-23.8734
-168,-74,-14.5895
-166,-74,-10.2612
-164,-74,-7.72396
-162,-74,-6.16216
-160,-74,-5.29644
-158,-74,-5.04475
-156,-74,-5.42544
-154,-74,-6.51729
-152,-74,-8.4145
-150,-74,-10.9983
-148,-74,-12.9713
-146,-74,-12.3528
-144,-74,-10.7194
-142,-74,-9.72334
-140,-74,-9.60044
-138,-74,-10.2149
-136,-74,-11.3015
-134,-74,-12.4435
-132,-74,-13.195
-130,-74,-13.4413
-128,-74,-13.4286
-126,-74,-13.3768
-124,-74,-13.2584
-122,-74,-12.8016
-120,-74,-11.7327
-118,-74,-10.1515
-116,-74,-8.44926
-114,-74,-6.94399
-112,-74,-5.78001
-110,-74,-4.99155
-108,-74,-4.55901
-106,-74,-4.43046
-104,-74,-4.51941
-102,-74,-4.68994
-100,-74,-4.75158
-98,-74,-4.50912
-96,-74,-3.87609
-94,-74,-2.9342
-92,-74,-1.85305
-90,-74,-0.781836
-88,-74,0.188198
-86,-74,1.01286
-84,-74,1.67602
-82,-74,2.17649
-80,-74,2.52063
-78,-74,2.71843
-76,-74,2.7811
-74,-74,2.71938
-72,-74,2.54211
-70,-74,2.25541
-68,-74,1.86296
-66,-74,1.3691
-64,-74,0.787783
-62,-74,0.162892
-60,-74,-0.396507
-58,-74,-0.687235
-56,-74,-0.473126
-54,-74,0.320276
-52,-74,1.51172
-50,-74,2.83001
-48,-74,4.07851
-46,-74,5.15687
-44,-74,6.02502
-42,-74,6.6723
-40,-74,7.10102
-38,-74,7.31946
-36,-74,7.34052
-34,-74,7.18488
-32,-74,6.88865
-30,-74,6.51504
-28,-74,6.16441
-26,-74,5.96533
-24,-74,6.02704
-22,-74,6.37342
-20,-74,6.92737
-18,-74,7.56457
-16,-74,8.17345
-14,-74,8.67863
-12,-74,9.03824
-10,-74,9.23474
-8,-74,9.26763
-6,-74,9.14913
-4,-74,8.90198
-2,-74,8.55901
0,-74,8.16368
2,-74,7.77002
4,-74,7.43803
6,-74,7.22088
8,-74,7.14653
10,-74,7.20593
12,-74,7.35884
14,-74,7.55279
16,-74,7.7408
18,-74,7.88928
20,-74,7.97749
22,-74,7.99312
24,-74,7.92792
26,-74,7.77515
28,-74,7.52937
30,-74,7.188
32,-74,6.75376
34,-74,6.23639
36,-74,5.65259
38,-74,5.02298
40,-74,4.36648
42,-74,3.69389
44,-74,3.0041
46,-74,2.28527
48,-74,1.52126
50,-74,0.701544
52,-74,-0.166819
54,-74,-1.04795
56,-74,-1.87509
58,-74,-2.57329
60,-74,-3.10982
62,-74,-3.53328
64,-74,-3.95542
66,-74,-4.49205
68,-74,-5.21043
70,-74,-6.09173
72,-74,-6.99646
74,-74,-7.6728
76,-74,-7.91467
78,-74,-7.78151
80,-74,-7.5477
82,-74,-7.47448
84,-74,-7.71382
86,-74,-8.32186
88,-74,-9.26271
90,-74,-10.3485
92,-74,-11.1599
94,-74,-11.253
96,-74,-10.702
98,-74,-10.0176
100,-74,-9.61782
102,-74,-9.71679
104,-74,-10.4298
106,-74,-11.8285
108,-74,-13.8326
110,-74,-15.6362
112,-74,-15.4896
114,-74,-13.7889
116,-74,-12.2284
118,-74,-11.3393
120,-74,-11.0988
122,-74,-11.3507
124,-74,-11.8992
126,-74,-12.5947
128,-74,-13.4389
130,-74,-14.5327
132,-74,-15.6828
134,-74,-15.8247
136,-74,-14.2246
138,-74,-12.056
140,-74,-10.2884
142,-74,-9.11998
144,-74,-8.48918
146,-74,-8.2815
148,-74,-8.37819
150,-74,-8.666
152,-74,-9.03462
154,-74,-9.37041
156,-74,-9.56249
158,-74,-9.53454
160,-74,-9.28212
162,-74,-8.87113
164,-74,-8.39308
166,-74,-7.91927
168,-74,-7.48284
170,-74,-7.08798
172,-74,-6.73601
174,-74,-6.45448
176,-74,-6.31308
178,-74,-6.42128
180,-74,-6.92188
-180,-72,-6.92188
-178,-72,-7.99297
-176,-72,-9.93119
-174,-72,-13.3541
-172,-72,-20.2348
-170,-72,-24.0493
-168,-72,-14.8265
-166,-72,-10.4488
-164,-72,-7.88453
-162,-72,-6.30817
-160,-72,-5.43808
-158,-72,-5.19176
-156,-72,-5.58842
-154,-72,-6.71494
-152,-72,-8.70366
-150,-72,-11.5865
-148,-72,-14.3091
-146,-72,-14.0523
-144,-72,-12.1981
-142,-72,-11.0289
-140,-72,-10.8278
-138,-72,-11.3994
-136,-72,-12.3913
-134,-72,-13.2639
-132,-72,-13.5422
-130,-72,-13.2831
-128,-72,-12.8837
-126,-72,-12.6028
-124,-72,-12.4463
-122,-72,-12.1867
-120,-72,-11.4712
-118,-72,-10.174
-116,-72,-8.57411
-114,-72,-7.03672
-112,-72,-5.77121
-110,-72,-4.84789
-108,-72,-4.26586
-106,-72,-3.98987
-104,-72,-3.95962
-102,-72,-4.08263
-100,-72,-4.22163
-98,-72,-4.20112
-96,-72,-3.86823
-94,-72,-3.1873
-92,-72,-2.26012
-90,-72,-1.24269
-88,-72,-0.263219
-86,-72,0.600487
-84,-72,1.30981
-82,-72,1.84963
-80,-72,2.21743
-78,-72,2.41703
-76,-72,2.45523
-74,-72,2.33995
-72,-72,2.07919
-70,-72,1.68101
-68,-72,1.1552
-66,-72,0.518746
-64,-72,-0.190448
-62,-72,-0.885689
-60,-72,-1.39429
-58,-72,-1.46644
-56,-72,-0.926092
-54,-72,0.144371
-52,-72,1.47531
-50,-72,2.82008
-48,-72,4.03583
-46,-72,5.05913
-44,-72,5.86861
-42,-72,6.46196
-40,-72,6.84488
-38,-72,7.02724
-36,-72,7.02349
-34,-72,6.85703
-32,-72,6.56841
-30,-72,6.2263
-28,-72,5.93395
-26,-72,5.8136
-24,-72,5.95535
-22,-72,6.36125
-20,-72,6.94532
-18,-72,7.58902
-16,-72,8.19151
-14,-72,8.68602
-12,-72,9.03562
-10,-72,9.22504
-8,-72,9.2545
-6,-72,9.13611
-4,-72,8.892
-2,-72,8.55392
0,-72,8.16368
2,-72,7.77322
4,-72,7.44049
6,-72,7.21769
8,-72,7.1337
10,-72,7.18193
12,-72,7.32468
14,-72,7.5108
16,-72,7.69314
18,-72,7.83713
20,-72,7.92076
22,-72,7.93084
24,-72,7.85884
26,-72,7.69841
28,-72,7.44494
30,-72,7.09683
32,-72,6.65762
34,-72,6.13751
36,-72,5.55297
38,-72,4.9235
40,-72,4.26576
42,-72,3.58763
44,-72,2.88537
46,-72,2.14637
48,-72,1.35684
50,-72,0.512401
52,-72,-0.370603
54,-72,-1.24647
56,-72,-2.04429
58,-72,-2.69818
60,-72,-3.19631
62,-72,-3.60464
64,-72,-4.03487
66,-72,-4.58686
68,-72,-5.30333
70,-72,-6.13785
72,-72,-6.93431
74,-72,-7.47077
76,-72,-7.62693
78,-72,-7.52004
80,-72,-7.40332
82,-72,-7.49424
84,-72,-7.92016
86,-72,-8.72892
88,-72,-9.87412
90,-72,-11.1244
92,-72,-11.9679
94,-72,-11.9453
96,-72,-11.2902
98,-72,-10.6116
100,-72,-10.3107
102,-72,-10.5715
104,-72,-11.4922
106,-72,-13.1149
108,-72,-15.2
110,-72,-16.4643
112,-72,-15.4821
114,-72,-13.6097
116,-72,-12.1756
118,-72,-11.4162
120,-72,-11.2372
122,-72,-11.4661
124,-72,-11.9227
126,-72,-12.5139
128,-72,-13.3114
130,-72,-14.4573
132,-72,-15.7738
134,-72,-16.1044
136,-72,-14.524
138,-72,-12.3091
140,-72,-10.5222
142,-72,-9.35489
144,-72,-8.72466
146,-72,-8.49757
148,-72,-8.54119
150,-72,-8.74115
152,-72,-9.00312
154,-72,-9.24211
156,-72,-9.37431
158,-72,-9.33232
160,-72,-9.09814
162,-72,-8.71634
164,-72,-8.26588
166,-72,-7.81674
168,-72,-7.40506
170,-72,-7.03607
172,-72,-6.7084
174,-72,-6.44541
176,-72,-6.31433
178,-72,-6.42507
180,-72,-6.92188
-180,-70,-6.92188
-178,-70,-7.98119
-176,-70,-9.89333
-174,-70,-13.2478
-172,-70,-19.8451
-170,-70,-24.2129
-168,-70,-15.0957
-166,-70,-10.6611
-164,-70,-8.06683
-162,-70,-6.47546
-160,-70,-5.60175
-158,-70,-5.36108
-156,-70,-5.77095
-154,-70,-6.92048
-152,-70,-8.9639
-150,-70,-12.0476
-148,-70,-15.4778
-146,-70,-15.8145
-144,-70,-13.7748
-142,-70,-12.4435
-140,-70,-12.1808
-138,-70,-12.7034
-136,-70,-13.5033
-134,-70,-13.8627
-132,-70,-13.4168
-130,-70,-12.5492
-128,-70,-11.7532
-126,-70,-11.2455
-124,-70,-11.0361
-122,-70,-10.978
-120,-70,-10.7594
-118,-70,-10.0475
-116,-70,-8.82337
-114,-70,-7.39729
-112,-70,-6.07661
-110,-70,-5.01666
-108,-70,-4.26191
-106,-70,-3.80249
-104,-70,-3.60137
-102,-70,-3.59934
-100,-70,-3.7076
-98,-70,-3.79911
-96,-70,-3.72158
-94,-70,-3.35604
-92,-70,-2.69078
-90,-70,-1.82569
-88,-70,-0.900266
-86,-70,-0.0288226
-84,-70,0.717278
-82,-70,1.30067
-80,-70,1.70485
-78,-70,1.92466
-76,-70,1.96061
-74,-70,1.81586
-72,-70,1.49508
-70,-70,1.00509
-68,-70,0.35877
-66,-70,-0.414362
-64,-70,-1.24461
-62,-70,-1.98141
-60,-70,-2.36651
-58,-70,-2.13192
-56,-70,-1.24085
-54,-70,0.0610127
-52,-70,1.47642
-50,-70,2.81255
-48,-70,3.97749
-46,-70,4.93659
-44,-70,5.68209
-42,-70,6.21771
-40,-70,6.55192
-38,-70,6.69628
-36,-70,6.66742
-34,-70,6.49233
-32,-70,6.21693
-30,-70,5.91567
-28,-70,5.6933
-26,-70,5.66203
-24,-70,5.88943
-22,-70,6.35568
-20,-70,6.96839
-18,-70,7.61664
-16,-70,8.21095
-14,-70,8.69329
-12,-70,9.03181
-10,-70,9.21354
-8,-70,9.23942
-6,-70,9.12138
-4,-70,8.88083
-2,-70,8.54825
0,-70,8.16368
2,-70,7.77676
4,-70,7.44327
6,-70,7.21437
8,-70,7.11991
10,-70,7.15595
12,-70,7.28755
14,-70,7.46502
16,-70,7.6411
18,-70,7.78009
20,-70,7.85868
22,-70,7.86273
24,-70,7.78349
26,-70,7.61511
28,-70,7.35402
30,-70,6.99986
32,-70,6.55728
34,-70,6.03703
36,-70,5.4553
38,-70,4.83002
40,-70,4.17511
42,-70,3.49506
44,-70,2.7836
46,-70,2.02798
48,-70,1.21779
50,-70,0.355615
52,-70,-0.532845
54,-70,-1.39423
56,-70,-2.15884
58,-70,-2.7761
60,-70,-3.25621
62,-70,-3.6764
64,-70,-4.14096
66,-70,-4.73022
68,-70,-5.46419
70,-70,-6.27807
72,-70,-7.01729
74,-70,-7.50172
76,-70,-7.67226
78,-70,-7.66384
80,-70,-7.69945
82,-70,-7.96375
84,-70,-8.56656
86,-70,-9.54446
88,-70,-10.8272
90,-70,-12.1253
92,-70,-12.872
94,-70,-12.7124
96,-70,-12.0413
98,-70,-11.4629
100,-70,-11.3136
102,-70,-11.7262
104,-70,-12.7255
106,-70,-14.1565
108,-70,-15.3599
110,-70,-15.2538
112,-70,-13.9652
114,-70,-12.582
116,-70,-11.6432
118,-70,-11.2227
120,-70,-11.2274
122,-70,-11.5028
124,-70,-11.9058
126,-70,-12.406
128,-70,-13.1222
130,-70,-14.1899
132,-70,-15.4069
134,-70,-15.7246
136,-70,-14.3382
138,-70,-12.3256
140,-70,-10.6706
142,-70,-9.58369
144,-70,-8.99165
146,-70,-8.75693
148,-70,-8.74286
150,-70,-8.84313
152,-70,-8.9879
154,-70,-9.1244
156,-70,-9.19397
158,-70,-9.13556
160,-70,-8.91773
162,-70,-8.56441
164,-70,-8.14156
166,-70,-7.71703
168,-70,-7.32963
170,-70,-6.98588
172,-70,-6.68205
174,-70,-6.43736
176,-70,-6.31647
178,-70,-6.42948
180,-70,-6.92188
-180,-68,-6.92188
-178,-68,-7.96807
-176,-68,-9.85134
-174,-68,-13.1316
-172,-68,-19.4425
-170,-68,-24.345
-168,-68,-15.3988
-166,-68,-10.8998
-164,-68,-8.27226
-162,-68,-6.66525
-160,-68,-5.7883
-158,-68,-5.55281
-156,-68,-5.97144
-154,-68,-7.1282
-152,-68,-9.17674
-150,-68,-12.3022
-148,-68,-16.0858
-146,-68,-17.1326
-144,-68,-15.1746
-142,-68,-13.8077
-140,-68,-13.5541
-138,-68,-14.0378
-136,-68,-14.5113
-134,-68,-14.1073
-132,-68,-12.8513
-130,-68,-11.4508
-128,-68,-10.3376
-126,-68,-9.62667
-124,-68,-9.30202
-122,-68,-9.27072
-120,-68,-9.3348
-118,-68,-9.18457
-116,-68,-8.56359
-114,-68,-7.51506
-112,-68,-6.31434
-110,-68,-5.20815
-108,-68,-4.32061
-106,-68,-3.68826
-104,-68,-3.30273
-102,-68,-3.1314
-100,-68,-3.12092
-98,-68,-3.19182
-96,-68,-3.23485
-94,-68,-3.12724
-92,-68,-2.78137
-90,-68,-2.19681
-88,-68,-1.45885
-86,-68,-0.684467
-84,-68,0.0268406
-82,-68,0.608952
-80,-68,1.02391
-78,-68,1.25186
-76,-68,1.28308
-74,-68,1.11305
-72,-68,0.740567
-70,-68,0.169059
-68,-68,-0.586323
-66,-68,-1.47984
-64,-68,-2.39491
-62,-68,-3.0891
-60,-68,-3.21865
-58,-68,-2.58849
-56,-68,-1.37318
-54,-68,0.080676
-52,-68,1.51711
-50,-68,2.80875
-48,-68,3.90477
-46,-68,4.7903
-44,-68,5.46625
-42,-68,5.94022
-40,-68,6.22282
-38,-68,6.3276
-36,-68,6.27407
-34,-68,6.0938
-32,-68,5.83894
-30,-68,5.58953
-28,-68,5.44937
-26,-68,5.51629
-24,-68,5.83249
-22,-68,6.3578
-20,-68,6.99647
-18,-68,7.64686
-16,-68,8.23115
-14,-68,8.69997
-12,-68,9.02647
-10,-68,9.20005
-8,-68,9.22231
-6,-68,9.10492
-4,-68,8.86846
-2,-68,8.54202
0,-68,8.16368
2,-68,7.78066
4,-68,7.44642
6,-68,7.21101
8,-68,7.10528
10,-68,7.12812
12,-68,7.24758
14,-68,7.41557
16,-68,7.58476
18,-68,7.7183
20,-68,7.7915
22,-68,7.78929
24,-68,7.70273
26,-68,7.52658
28,-68,7.25848
30,-68,6.89954
32,-68,6.45565
34,-68,5.93821
36,-68,5.36289
38,-68,4.74571
40,-68,4.09737
42,-68,3.41898
44,-68,2.70225
46,-68,1.93527
48,-68,1.112
50,-68,0.24236
52,-68,-0.640002
54,-68,-1.47819
56,-68,-2.21011
58,-68,-2.80455
60,-68,-3.29061
62,-68,-3.74897
64,-68,-4.27057
66,-68,-4.9148
68,-68,-5.68191
70,-68,-6.49751
72,-68,-7.2222
74,-68,-7.7223
76,-68,-7.98217
78,-68,-8.13358
80,-68,-8.36393
82,-68,-8.82449
84,-68,-9.59946
86,-68,-10.692
88,-68,-11.9709
90,-68,-13.0791
92,-68,-13.5382
94,-68,-13.2741
96,-68,-12.7419
98,-68,-12.3898
100,-68,-12.4264
102,-68,-12.8727
104,-68,-13.5649
106,-68,-14.0847
108,-68,-13.9337
110,-68,-13.1148
112,-68,-12.1221
114,-68,-11.3574
116,-68,-10.9691
118,-68,-10.9462
120,-68,-11.1875
122,-68,-11.548
124,-68,-11.9211
126,-68,-12.3308
128,-68,-12.9162
130,-68,-13.7702
132,-68,-14.6569
134,-68,-14.7926
136,-68,-13.6983
138,-68,-12.0913
140,-68,-10.717
142,-68,-9.79644
144,-68,-9.28567
146,-68,-9.05699
148,-68,-8.98034
150,-68,-8.9695
152,-68,-8.98893
154,-68,-9.02037
156,-68,-9.02668
158,-68,-8.95
160,-68,-8.74578
162,-68,-8.41884
164,-68,-8.0224
166,-68,-7.62161
168,-68,-7.25757
170,-68,-6.9381
172,-68,-6.65737
174,-68,-6.43054
176,-68,-6.31956
178,-68,-6.43452
180,-68,-6.92188
-180,-66,-6.92188
-178,-66,-7.95364
-176,-66,-9.80539
-174,-66,-13.0064
-172,-66,-19.0308
-170,-66,-24.423
-168,-66,-15.7376
-166,-66,-11.1668
-164,-66,-8.50245
-162,-66,-6.87893
-160,-66,-5.9987
-158,-66,-5.76714
-156,-66,-6.18854
-154,-66,-7.33323
-152,-66,-9.32846
-150,-66,-12.3045
-148,-66,-15.8485
-146,-66,-17.2584
-144,-66,-15.8922
-142,-66,-14.8137
-140,-66,-14.7471
-138,-66,-15.2762
-136,-66,-15.3428
-134,-66,-14.0905
-132,-66,-12.1517
-130,-66,-10.3732
-128,-66,-9.03526
-126,-66,-8.15638
-124,-66,-7.68864
-122,-66,-7.55507
-120,-66,-7.62941
-118,-66,-7.70771
-116,-66,-7.54051
-114,-66,-6.98213
-112,-66,-6.11238
-110,-66,-5.14108
-108,-66,-4.24571
-106,-66,-3.51984
-104,-66,-2.99438
-102,-66,-2.6648
-100,-66,-2.50529
-98,-66,-2.47179
-96,-66,-2.49995
-94,-66,-2.50627
-92,-66,-2.40364
-90,-66,-2.13443
-88,-66,-1.70128
-86,-66,-1.16579
-84,-66,-0.616052
-82,-66,-0.133821
-80,-66,0.219916
-78,-66,0.404456
-76,-66,0.393576
-74,-66,0.170231
-72,-66,-0.275809
-70,-66,-0.945217
-68,-66,-1.8163
-66,-66,-2.81099
-64,-66,-3.7287
-62,-66,-4.20039
-60,-66,-3.87304
-58,-66,-2.78891
-56,-66,-1.32362
-54,-66,0.192776
-52,-66,1.59217
-50,-66,2.80802
-48,-66,3.81881
-46,-66,4.62173
-44,-66,5.22243
-42,-66,5.63069
-40,-66,5.85891
-38,-66,5.92305
-36,-66,5.84639
-34,-66,5.6661
-32,-66,5.4411
-30,-66,5.25604
-28,-66,5.21014
-26,-66,5.38214
-24,-66,5.7874
-22,-66,6.3683
-20,-66,7.0292
-18,-66,7.67899
-16,-66,8.25142
-14,-66,8.70551
-12,-66,9.01928
-10,-66,9.18438
-8,-66,9.20308
-6,-66,9.08672
-4,-66,8.85491
-2,-66,8.53524
0,-66,8.16368
2,-66,7.78491
4,-66,7.44995
6,-66,7.20768
8,-66,7.08997
10,-66,7.09864
12,-66,7.20493
14,-66,7.36255
16,-66,7.52418
18,-66,7.65184
20,-66,7.71945
22,-66,7.711
24,-66,7.61742
26,-66,7.43421
28,-66,7.16032
30,-66,6.79845
32,-66,6.35585
34,-66,5.84447
36,-66,5.2792
38,-66,4.6737
40,-66,4.03526
42,-66,3.3618
44,-66,2.64385
46,-66,1.87154
48,-66,1.04405
50,-66,0.178403
52,-66,-0.686153
54,-66,-1.49428
56,-66,-2.19718
58,-66,-2.78432
60,-66,-3.29862
62,-66,-3.81739
64,-66,-4.41441
66,-66,-5.12748
68,-66,-5.93887
70,-66,-6.76948
72,-66,-7.50201
74,-66,-8.05087
76,-66,-8.43791
78,-66,-8.78832
80,-66,-9.2529
82,-66,-9.94044
84,-66,-10.884
86,-66,-12.0058
88,-66,-13.0668
90,-66,-13.7139
92,-66,-13.7835
94,-66,-13.5106
96,-66,-13.2562
98,-66,-13.2277
100,-66,-13.4334
102,-66,-13.6884
104,-66,-13.6637
106,-66,-13.1383
108,-66,-12.2587
110,-66,-11.3672
112,-66,-10.7162
114,-66,-10.4103
116,-66,-10.451
118,-66,-10.7649
120,-66,-11.2177
122,-66,-11.6546
124,-66,-11.9937
126,-66,-12.2928
128,-66,-12.6831
130,-66,-13.2058
132,-66,-13.647
134,-66,-13.5577
136,-66,-12.7575
138,-66,-11.6387
140,-66,-10.6524
142,-66,-9.97988
144,-66,-9.59732
146,-66,-9.39104
148,-66,-9.24787
150,-66,-9.11639
152,-66,-9.00579
154,-66,-8.93284
156,-66,-8.87709
158,-66,-8.78064
160,-66,-8.58659
162,-66,-8.28274
164,-66,-7.91043
166,-66,-7.53179
168,-66,-7.18976
170,-66,-6.89336
172,-66,-6.63475
174,-66,-6.42513
176,-66,-6.32367
178,-66,-6.4402
180,-66,-6.92188
-180,-64,-6.92188
-178,-64,-7.93793
-176,-64,-9.75564
-174,-64,-12.8728
-172,-64,-18.6132
-170,-64,-24.4222
-168,-64,-16.1141
-166,-64,-11.4642
-164,-64,-8.75925
-162,-64,-7.11803
-160,-64,-6.23404
-158,-64,-6.00448
-156,-64,-6.42131
-154,-64,-7.53209
-152,-64,-9.41274
-150,-64,-12.0655
-148,-64,-14.9206
-146,-64,-16.1516
-144,-64,-15.5623
-142,-64,-15.1001
-140,-64,-15.4736
-138,-64,-16.2816
-136,-64,-16.0822
-134,-64,-14.1105
-132,-64,-11.663
-130,-64,-9.61486
-128,-64,-8.10736
-126,-64,-7.08749
-124,-64,-6.47863
-122,-64,-6.20192
-120,-64,-6.16128
-118,-64,-6.2229
-116,-64,-6.21496
-114,-64,-5.98124
-112,-64,-5.47182
-110,-64,-4.76847
-108,-64,-4.00868
-106,-64,-3.30549
-104,-64,-2.72347
-102,-64,-2.28867
-100,-64,-2.00274
-98,-64,-1.85088
-96,-64,-1.80382
-94,-64,-1.81747
-92,-64,-1.8354
-90,-64,-1.79972
-88,-64,-1.67118
-86,-64,-1.44827
-84,-64,-1.17024
-82,-64,-0.901375
-80,-64,-0.710153
-78,-64,-0.655916
-76,-64,-0.78504
-74,-64,-1.13177
-72,-64,-1.71807
-70,-64,-2.54582
-68,-64,-3.56913
-66,-64,-4.62552
-64,-64,-5.34184
-62,-64,-5.23972
-60,-64,-4.22934
-58,-64,-2.71793
-56,-64,-1.11459
-54,-64,0.379561
-52,-64,1.6938
-50,-64,2.80813
-48,-64,3.71947
-46,-64,4.43134
-44,-64,4.95126
-42,-64,5.29003
-40,-64,5.46174
-38,-64,5.48533
-36,-64,5.38883
-34,-64,5.21594
-32,-64,5.0324
-30,-64,4.92528
-28,-64,4.98447
-26,-64,5.26522
-24,-64,5.75647
-22,-64,6.38746
-20,-64,7.06595
-18,-64,7.71217
-16,-64,8.27101
-14,-64,8.70936
-12,-64,9.00985
-10,-64,9.16634
-8,-64,9.18166
-6,-64,9.06676
-4,-64,8.84018
-2,-64,8.5279
0,-64,8.16368
2,-64,7.78951
4,-64,7.45391
6,-64,7.20448
8,-64,7.07412
10,-64,7.06768
12,-64,7.15977
14,-64,7.3061
16,-64,7.45947
18,-64,7.58082
20,-64,7.64274
22,-64,7.62832
24,-64,7.52843
26,-64,7.33936
28,-64,7.06149
30,-64,6.69919
32,-64,6.26102
34,-64,5.75928
36,-64,5.20773
38,-64,4.61727
40,-64,3.99165
42,-64,3.32609
44,-64,2.61091
46,-64,1.83931
48,-64,1.01628
50,-64,0.165197
52,-64,-0.672046
54,-64,-1.44652
56,-64,-2.12643
58,-64,-2.72079
60,-64,-3.28101
62,-64,-3.87647
64,-64,-4.56193
66,-64,-5.35306
68,-64,-6.21401
70,-64,-7.06161
72,-64,-7.80163
74,-64,-8.39495
76,-64,-8.89993
78,-64,-9.44083
80,-64,-10.1364
82,-64,-11.0412
84,-64,-12.0978
86,-64,-13.0896
88,-64,-13.6956
90,-64,-13.7764
92,-64,-13.562
94,-64,-13.4003
96,-64,-13.4947
98,-64,-13.8409
100,-64,-14.197
102,-64,-14.1228
104,-64,-13.3676
106,-64,-12.2067
108,-64,-11.0876
110,-64,-10.2774
112,-64,-9.86943
114,-64,-9.86298
116,-64,-10.1978
118,-64,-10.7553
120,-64,-11.3623
122,-64,-11.8437
124,-64,-12.1249
126,-64,-12.2697
128,-64,-12.3863
130,-64,-12.4998
132,-64,-12.5027
134,-64,-12.2391
136,-64,-11.6926
138,-64,-11.0396
140,-64,-10.4858
142,-64,-10.1237
144,-64,-9.9154
146,-64,-9.74995
148,-64,-9.53809
150,-64,-9.27959
152,-64,-9.03833
154,-64,-8.86465
156,-64,-8.74931
158,-64,-8.63175
160,-64,-8.44379
162,-64,-8.15873
164,-64,-7.80737
166,-64,-7.4487
168,-64,-7.127
170,-64,-6.85223
172,-64,-6.61456
174,-64,-6.42134
176,-64,-6.32887
178,-64,-6.44653
180,-64,-6.92188
-180,-62,-6.92188
-178,-62,-7.92099
-176,-62,-9.70228
-174,-62,-12.7317
-172,-62,-18.1921
-170,-62,-24.32
-168,-62,-16.5297
-166,-62,-11.7945
-164,-62,-9.04474
-162,-62,-7.38425
-160,-62,-6.4956
-158,-62,-6.26541
-156,-62,-6.66927
-154,-62,-7.72303
-152,-62,-9.43173
-150,-62,-11.6442
-148,-62,-13.6926
-146,-62,-14.5315
-144,-62,-14.431
-142,-62,-14.5663
-140,-62,-15.4935
-138,-62,-16.9174
-136,-62,-16.9607
-134,-62,-14.5205
-132,-62,-11.6485
-130,-62,-9.35756
-128,-62,-7.69271
-126,-62,-6.54176
-124,-62,-5.79936
-122,-62,-5.37746
-120,-62,-5.19176
-118,-62,-5.14728
-116,-62,-5.13249
-114,-62,-5.03399
-112,-62,-4.77368
-110,-62,-4.34207
-108,-62,-3.79283
-106,-62,-3.20485
-104,-62,-2.64858
-102,-62,-2.17339
-100,-62,-1.80866
-98,-62,-1.56765
-96,-62,-1.44947
-94,-62,-1.43915
-92,-62,-1.50731
-90,-62,-1.61294
-88,-62,-1.71226
-86,-62,-1.77435
-84,-62,-1.79696
-82,-62,-1.81201
-80,-62,-1.87668
-78,-62,-2.0578
-76,-62,-2.41896
-74,-62,-3.0127
-72,-62,-3.87148
-70,-62,-4.98013
-68,-62,-6.1938
-66,-62,-7.08381
-64,-62,-7.00462
-62,-62,-5.82363
-60,-62,-4.1075
-58,-62,-2.35478
-56,-62,-0.761141
-54,-62,0.628957
-52,-62,1.81551
-50,-62,2.8054
-48,-62,3.60419
-46,-62,4.21707
-44,-62,4.65132
-42,-62,4.91792
-40,-62,5.03261
-38,-62,5.01797
-36,-62,4.90771
-34,-62,4.75267
-32,-62,4.62454
-30,-62,4.60917
-28,-62,4.78159
-26,-62,5.17056
-24,-62,5.74133
-22,-62,6.41509
-20,-62,7.10588
-18,-62,7.74547
-16,-62,8.28911
-14,-62,8.71092
-12,-62,8.99783
-10,-62,9.14572
-8,-62,9.15796
-6,-62,9.04502
-4,-62,8.8243
-2,-62,8.52004
0,-62,8.16368
2,-62,7.79447
4,-62,7.45833
6,-62,7.20153
8,-62,7.05792
10,-62,7.03546
12,-62,7.1123
14,-62,7.24635
16,-62,7.39072
18,-62,7.50535
20,-62,7.56157
22,-62,7.54168
24,-62,7.43655
26,-62,7.24333
28,-62,6.96389
30,-62,6.60425
32,-62,6.17417
34,-62,5.68602
36,-62,5.15196
38,-62,4.57982
40,-62,3.96985
42,-62,3.31513
44,-62,2.60665
46,-62,1.84153
48,-62,1.03067
50,-62,0.202506
52,-62,-0.601441
54,-62,-1.34233
56,-62,-2.00662
58,-62,-2.61978
60,-62,-3.23722
62,-62,-3.9179
64,-62,-4.69707
66,-62,-5.56787
68,-62,-6.4749
70,-62,-7.32939
72,-62,-8.05752
74,-62,-8.66045
76,-62,-9.22623
78,-62,-9.87653
80,-62,-10.6958
82,-62,-11.6705
84,-62,-12.6308
86,-62,-13.2618
88,-62,-13.3525
90,-62,-13.0735
92,-62,-12.803
94,-62,-12.8205
96,-62,-13.2244
98,-62,-13.902
100,-62,-14.4164
102,-62,-14.1308
104,-62,-12.9829
106,-62,-11.5849
108,-62,-10.4342
110,-62,-9.71923
112,-62,-9.47103
114,-62,-9.65357
116,-62,-10.1817
118,-62,-10.9097
120,-62,-11.6308
122,-62,-12.137
124,-62,-12.3287
126,-62,-12.2505
128,-62,-12.0103
130,-62,-11.6938
132,-62,-11.3444
134,-62,-10.9847
136,-62,-10.6479
138,-62,-10.3881
140,-62,-10.2519
142,-62,-10.2305
144,-62,-10.2326
146,-62,-10.1252
148,-62,-9.84393
150,-62,-9.45578
152,-62,-9.08727
154,-62,-8.81876
156,-62,-8.64701
158,-62,-8.50682
160,-62,-8.3203
162,-62,-8.04892
164,-62,-7.71459
166,-62,-7.37325
168,-62,-7.06996
170,-62,-6.81521
172,-62,-6.59716
174,-62,-6.41936
176,-62,-6.33523
178,-62,-6.45352
180,-62,-6.92188
-180,-60,-6.92188
-178,-60,-7.90286
-176,-60,-9.6455
-174,-60,-12.5838
-172,-60,-17.7698
-170,-60,-24.0999
-168,-60,-16.9856
-166,-60,-12.1605
-164,-60,-9.36125
-162,-60,-7.6795
-160,-60,-6.78482
-158,-60,-6.55081
-156,-60,-6.93253
-154,-60,-7.90617
-152,-60,-9.39512
-150,-60,-11.1168
-148,-60,-12.4429
-146,-60,-12.9119
-144,-60,-12.9945
-142,-60,-13.4669
-140,-60,-14.7917
-138,-60,-16.9822
-136,-60,-18.189
-134,-60,-15.6947
-132,-60,-12.3372
-130,-60,-9.73781
-128,-60,-7.88268
-126,-60,-6.58976
-124,-60,-5.71609
-122,-60,-5.15766
-120,-60,-4.83327
-118,-60,-4.67088
-116,-60,-4.59854
-114,-60,-4.54221
-112,-60,-4.43292
-110,-60,-4.22157
-108,-60,-3.89306
-106,-60,-3.46931
-104,-60,-2.99876
-102,-60,-2.5396
-100,-60,-2.14539
-98,-60,-1.85663
-96,-60,-1.69722
-94,-60,-1.67354
-92,-60,-1.77472
-90,-60,-1.97445
-88,-60,-2.23639
-86,-60,-2.5254
-84,-60,-2.8236
-82,-60,-3.14412
-80,-60,-3.53368
-78,-60,-4.06288
-76,-60,-4.81101
-74,-60,-5.84788
-72,-60,-7.19389
-70,-60,-8.68636
-68,-60,-9.67207
-66,-60,-9.18568
-64,-60,-7.40157
-62,-60,-5.29497
-60,-60,-3.3589
-58,-60,-1.69091
-56,-60,-0.271649
-54,-60,0.933889
-52,-60,1.95118
-50,-60,2.7936
-48,-60,3.46657
-46,-60,3.97306
-44,-60,4.31818
-42,-60,4.51222
-40,-60,4.57248
-38,-60,4.52569
-36,-60,4.41191
-34,-60,4.28898
-32,-60,4.23223
-30,-60,4.32114
-28,-60,4.61056
-26,-60,5.10226
-24,-60,5.74276
-22,-60,6.45053
-20,-60,7.14793
-18,-60,7.77786
-16,-60,8.30489
-14,-60,8.70961
-12,-60,8.98283
-10,-60,9.12233
-8,-60,9.13191
-6,-60,9.0215
-4,-60,8.80727
-2,-60,8.51165
0,-60,8.16368
2,-60,7.79979
4,-60,7.46324
6,-60,7.1989
8,-60,7.04155
10,-60,7.00221
12,-60,7.06274
14,-60,7.18348
16,-60,7.31803
18,-60,7.42553
20,-60,7.47615
22,-60,7.45147
24,-60,7.34249
26,-60,7.14727
28,-60,6.8692
30,-60,6.51586
32,-60,6.09802
34,-60,5.62773
36,-60,5.11513
38,-60,4.56472
40,-60,3.97344
42,-60,3.3328
44,-60,2.63525
46,-60,1.88219
48,-60,1.09007
50,-60,0.290714
52,-60,-0.477453
54,-60,-1.18765
56,-60,-1.84336
58,-60,-2.48233
60,-60,-3.1602
62,-60,-3.92443
64,-60,-4.79123
66,-60,-5.73117
68,-60,-6.66857
70,-60,-7.50816
72,-60,-8.19352
74,-60,-8.75585
76,-60,-9.29716
78,-60,-9.92157
80,-60,-10.6676
82,-60,-11.457
84,-60,-12.0791
86,-60,-12.3038
88,-60,-12.1237
90,-60,-11.7954
92,-60,-11.6152
94,-60,-11.7682
96,-60,-12.3037
98,-60,-13.0877
100,-60,-13.6774
102,-60,-13.46
104,-60,-12.4059
106,-60,-11.1209
108,-60,-10.0868
110,-60,-9.48799
112,-60,-9.35788
114,-60,-9.66427
116,-60,-10.3252
118,-60,-11.1918
120,-60,-12.0331
122,-60,-12.5769
124,-60,-12.6397
126,-60,-12.2436
128,-60,-11.5786
130,-60,-10.8685
132,-60,-10.2772
134,-60,-9.88828
136,-60,-9.72583
138,-60,-9.77936
140,-60,-10.0091
142,-60,-10.3225
144,-60,-10.5516
146,-60,-10.5124
148,-60,-10.1605
150,-60,-9.6434
152,-60,-9.15433
154,-60,-8.79828
156,-60,-8.57329
158,-60,-8.40856
160,-60,-8.21827
162,-60,-7.95487
164,-60,-7.63313
166,-60,-7.30614
168,-60,-7.01917
170,-60,-6.78274
172,-60,-6.58286
174,-60,-6.41937
176,-60,-6.34282
178,-60,-6.46117
180,-60,-6.92188
-180,-58,-6.92188
-178,-58,-7.88358
-176,-58,-9.58552
-174,-58,-12.4298
-172,-58,-17.3478
-170,-58,-23.756
-168,-58,-17.4815
-166,-58,-12.5651
-164,-58,-9.71138
-162,-58,-8.00591
-160,-58,-7.10334
-158,-58,-6.8618
-156,-58,-7.2118
-154,-58,-8.08347
-152,-58,-9.31777
-150,-58,-10.5505
-148,-58,-11.2916
-146,-58,-11.4592
-144,-58,-11.5514
-142,-58,-12.1204
-140,-58,-13.565
-138,-58,-16.2221
-136,-58,-19.5011
-134,-58,-18.1981
-132,-58,-14.0564
-130,-58,-10.9227
-128,-58,-8.77484
-126,-58,-7.3
-124,-58,-6.2887
-122,-58,-5.60689
-120,-58,-5.16693
-118,-58,-4.90883
-116,-58,-4.78552
-114,-58,-4.75056
-112,-58,-4.74993
-110,-58,-4.72154
-108,-58,-4.60668
-106,-58,-4.37201
-104,-58,-4.0284
-102,-58,-3.62884
-100,-58,-3.24612
-98,-58,-2.94767
-96,-58,-2.78126
-94,-58,-2.77126
-92,-58,-2.92031
-90,-58,-3.21283
-88,-58,-3.6208
-86,-58,-4.11379
-84,-58,-4.67427
-82,-58,-5.3136
-80,-58,-6.07952
-78,-58,-7.04811
-76,-58,-8.29373
-74,-58,-9.80001
-72,-58,-11.1874
-70,-58,-11.402
-68,-58,-9.8932
-66,-58,-7.65069
-64,-58,-5.50037
-62,-58,-3.65392
-60,-58,-2.10124
-58,-58,-0.790381
-56,-58,0.325709
-54,-58,1.27963
-52,-58,2.08941
-50,-58,2.76151
-48,-58,3.29545
-46,-58,3.68923
-44,-58,3.94428
-42,-58,4.06922
-40,-58,4.0826
-38,-58,4.01538
-36,-58,3.91393
-34,-58,3.84155
-32,-58,3.87296
-30,-58,4.07524
-28,-58,4.47944
-26,-58,5.06312
-24,-58,5.76071
-22,-58,6.49272
-20,-58,7.19088
-18,-58,7.80825
-16,-58,8.31749
-14,-58,8.70482
-12,-58,8.96449
-10,-58,9.09598
-8,-58,9.10344
-6,-58,8.99619
-4,-58,8.78912
-2,-58,8.50275
0,-58,8.16368
2,-58,7.80547
4,-58,7.46868
6,-58,7.19673
8,-58,7.02518
10,-58,6.96816
12,-58,7.01133
14,-58,7.11768
16,-58,7.24157
18,-58,7.34149
20,-58,7.38664
22,-58,7.35804
24,-58,7.24686
26,-58,7.05217
28,-58,6.77883
30,-58,6.43589
32,-58,6.03481
34,-58,5.58692
36,-58,5.09994
38,-58,4.57491
40,-58,4.00573
42,-58,3.38296
44,-58,2.70101
46,-58,1.96557
48,-58,1.1977
50,-58,0.430746
52,-58,-0.302051
54,-58,-0.986155
56,-58,-1.63891
58,-58,-2.30545
60,-58,-3.03835
62,-58,-3.87295
64,-58,-4.80744
66,-58,-5.79133
68,-58,-6.73108
70,-58,-7.52826
72,-58,-8.14311
74,-58,-8.62628
76,-58,-9.0779
78,-58,-9.5748
80,-58,-10.1182
82,-58,-10.615
84,-58,-10.9139
86,-58,-10.9205
88,-58,-10.7051
90,-58,-10.4608
92,-58,-10.3778
94,-58,-10.5718
96,-58,-11.0612
98,-58,-11.7263
100,-58,-12.2482
102,-58,-12.2165
104,-58,-11.556
106,-58,-10.6366
108,-58,-9.85426
110,-58,-9.41746
112,-58,-9.39813
114,-58,-9.79703
116,-58,-10.5631
118,-58,-11.5739
120,-58,-12.5848
122,-58,-13.2043
124,-58,-13.0774
126,-58,-12.2519
128,-58,-11.1356
130,-58,-10.1098
132,-58,-9.37714
134,-58,-9.00622
136,-58,-8.99307
138,-58,-9.29355
140,-58,-9.82578
142,-58,-10.4401
144,-58,-10.8883
146,-58,-10.9134
148,-58,-10.486
150,-58,-9.84281
152,-58,-9.24203
154,-58,-8.80615
156,-58,-8.53062
158,-58,-8.33885
160,-58,-8.13911
162,-58,-7.87756
164,-58,-7.56363
166,-58,-7.24786
168,-58,-6.97507
170,-58,-6.75521
172,-58,-6.57196
174,-58,-6.42153
176,-58,-6.35169
178,-58,-6.46951
180,-58,-6.92188
-180,-56,-6.92188
-178,-56,-7.8632
-176,-56,-9.52253
-174,-56,-12.2705
-172,-56,-16.9275
-170,-56,-23.2945
-168,-56,-18.015
-166,-56,-13.0117
-164,-56,-10.098
-162,-56,-8.36586
-160,-56,-7.45305
-158,-56,-7.19983
-156,-56,-7.50839
-154,-56,-8.2585
-152,-56,-9.2169
-150,-56,-9.99376
-148,-56,-10.2737
-146,-56,-10.1952
-144,-56,-10.2114
-142,-56,-10.7264
-140,-56,-12.0621
-138,-56,-14.64
-136,-56,-19.2418
-134,-56,-23.1736
-132,-56,-17.5391
-130,-56,-13.1769
-128,-56,-10.4864
-126,-56,-8.74326
-124,-56,-7.58202
-122,-56,-6.80274
-120,-56,-6.29146
-118,-56,-5.98555
-116,-56,-5.8498
-114,-56,-5.85528
-112,-56,-5.96155
-110,-56,-6.10544
-108,-56,-6.20328
-106,-56,-6.17573
-104,-56,-5.98968
-102,-56,-5.68293
-100,-56,-5.34452
-98,-56,-5.0713
-96,-56,-4.93751
-94,-56,-4.98622
-92,-56,-5.23235
-90,-56,-5.668
-88,-56,-6.26758
-86,-56,-6.99436
-84,-56,-7.80959
-82,-56,-8.67803
-80,-56,-9.55105
-78,-56,-10.303
-76,-56,-10.6463
-74,-56,-10.2259
-72,-56,-9.01352
-70,-56,-7.38296
-68,-56,-5.70843
-66,-56,-4.17407
-64,-56,-2.83067
-62,-56,-1.67079
-60,-56,-0.668534
-58,-56,0.203092
-56,-56,0.96542
-54,-56,1.63187
-52,-56,2.20769
-50,-56,2.69093
-48,-56,3.07491
-46,-56,3.35238
-44,-56,3.52044
-42,-56,3.58541
-40,-56,3.56642
-38,-56,3.49803
-36,-56,3.43134
-34,-56,3.43142
-32,-56,3.56625
-30,-56,3.88486
-28,-56,4.39438
-26,-56,5.05435
-24,-56,5.79429
-22,-56,6.54027
-20,-56,7.23341
-18,-56,7.83554
-16,-56,8.32607
-14,-56,8.69596
-12,-56,8.94245
-10,-56,9.06648
-8,-56,9.07248
-6,-56,8.9691
-4,-56,8.76986
-2,-56,8.49336
0,-56,8.16368
2,-56,7.81151
4,-56,7.4747
6,-56,7.19512
8,-56,7.00904
10,-56,6.9336
12,-56,6.95836
14,-56,7.0492
16,-56,7.1615
18,-56,7.25338
20,-56,7.29325
22,-56,7.26169
24,-56,7.15019
26,-56,6.95883
28,-56,6.6939
30,-56,6.36574
32,-56,5.98615
34,-56,5.5653
36,-56,5.10815
38,-56,4.61226
40,-56,4.0689
42,-56,3.46819
44,-56,2.80674
46,-56,2.09414
48,-56,1.35472
50,-56,0.621379
52,-56,-0.079121
54,-56,-0.74317
56,-56,-1.39762
58,-56,-2.08985
60,-56,-2.86617
62,-56,-3.7492
64,-56,-4.72059
66,-56,-5.71286
68,-56,-6.62221
70,-56,-7.35599
72,-56,-7.8931
74,-56,-8.29526
76,-56,-8.65252
78,-56,-9.01943
80,-56,-9.38444
82,-56,-9.67714
84,-56,-9.81398
86,-56,-9.76841
88,-56,-9.60731
90,-56,-9.45528
92,-56,-9.43044
94,-56,-9.60309
96,-56,-9.97496
98,-56,-10.4573
100,-56,-10.8582
102,-56,-10.9514
104,-56,-10.6614
106,-56,-10.1516
108,-56,-9.67697
110,-56,-9.43192
112,-56,-9.52364
114,-56,-9.99853
116,-56,-10.857
118,-56,-12.0288
120,-56,-13.269
122,-56,-13.9966
124,-56,-13.584
126,-56,-12.2407
128,-56,-10.7151
130,-56,-9.47623
132,-56,-8.68521
134,-56,-8.36601
136,-56,-8.48765
138,-56,-8.98821
140,-56,-9.76581
142,-56,-10.6333
144,-56,-11.2687
146,-56,-11.3357
148,-56,-10.8214
150,-56,-10.0557
152,-56,-9.35317
154,-56,-8.84486
156,-56,-8.52067
158,-56,-8.2987
160,-56,-8.08346
162,-56,-7.8174
164,-56,-7.5064
166,-56,-7.19868
168,-56,-6.93796
170,-56,-6.73295
172,-56,-6.56473
174,-56,-6.42602
176,-56,-6.36193
178,-56,-6.47852
180,-56,-6.92188
-180,-54,-6.92188
-178,-54,-7.84176
-176,-54,-9.45675
-174,-54,-12.1066
-172,-54,-16.5101
-170,-54,-22.7318
-168,-54,-18.5797
-166,-54,-13.5035
-164,-54,-10.5245
-162,-54,-8.76204
-160,-54,-7.83614
-158,-54,-7.56671
-156,-54,-7.82426
-154,-54,-8.43622
-152,-54,-9.1099
-150,-54,-9.47749
-148,-54,-9.39216
-146,-54,-9.10542
-144,-54,-9.00387
-142,-54,-9.38438
-140,-54,-10.483
-138,-54,-12.6172
-136,-54,-16.5071
-134,-54,-24.7043
-132,-54,-24.3735
-130,-54,-16.6257
-128,-54,-12.9372
-126,-54,-10.8252
-124,-54,-9.54285
-122,-54,-8.7557
-120,-54,-8.28533
-118,-54,-8.03819
-116,-54,-7.97103
-114,-54,-8.06079
-112,-54,-8.27711
-110,-54,-8.56167
-108,-54,-8.82169
-106,-54,-8.95199
-104,-54,-8.8902
-102,-54,-8.66464
-100,-54,-8.38062
-98,-54,-8.16143
-96,-54,-8.10293
-94,-54,-8.2599
-92,-54,-8.64605
-90,-54,-9.22933
-88,-54,-9.91296
-86,-54,-10.5091
-84,-54,-10.7542
-82,-54,-10.4406
-80,-54,-9.57954
-78,-54,-8.36477
-76,-54,-7.0051
-74,-54,-5.64304
-72,-54,-4.36067
-70,-54,-3.20127
-68,-54,-2.18271
-66,-54,-1.30472
-64,-54,-0.554596
-62,-54,0.0872249
-60,-54,0.641649
-58,-54,1.12678
-56,-54,1.55581
-54,-54,1.93658
-52,-54,2.27151
-50,-54,2.5575
-48,-54,2.78669
-46,-54,2.94945
-44,-54,3.03977
-42,-54,3.06148
-40,-54,3.03341
-38,-54,2.9917
-36,-54,2.98822
-34,-54,3.08344
-32,-54,3.33162
-30,-54,3.76089
-28,-54,4.35885
-26,-54,5.07547
-24,-54,5.8418
-22,-54,6.59148
-20,-54,7.27412
-18,-54,7.85863
-16,-54,8.32982
-14,-54,8.68248
-12,-54,8.91636
-10,-54,9.03367
-8,-54,9.03897
-6,-54,8.94021
-4,-54,8.74951
-2,-54,8.48348
0,-54,8.16368
2,-54,7.81792
4,-54,7.48133
6,-54,7.19418
8,-54,6.99333
10,-54,6.8988
12,-54,6.90413
14,-54,6.97832
16,-54,7.07806
18,-54,7.1614
20,-54,7.19617
22,-54,7.16271
24,-54,7.0529
26,-54,6.86785
28,-54,6.61521
30,-54,6.30631
32,-54,5.95292
34,-54,5.56358
36,-54,5.14022
38,-54,4.67704
40,-54,4.16304
42,-54,3.58837
44,-54,2.95184
46,-54,2.26618
48,-54,1.55741
50,-54,0.85613
52,-54,0.182125
54,-54,-0.469628
56,-54,-1.1308
58,-54,-1.84632
60,-54,-2.65327
62,-54,-3.56096
64,-54,-4.53666
66,-54,-5.50224
68,-54,-6.35498
70,-54,-7.01887
72,-54,-7.49292
74,-54,-7.84337
76,-54,-8.14755
78,-54,-8.44525
80,-54,-8.72518
82,-54,-8.94111
84,-54,-9.04796
86,-54,-9.04
88,-54,-8.96387
90,-54,-8.89697
92,-54,-8.91254
94,-54,-9.05359
96,-54,-9.31809
98,-54,-9.65052
100,-54,-9.94601
102,-54,-10.0886
104,-54,-10.0257
106,-54,-9.81689
108,-54,-9.60112
110,-54,-9.52656
112,-54,-9.71235
114,-54,-10.245
116,-54,-11.1801
118,-54,-12.508
120,-54,-13.9867
122,-54,-14.7841
124,-54,-13.9699
126,-54,-12.1266
128,-54,-10.3209
130,-54,-8.98686
132,-54,-8.20928
134,-54,-7.97136
136,-54,-8.22468
138,-54,-8.89837
140,-54,-9.87901
142,-54,-10.9503
144,-54,-11.7228
146,-54,-11.7889
148,-54,-11.1686
150,-54,-10.2843
152,-54,-9.49016
154,-54,-8.91608
156,-54,-8.54417
158,-54,-8.28821
160,-54,-8.05116
162,-54,-7.77425
164,-54,-7.46141
166,-54,-7.1587
168,-54,-6.90806
170,-54,-6.71622
172,-54,-6.5614
174,-54,-6.43297
176,-54,-6.37358
178,-54,-6.48823
180,-54,-6.92188
-180,-52,-6.92188
-178,-52,-7.81932
-176,-52,-9.3884
-174,-52,-11.9388
-172,-52,-16.0966
-170,-52,-22.0905
-168,-52,-19.1627
-166,-52,-14.0439
-164,-52,-10.9943
-162,-52,-9.1975
-160,-52,-8.25517
-158,-52,-7.96465
-156,-52,-8.16197
-154,-52,-8.62259
-152,-52,-9.01285
-150,-52,-9.02059
-148,-52,-8.64059
-146,-52,-8.17171
-144,-52,-7.93407
-142,-52,-8.14429
-140,-52,-8.96046
-138,-52,-10.5606
-136,-52,-13.225
-134,-52,-17.3131
-132,-52,-20.7955
-130,-52,-17.823
-128,-52,-14.4276
-126,-52,-12.3911
-124,-52,-11.3007
-122,-52,-10.8208
-120,-52,-10.7181
-118,-52,-10.8197
-116,-52,-10.9999
-114,-52,-11.1734
-112,-52,-11.2807
-110,-52,-11.2742
-108,-52,-11.1216
-106,-52,-10.8224
-104,-52,-10.4189
-102,-52,-9.98445
-100,-52,-9.59645
-98,-52,-9.31301
-96,-52,-9.15961
-94,-52,-9.1209
-92,-52,-9.13327
-90,-52,-9.08334
-88,-52,-8.83287
-86,-52,-8.28301
-84,-52,-7.43555
-82,-52,-6.38232
-80,-52,-5.23944
-78,-52,-4.09886
-76,-52,-3.01917
-74,-52,-2.03453
-72,-52,-1.16424
-70,-52,-0.417689
-68,-52,0.204021
-66,-52,0.707552
-64,-52,1.10623
-62,-52,1.41765
-60,-52,1.66041
-58,-52,1.85139
-56,-52,2.00462
-54,-52,2.13143
-52,-52,2.24034
-50,-52,2.33561
-48,-52,2.41563
-46,-52,2.47392
-44,-52,2.50435
-42,-52,2.50897
-40,-52,2.50461
-38,-52,2.52483
-36,-52,2.61538
-34,-52,2.82388
-32,-52,3.18567
-30,-52,3.70995
-28,-52,4.37312
-26,-52,5.12438
-24,-52,5.90095
-22,-52,6.64448
-20,-52,7.31157
-18,-52,7.87646
-16,-52,8.32796
-14,-52,8.66386
-12,-52,8.88593
-10,-52,8.9974
-8,-52,9.00288
-6,-52,8.90955
-4,-52,8.72811
-2,-52,8.47313
0,-52,8.16368
2,-52,7.82469
4,-52,7.4886
6,-52,7.19404
8,-52,6.97826
10,-52,6.86409
12,-52,6.849
14,-52,6.90536
16,-52,6.99152
18,-52,7.06577
20,-52,7.09562
22,-52,7.06135
24,-52,6.95532
26,-52,6.77966
28,-52,6.54318
30,-52,6.25792
32,-52,5.93514
34,-52,5.58129
36,-52,5.19506
38,-52,4.76741
40,-52,4.28553
42,-52,3.73988
44,-52,3.13131
46,-52,2.4747
48,-52,1.79614
50,-52,1.12256
52,-52,0.466968
54,-52,-0.181623
56,-52,-0.855582
58,-52,-1.59364
60,-52,-2.42147
62,-52,-3.33486
64,-52,-4.28936
66,-52,-5.20327
68,-52,-5.98527
70,-52,-6.58307
72,-52,-7.01408
74,-52,-7.344
76,-52,-7.63696
78,-52,-7.92235
80,-52,-8.19154
82,-52,-8.41496
84,-52,-8.56732
86,-52,-8.64816
88,-52,-8.68609
90,-52,-8.72612
92,-52,-8.81046
94,-52,-8.96294
96,-52,-9.18005
98,-52,-9.42864
100,-52,-9.65275
102,-52,-9.79421
104,-52,-9.82397
106,-52,-9.76647
108,-52,-9.69883
110,-52,-9.72911
112,-52,-9.97346
114,-52,-10.5428
116,-52,-11.5307
118,-52,-12.962
120,-52,-14.5561
122,-52,-15.2139
124,-52,-13.9459
126,-52,-11.8066
128,-52,-9.92532
130,-52,-8.6233
132,-52,-7.92836
134,-52,-7.80502
136,-52,-8.20003
138,-52,-9.03935
140,-52,-10.1989
142,-52,-11.4304
144,-52,-12.2764
146,-52,-12.2802
148,-52,-11.5285
150,-52,-10.5298
152,-52,-9.6544
154,-52,-9.02037
156,-52,-8.60075
158,-52,-8.30652
160,-52,-8.04132
162,-52,-7.74746
164,-52,-7.42829
166,-52,-7.12784
168,-52,-6.88549
170,-52,-6.70523
172,-52,-6.56219
174,-52,-6.44255
176,-52,-6.38671
178,-52,-6.49864
180,-52,-6.92188
-180,-50,-6.92188
-178,-50,-7.79593
-176,-50,-9.31772
-174,-50,-11.7676
-172,-50,-15.6879
-170,-50,-21.3948
-168,-50,-19.7411
-166,-50,-14.6358
-164,-50,-11.5113
-162,-50,-9.6757
-160,-50,-8.71308
-158,-50,-8.39634
-156,-50,-8.52476
-154,-50,-8.82436
-152,-50,-8.9399
-150,-50,-8.63438
-148,-50,-8.01162
-146,-50,-7.38035
-144,-50,-7.00206
-142,-50,-7.0334
-140,-50,-7.57167
-138,-50,-8.69038
-136,-50,-10.4178
-134,-50,-12.5387
-132,-50,-14.0391
-130,-50,-13.6746
-128,-50,-12.311
-126,-50,-11.1971
-124,-50,-10.6727
-122,-50,-10.7016
-120,-50,-11.1301
-118,-50,-11.7037
-116,-50,-12.0624
-114,-50,-11.8924
-112,-50,-11.1843
-110,-50,-10.1928
-108,-50,-9.16771
-106,-50,-8.24177
-104,-50,-7.4609
-102,-50,-6.82873
-100,-50,-6.33058
-98,-50,-5.9423
-96,-50,-5.63214
-94,-50,-5.36085
-92,-50,-5.08355
-90,-50,-4.75538
-88,-50,-4.34076
-86,-50,-3.8227
-84,-50,-3.20661
-82,-50,-2.5166
-80,-50,-1.78694
-78,-50,-1.05391
-76,-50,-0.350643
-74,-50,0.295216
-72,-50,0.862436
-70,-50,1.33676
-68,-50,1.71135
-66,-50,1.98676
-64,-50,2.17007
-62,-50,2.27293
-60,-50,2.30908
-58,-50,2.29261
-56,-50,2.23788
-54,-50,2.16067
-52,-50,2.07838
-50,-50,2.00751
-48,-50,1.95903
-46,-50,1.93573
-44,-50,1.93539
-42,-50,1.95904
-40,-50,2.01846
-38,-50,2.13776
-36,-50,2.34762
-34,-50,2.67589
-32,-50,3.13858
-30,-50,3.73299
-28,-50,4.43415
-26,-50,5.19752
-24,-50,5.96891
-22,-50,6.69727
-20,-50,7.34436
-18,-50,7.88801
-16,-50,8.31977
-14,-50,8.6396
-12,-50,8.85086
-10,-50,8.95752
-8,-50,8.96417
-6,-50,8.87714
-4,-50,8.70567
-2,-50,8.46233
0,-50,8.16368
2,-50,7.83184
4,-50,7.49656
6,-50,7.1948
8,-50,6.96408
10,-50,6.82979
12,-50,6.79336
14,-50,6.83071
16,-50,6.90223
18,-50,6.96677
20,-50,6.99186
22,-50,6.95785
24,-50,6.85767
26,-50,6.69443
28,-50,6.47787
30,-50,6.22032
32,-50,5.93198
34,-50,5.61676
36,-50,5.26995
38,-50,4.87947
40,-50,4.43109
42,-50,3.91582
44,-50,3.33618
46,-50,2.70828
48,-50,2.05698
50,-50,1.40473
52,-50,0.758596
54,-50,0.104114
56,-50,-0.588707
58,-50,-1.35002
60,-50,-2.19296
62,-50,-3.1002
64,-50,-4.01844
66,-50,-4.86824
68,-50,-5.57591
70,-50,-6.11389
72,-50,-6.51365
74,-50,-6.83692
76,-50,-7.13549
78,-50,-7.43095
80,-50,-7.71798
82,-50,-7.98022
84,-50,-8.2074
86,-50,-8.40478
88,-50,-8.5914
90,-50,-8.79047
92,-50,-9.0182
94,-50,-9.27577
96,-50,-9.54601
98,-50,-9.79626
100,-50,-9.98842
102,-50,-10.0944
104,-50,-10.1115
106,-50,-10.0701
108,-50,-10.0347
110,-50,-10.0972
112,-50,-10.3675
114,-50,-10.9605
116,-50,-11.972
118,-50,-13.393
120,-50,-14.7951
122,-50,-14.9454
124,-50,-13.3354
126,-50,-11.2228
128,-50,-9.48614
130,-50,-8.34027
132,-50,-7.79817
134,-50,-7.83058
136,-50,-8.39193
138,-50,-9.40927
140,-50,-10.744
142,-50,-12.1014
144,-50,-12.9456
146,-50,-12.8098
148,-50,-11.8995
150,-50,-10.7925
152,-50,-9.84606
154,-50,-9.15707
156,-50,-8.689
158,-50,-8.35187
160,-50,-8.05237
162,-50,-7.7359
164,-50,-7.40645
166,-50,-7.1059
168,-50,-6.87029
170,-50,-6.70017
172,-50,-6.5673
174,-50,-6.45487
176,-50,-6.40138
178,-50,-6.50976
180,-50,-6.92188
-180,-48,-6.92188
-178,-48,-7.77165
-176,-48,-9.24492
-174,-48,-11.5939
-172,-48,-15.2846
-170,-48,-20.6668
-168,-48,-20.2781
-166,-48,-15.2806
-164,-48,-12.0799
-162,-48,-10.2006
-160,-48,-9.21339
-158,-48,-8.86507
-156,-48,-8.91658
-154,-48,-9.04876
-152,-48,-8.90312
-150,-48,-8.32576
-148,-48,-7.49907
-146,-48,-6.72189
-144,-48,-6.2068
-142,-48,-6.06642
-140,-48,-6.3553
-138,-48,-7.08458
-136,-48,-8.18114
-134,-48,-9.36392
-132,-48,-10.0605
-130,-48,-9.87262
-128,-48,-9.1612
-126,-48,-8.51215
-124,-48,-8.21211
-122,-48,-8.29512
-120,-48,-8.64271
-118,-48,-9.00422
-116,-48,-9.04855
-114,-48,-8.57253
-112,-48,-7.67606
-110,-48,-6.61695
-108,-48,-5.59396
-106,-48,-4.69979
-104,-48,-3.95955
-102,-48,-3.36644
-100,-48,-2.90003
-98,-48,-2.53382
-96,-48,-2.23832
-94,-48,-1.98303
-92,-48,-1.73876
-90,-48,-1.48042
-88,-48,-1.1896
-86,-48,-0.856204
-84,-48,-0.47874
-82,-48,-0.0635064
-80,-48,0.376843
-78,-48,0.825005
-76,-48,1.26094
-74,-48,1.66401
-72,-48,2.01517
-70,-48,2.29912
-68,-48,2.50579
-66,-48,2.63115
-64,-48,2.67668
-62,-48,2.64805
-60,-48,2.55335
-58,-48,2.40242
-56,-48,2.20798
-54,-48,1.98818
-52,-48,1.76804
-50,-48,1.57667
-48,-48,1.44027
-46,-48,1.37484
-44,-48,1.38502
-42,-48,1.47029
-40,-48,1.63252
-38,-48,1.87841
-36,-48,2.21651
-34,-48,2.65337
-32,-48,3.19124
-30,-48,3.82486
-28,-48,4.5359
-26,-48,5.29016
-24,-48,6.04252
-22,-48,6.74782
-20,-48,7.37113
-18,-48,7.89234
-16,-48,8.3046
-14,-48,8.6093
-12,-48,8.81091
-10,-48,8.91395
-8,-48,8.92282
-6,-48,8.843
-4,-48,8.68223
-2,-48,8.4511
0,-48,8.16368
2,-48,7.83935
4,-48,7.50525
6,-48,7.19659
8,-48,6.95101
10,-48,6.79625
12,-48,6.73764
14,-48,6.75483
16,-48,6.81059
18,-48,6.86477
20,-48,6.88516
22,-48,6.85242
24,-48,6.7601
26,-48,6.61215
28,-48,6.41897
30,-48,6.19263
32,-48,5.94175
34,-48,5.66723
36,-48,5.36083
38,-48,5.0077
40,-48,4.59258
42,-48,4.10715
44,-48,3.55534
46,-48,2.95366
48,-48,2.32497
50,-48,1.68714
52,-48,1.04246
54,-48,0.374977
56,-48,-0.341017
58,-48,-1.12606
60,-48,-1.98068
62,-48,-2.87557
64,-48,-3.75142
66,-48,-4.53516
68,-48,-5.17262
70,-48,-5.65784
72,-48,-6.03114
74,-48,-6.3483
76,-48,-6.65028
78,-48,-6.95315
80,-48,-7.25574
82,-48,-7.55418
84,-48,-7.85333
86,-48,-8.16908
88,-48,-8.52194
90,-48,-8.92646
92,-48,-9.38076
94,-48,-9.85892
96,-48,-10.3095
98,-48,-10.6665
100,-48,-10.8762
102,-48,-10.9265
104,-48,-10.8561
106,-48,-10.7386
108,-48,-10.6618
110,-48,-10.7204
112,-48,-11.0134
114,-48,-11.634
116,-48,-12.6263
118,-48,-13.8408
120,-48,-14.614
122,-48,-13.999
124,-48,-12.2595
126,-48,-10.4138
128,-48,-8.97708
130,-48,-8.08535
132,-48,-7.76072
134,-48,-7.99545
136,-48,-8.76112
138,-48,-9.98943
140,-48,-11.5187
142,-48,-12.9788
144,-48,-13.7328
146,-48,-13.37
148,-48,-12.2775
150,-48,-11.0711
152,-48,-10.0641
154,-48,-9.32431
156,-48,-8.8064
158,-48,-8.42167
160,-48,-8.0821
162,-48,-7.73809
164,-48,-7.39505
166,-48,-7.09254
168,-48,-6.86246
170,-48,-6.70119
172,-48,-6.57689
174,-48,-6.47005
176,-48,-6.41762
178,-48,-6.52158
180,-48,-6.92188
-180,-46,-6.92188
-178,-46,-7.74652
-176,-46,-9.17023
-174,-46,-11.4181
-172,-46,-14.8874
-170,-46,-19.9248
-168,-46,-20.7213
-166,-46,-15.9772
-164,-46,-12.7043
-162,-46,-10.7766
-160,-46,-9.76021
-158,-46,-9.3748
-156,-46,-9.34215
-154,-46,-9.30347
-152,-46,-8.91281
-150,-46,-8.09919
-148,-46,-7.09834
-146,-46,-6.18985
-144,-46,-5.54686
-142,-46,-5.25021
-140,-46,-5.32674
-138,-46,-5.75601
-136,-46,-6.43597
-134,-46,-7.12137
-132,-46,-7.4527
-130,-46,-7.24614
-128,-46,-6.71518
-126,-46,-6.20829
-124,-46,-5.92851
-122,-46,-5.90539
-120,-46,-6.03857
-118,-46,-6.13271
-116,-46,-5.97174
-114,-46,-5.45494
-112,-46,-4.6629
-110,-46,-3.76297
-108,-46,-2.89255
-106,-46,-2.12554
-104,-46,-1.48844
-102,-46,-0.981196
-100,-46,-0.590166
-98,-46,-0.294614
-96,-46,-0.0700593
-94,-46,0.109204
-92,-46,0.2675
-90,-46,0.425187
-88,-46,0.59678
-86,-46,0.790305
-84,-46,1.00787
-82,-46,1.24678
-80,-46,1.50052
-78,-46,1.75936
-76,-46,2.01094
-74,-46,2.24116
-72,-46,2.43562
-70,-46,2.58149
-68,-46,2.66914
-66,-46,2.69306
-64,-46,2.65181
-62,-46,2.54697
-60,-46,2.38211
-58,-46,2.16299
-56,-46,1.89987
-54,-46,1.61138
-52,-46,1.32714
-50,-46,1.08555
-48,-46,0.925263
-46,-46,0.874077
-44,-46,0.942619
-42,-46,1.12659
-40,-46,1.41371
-38,-46,1.78935
-36,-46,2.23988
-34,-46,2.75596
-32,-46,3.33449
-30,-46,3.97501
-28,-46,4.67004
-26,-46,5.39681
-24,-46,6.11843
-22,-46,6.79409
-20,-46,7.39062
-18,-46,7.88861
-16,-46,8.28188
-14,-46,8.57259
-12,-46,8.76589
-10,-46,8.86661
-8,-46,8.87884
-6,-46,8.80716
-4,-46,8.65784
-2,-46,8.43946
0,-46,8.16368
2,-46,7.84723
4,-46,7.51469
6,-46,7.19953
8,-46,6.9393
10,-46,6.76386
12,-46,6.68231
14,-46,6.67821
16,-46,6.71708
18,-46,6.76014
20,-46,6.77582
22,-46,6.74525
24,-46,6.66262
26,-46,6.53256
28,-46,6.36573
30,-46,6.17344
32,-46,5.96205
34,-46,5.72907
36,-46,5.46273
38,-46,5.14572
40,-46,4.76212
42,-46,4.30443
44,-46,3.77775
46,-46,3.19857
48,-46,2.58739
50,-46,1.95799
52,-46,1.30907
54,-46,0.624691
56,-46,-0.115738
58,-46,-0.923188
60,-46,-1.78645
62,-46,-2.66606
64,-46,-3.49963
66,-46,-4.22302
68,-46,-4.80088
70,-46,-5.24413
72,-46,-5.59746
74,-46,-5.90987
76,-46,-6.21347
78,-46,-6.5208
80,-46,-6.8351
82,-46,-7.16323
84,-46,-7.523
86,-46,-7.94164
88,-46,-8.44749
90,-46,-9.05875
92,-46,-9.77047
94,-46,-10.5396
96,-46,-11.2722
98,-46,-11.8348
100,-46,-12.1157
102,-46,-12.1087
104,-46,-11.9228
106,-46,-11.7095
108,-46,-11.5986
110,-46,-11.6877
112,-46,-12.0494
114,-46,-12.7166
116,-46,-13.5955
118,-46,-14.2712
120,-46,-14.0247
122,-46,-12.7069
124,-46,-11.0051
126,-46,-9.49817
128,-46,-8.41378
130,-46,-7.82445
132,-46,-7.76053
134,-46,-8.23808
136,-46,-9.2516
138,-46,-10.7416
140,-46,-12.5116
142,-46,-14.064
144,-46,-14.6238
146,-46,-13.9457
148,-46,-12.6578
150,-46,-11.3643
152,-46,-10.3067
154,-46,-9.51928
156,-46,-8.94958
158,-46,-8.51261
160,-46,-8.12787
162,-46,-7.75226
164,-46,-7.39315
166,-46,-7.08739
168,-46,-6.86196
170,-46,-6.70841
172,-46,-6.59112
174,-46,-6.48822
176,-46,-6.43551
178,-46,-6.53412
180,-46,-6.92188
-180,-44,-6.92188
-178,-44,-7.72062
-176,-44,-9.09388
-174,-44,-11.2408
-172,-44,-14.4969
-170,-44,-19.1829
-168,-44,-21.0064
-166,-44,-16.719
-164,-44,-13.3885
-162,-44,-11.4087
-160,-44,-10.3583
-158,-44,-9.93038
-156,-44,-9.80712
-154,-44,-9.59655
-152,-44,-8.97797
-150,-44,-7.95797
-148,-44,-6.80625
-146,-44,-5.77987
-144,-44,-5.02067
-142,-44,-4.58704
-140,-44,-4.48937
-138,-44,-4.69478
-136,-44,-5.10283
-134,-44,-5.51571
-132,-44,-5.68283
-130,-44,-5.48369
-128,-44,-5.04815
-126,-44,-4.61033
-124,-44,-4.32349
-122,-44,-4.21269
-120,-44,-4.19712
-118,-44,-4.12975
-116,-44,-3.86715
-114,-44,-3.35684
-112,-44,-2.6627
-110,-44,-1.90227
-108,-44,-1.17617
-106,-44,-0.543532
-104,-44,-0.0285867
-102,-44,0.366466
-100,-44,0.65219
-98,-44,0.846667
-96,-44,0.972425
-94,-44,1.05391
-92,-44,1.11466
-90,-44,1.1744
-88,-44,1.24672
-86,-44,1.33829
-84,-44,1.44959
-82,-44,1.57672
-80,-44,1.71309
-78,-44,1.85058
-76,-44,1.98011
-74,-44,2.09205
-72,-44,2.17691
-70,-44,2.22634
-68,-44,2.23416
-66,-44,2.19689
-64,-44,2.11349
-62,-44,1.98443
-60,-44,1.81098
-58,-44,1.59612
-56,-44,1.3477
-54,-44,1.08299
-52,-44,0.831674
-50,-44,0.63379
-48,-44,0.531133
-46,-44,0.5553
-44,-44,0.718621
-42,-44,1.0126
-40,-44,1.41319
-38,-44,1.8895
-36,-44,2.41338
-34,-44,2.96783
-32,-44,3.55065
-30,-44,4.16908
-28,-44,4.82679
-26,-44,5.51148
-24,-44,6.19319
-22,-44,6.83412
-20,-44,7.40163
-18,-44,7.87607
-16,-44,8.25113
-14,-44,8.52918
-12,-44,8.71565
-10,-44,8.81544
-8,-44,8.83223
-6,-44,8.76966
-4,-44,8.63251
-2,-44,8.42741
0,-44,8.16368
2,-44,7.85547
4,-44,7.52492
6,-44,7.20373
8,-44,6.92918
10,-44,6.73301
12,-44,6.62789
14,-44,6.60143
16,-44,6.62225
18,-44,6.65337
20,-44,6.66418
22,-44,6.63648
24,-44,6.5651
26,-44,6.45513
28,-44,6.31706
30,-44,6.16079
32,-44,5.98988
34,-44,5.79814
36,-44,5.57035
38,-44,5.28713
40,-44,4.93229
42,-44,4.49932
44,-44,3.99441
46,-44,3.43377
48,-44,2.83574
50,-44,2.21063
52,-44,1.55473
54,-44,0.853061
56,-44,0.0902459
58,-44,-0.735908
60,-44,-1.60407
62,-44,-2.46704
64,-44,-3.26224
66,-44,-3.93608
68,-44,-4.47016
70,-44,-4.88773
72,-44,-5.23475
74,-44,-5.55362
76,-44,-5.86951
78,-44,-6.19279
80,-44,-6.53031
82,-44,-6.89646
84,-44,-7.31756
86,-44,-7.82841
88,-44,-8.46408
90,-44,-9.24924
92,-44,-10.1838
94,-44,-11.2198
96,-44,-12.2301
98,-44,-13.0055
100,-44,-13.3591
102,-44,-13.3001
104,-44,-13.0379
106,-44,-12.8105
108,-44,-12.7794
110,-44,-13.0291
112,-44,-13.5773
114,-44,-14.3148
116,-44,-14.841
118,-44,-14.494
120,-44,-13.1336
122,-44,-11.3901
124,-44,-9.81234
126,-44,-8.61392
128,-44,-7.8545
130,-44,-7.56077
132,-44,-7.76442
134,-44,-8.50189
136,-44,-9.7949
138,-44,-11.6021
140,-44,-13.6843
142,-44,-15.3346
144,-44,-15.5827
146,-44,-14.5164
148,-44,-13.0364
150,-44,-11.671
152,-44,-10.5715
154,-44,-9.73849
156,-44,-9.11449
158,-44,-8.62088
160,-44,-8.18673
162,-44,-7.77651
164,-44,-7.39975
166,-44,-7.09006
168,-44,-6.86874
170,-44,-6.72192
172,-44,-6.61014
174,-44,-6.50947
176,-44,-6.45507
178,-44,-6.54738
180,-44,-6.92188
-180,-42,-6.92188
-178,-42,-7.69399
-176,-42,-9.0161
-174,-42,-11.0627
-172,-42,-14.1138
-170,-42,-18.4514
-168,-42,-21.0732
-166,-42,-17.4899
-164,-42,-14.1353
-162,-42,-12.102
-160,-42,-11.0134
-158,-42,-10.5376
-156,-42,-10.3182
-154,-42,-9.93662
-152,-42,-9.10686
-150,-42,-7.90518
-148,-42,-6.62122
-146,-42,-5.4894
-144,-42,-4.62712
-142,-42,-4.07727
-140,-42,-3.84165
-138,-42,-3.88589
-136,-42,-4.12278
-134,-42,-4.39553
-132,-42,-4.51263
-130,-42,-4.36776
-128,-42,-4.02788
-126,-42,-3.65507
-124,-42,-3.37112
-122,-42,-3.20154
-120,-42,-3.08589
-118,-42,-2.91722
-116,-42,-2.60244
-114,-42,-2.11912
-112,-42,-1.5222
-110,-42,-0.899424
-108,-42,-0.325968
-106,-42,0.152693
-104,-42,0.51771
-102,-42,0.768475
-100,-42,0.91585
-98,-42,0.97807
-96,-42,0.978206
-94,-42,0.941865
-92,-42,0.894275
-90,-42,0.856766
-88,-42,0.843574
-86,-42,0.860272
-84,-42,0.90448
-82,-42,0.968381
-80,-42,1.04173
-78,-42,1.11424
-76,-42,1.17695
-74,-42,1.22282
-72,-42,1.24697
-70,-42,1.24687
-68,-42,1.22232
-66,-42,1.17507
-64,-42,1.10779
-62,-42,1.02268
-60,-42,0.920753
-58,-42,0.80283
-56,-42,0.672942
-54,-42,0.542591
-52,-42,0.433246
-50,-42,0.374773
-48,-42,0.399671
-46,-42,0.534911
-44,-42,0.793679
-42,-42,1.16976
-40,-42,1.63798
-38,-42,2.1625
-36,-42,2.70991
-34,-42,3.26124
-32,-42,3.81689
-30,-42,4.39084
-28,-42,4.99581
-26,-42,5.62811
-24,-42,6.2634
-22,-42,6.86601
-20,-42,7.4031
-18,-42,7.85408
-16,-42,8.21195
-14,-42,8.47883
-12,-42,8.66009
-10,-42,8.76044
-8,-42,8.78305
-6,-42,8.73056
-4,-42,8.6063
-2,-42,8.41499
0,-42,8.16368
2,-42,7.86409
4,-42,7.53598
6,-42,7.2093
8,-42,6.9209
10,-42,6.70408
12,-42,6.57493
14,-42,6.52513
16,-42,6.52672
18,-42,6.54498
20,-42,6.55058
22,-42,6.52618
24,-42,6.46724
26,-42,6.37906
28,-42,6.27145
30,-42,6.1523
32,-42,6.02187
34,-42,5.87011
36,-42,5.67856
38,-42,5.42622
40,-42,5.09699
42,-42,4.6856
44,-42,4.19926
46,-42,3.65398
48,-42,3.06619
50,-42,2.44356
52,-42,1.78087
54,-42,1.06456
56,-42,0.284172
58,-42,-0.554923
60,-42,-1.4233
62,-42,-2.26874
64,-42,-3.03118
66,-42,-3.66851
68,-42,-4.17702
70,-42,-4.58884
72,-42,-4.94945
74,-42,-5.29543
76,-42,-5.64652
78,-42,-6.01131
80,-42,-6.39869
82,-42,-6.82728
84,-42,-7.32782
86,-42,-7.93871
88,-42,-8.69775
90,-42,-9.63144
92,-42,-10.7379
94,-42,-11.9549
96,-42,-13.1138
98,-42,-13.9402
100,-42,-14.2316
102,-42,-14.09
104,-42,-13.834
106,-42,-13.7464
108,-42,-13.9914
110,-42,-14.6329
112,-42,-15.5891
114,-42,-16.3876
116,-42,-16.0399
118,-42,-14.2962
120,-42,-12.1303
122,-42,-10.242
124,-42,-8.82039
126,-42,-7.87233
128,-42,-7.37679
130,-42,-7.33376
132,-42,-7.77438
134,-42,-8.75248
136,-42,-10.3215
138,-42,-12.4754
140,-42,-14.9441
142,-42,-16.7113
144,-42,-16.5394
146,-42,-15.0584
148,-42,-13.4107
150,-42,-11.991
152,-42,-10.8566
154,-42,-9.97818
156,-42,-9.29672
158,-42,-8.74245
160,-42,-8.25563
162,-42,-7.80895
164,-42,-7.41388
166,-42,-7.10018
168,-42,-6.88276
170,-42,-6.74185
172,-42,-6.63406
174,-42,-6.5339
176,-42,-6.47635
178,-42,-6.56137
180,-42,-6.92188
-180,-40,-6.92188
-178,-40,-7.6667
-176,-40,-8.93711
-174,-40,-10.8842
-172,-40,-13.7383
-170,-40,-17.7374
-168,-40,-20.8889
-166,-40,-18.2571
-164,-40,-14.9441
-162,-40,-12.8617
-160,-40,-11.7315
-158,-40,-11.2033
-156,-40,-10.8834
-154,-40,-10.333
-152,-40,-9.30765
-150,-40,-7.94443
-148,-40,-6.54326
-146,-40,-5.31763
-144,-40,-4.36604
-142,-40,-3.72091
-140,-40,-3.38064
-138,-40,-3.31514
-136,-40,-3.45391
-134,-40,-3.67316
-132,-40,-3.81592
-130,-40,-3.77133
-128,-40,-3.55105
-126,-40,-3.25975
-124,-40,-2.9956
-122,-40,-2.78932
-120,-40,-2.60441
-118,-40,-2.3722
-116,-40,-2.04045
-114,-40,-1.60854
-112,-40,-1.12501
-110,-40,-0.65625
-108,-40,-0.257595
-106,-40,0.0380032
-104,-40,0.21839
-102,-40,0.28657
-100,-40,0.255784
-98,-40,0.146434
-96,-40,-0.0157302
-94,-40,-0.20139
-92,-40,-0.380545
-90,-40,-0.526909
-88,-40,-0.62283
-86,-40,-0.662586
-84,-40,-0.652185
-82,-40,-0.60571
-80,-40,-0.540101
-78,-40,-0.470593
-76,-40,-0.407945
-74,-40,-0.357466
-72,-40,-0.319309
-70,-40,-0.289534
-68,-40,-0.261603
-66,-40,-0.228157
-64,-40,-0.182943
-62,-40,-0.122656
-60,-40,-0.0479812
-58,-40,0.0370707
-56,-40,0.127885
-54,-40,0.222984
-52,-40,0.327071
-50,-40,0.452437
-48,-40,0.61857
-46,-40,0.84897
-44,-40,1.16336
-42,-40,1.56685
-40,-40,2.04349
-38,-40,2.56145
-36,-40,3.08763
-34,-40,3.60285
-32,-40,4.10894
-30,-40,4.62395
-28,-40,5.1669
-26,-40,5.74074
-24,-40,6.32579
-22,-40,6.88801
-20,-40,7.39406
-18,-40,7.82211
-16,-40,8.16407
-14,-40,8.42143
-12,-40,8.59917
-10,-40,8.70162
-8,-40,8.73133
-6,-40,8.68992
-4,-40,8.57926
-2,-40,8.40221
0,-40,8.16368
2,-40,7.87307
4,-40,7.5479
6,-40,7.21634
8,-40,6.9147
10,-40,6.67751
12,-40,6.52401
14,-40,6.44998
16,-40,6.43119
18,-40,6.43555
20,-40,6.43538
22,-40,6.41439
24,-40,6.36862
26,-40,6.30328
28,-40,6.22704
30,-40,6.14525
32,-40,6.05448
34,-40,5.94078
36,-40,5.78278
38,-40,5.55833
40,-40,5.25184
42,-40,4.85939
44,-40,4.38933
46,-40,3.85756
48,-40,3.27901
50,-40,2.65933
52,-40,1.99244
54,-40,1.26639
56,-40,0.475089
58,-40,-0.369908
60,-40,-1.23317
62,-40,-2.06007
64,-40,-2.79526
66,-40,-3.40833
68,-40,-3.90819
70,-40,-4.33345
72,-40,-4.72863
74,-40,-5.12565
76,-40,-5.54003
78,-40,-5.97834
80,-40,-6.44971
82,-40,-6.97421
84,-40,-7.58421
86,-40,-8.31922
88,-40,-9.21653
90,-40,-10.2972
92,-40,-11.5411
94,-40,-12.8394
96,-40,-13.9439
98,-40,-14.5424
100,-40,-14.5575
102,-40,-14.2767
104,-40,-14.0778
106,-40,-14.225
108,-40,-14.8789
110,-40,-16.1224
112,-40,-17.754
114,-40,-18.4457
116,-40,-16.5969
118,-40,-13.7053
120,-40,-11.2083
122,-40,-9.35629
124,-40,-8.09538
126,-40,-7.34535
128,-40,-7.05196
130,-40,-7.20145
132,-40,-7.82448
134,-40,-8.9888
136,-40,-10.7791
138,-40,-13.2372
140,-40,-16.0959
142,-40,-17.9874
144,-40,-17.3715
146,-40,-15.5417
148,-40,-13.7784
150,-40,-12.3245
152,-40,-11.1601
154,-40,-10.2346
156,-40,-9.49183
158,-40,-8.87332
160,-40,-8.33167
162,-40,-7.84783
164,-40,-7.43469
166,-40,-7.11744
168,-40,-6.904
170,-40,-6.76828
172,-40,-6.66302
174,-40,-6.56159
176,-40,-6.49938
178,-40,-6.57607
180,-40,-6.92188
-180,-38,-6.92188
-178,-38,-7.63881
-176,-38,-8.85714
-174,-38,-10.7059
-172,-38,-13.3712
-170,-38,-17.0456
-168,-38,-20.464
-166,-38,-18.9638
-164,-38,-15.8083
-162,-38,-13.6915
-160,-38,-12.5194
-158,-38,-11.9355
-156,-38,-11.5118
-154,-38,-10.796
-152,-38,-9.58882
-150,-38,-8.08015
-148,-38,-6.57394
-146,-38,-5.26527
-144,-38,-4.23807
-142,-38,-3.51794
-140,-38,-3.10292
-138,-38,-2.96985
-136,-38,-3.06508
-134,-38,-3.29173
-132,-38,-3.51599
-130,-38,-3.61622
-128,-38,-3.55119
-126,-38,-3.36988
-124,-38,-3.14763
-122,-38,-2.9246
-120,-38,-2.69388
-118,-38,-2.42656
-116,-38,-2.10621
-114,-38,-1.74865
-112,-38,-1.3967
-110,-38,-1.10018
-108,-38,-0.898638
-106,-38,-0.81431
-104,-38,-0.852884
-102,-38,-1.00712
-100,-38,-1.26028
-98,-38,-1.5881
-96,-38,-1.95964
-94,-38,-2.33798
-92,-38,-2.68277
-90,-38,-2.95606
-88,-38,-3.13089
-86,-38,-3.1987
-84,-38,-3.17045
-82,-38,-3.07024
-80,-38,-2.92524
-78,-38,-2.75733
-76,-38,-2.57898
-74,-38,-2.39349
-72,-38,-2.19788
-70,-38,-1.98685
-68,-38,-1.75596
-66,-38,-1.50288
-64,-38,-1.22717
-62,-38,-0.930022
-60,-38,-0.615143
-58,-38,-0.290175
-56,-38,0.0334367
-54,-38,0.343198
-52,-38,0.630362
-50,-38,0.895173
-48,-38,1.15063
-46,-38,1.42183
-44,-38,1.7377
-42,-38,2.11653
-40,-38,2.55426
-38,-38,3.02605
-36,-38,3.50103
-34,-38,3.95978
-32,-38,4.40396
-30,-38,4.85325
-28,-38,5.33055
-26,-38,5.84379
-24,-38,6.37726
-22,-38,6.89849
-20,-38,7.3737
-18,-38,7.77975
-16,-38,8.1073
-14,-38,8.35689
-12,-38,8.53289
-10,-38,8.63905
-8,-38,8.67716
-6,-38,8.6478
-4,-38,8.55142
-2,-38,8.38909
0,-38,8.16368
2,-38,7.88241
4,-38,7.56069
6,-38,7.22497
8,-38,6.91081
10,-38,6.6537
12,-38,6.47574
14,-38,6.37675
16,-38,6.33644
18,-38,6.32573
20,-38,6.31897
22,-38,6.30106
24,-38,6.26859
26,-38,6.22646
28,-38,6.18171
30,-38,6.1367
32,-38,6.0841
34,-38,6.0062
36,-38,5.87912
38,-38,5.67998
40,-38,5.39404
42,-38,5.0189
44,-38,4.5641
46,-38,4.04559
48,-38,3.47709
50,-38,2.86271
52,-38,2.19588
54,-38,1.46624
56,-38,0.671396
58,-38,-0.172196
60,-38,-1.025
62,-38,-1.83211
64,-38,-2.54433
66,-38,-3.14245
68,-38,-3.64597
70,-38,-4.09848
72,-38,-4.54382
74,-38,-5.01085
76,-38,-5.51205
78,-38,-6.05199
80,-38,-6.63857
82,-38,-7.29111
84,-38,-8.04156
86,-38,-8.92866
88,-38,-9.98569
90,-38,-11.2187
92,-38,-12.5641
94,-38,-13.8203
96,-38,-14.6393
98,-38,-14.7831
100,-38,-14.4382
102,-38,-14.0282
104,-38,-13.8878
106,-38,-14.2227
108,-38,-15.1871
110,-38,-16.9011
112,-38,-19.0391
114,-38,-19.2108
116,-38,-16.2021
118,-38,-12.9552
120,-38,-10.4849
122,-38,-8.76212
124,-38,-7.65813
126,-38,-7.07015
128,-38,-6.93199
130,-38,-7.22131
132,-38,-7.96603
134,-38,-9.24075
136,-38,-11.1488
138,-38,-13.7636
140,-38,-16.8302
142,-38,-18.7696
144,-38,-17.9014
146,-38,-15.9267
148,-38,-14.1333
150,-38,-12.6708
152,-38,-11.48
154,-38,-10.5041
156,-38,-9.69564
158,-38,-9.00986
160,-38,-8.41232
162,-38,-7.89173
164,-38,-7.46153
166,-38,-7.14167
168,-38,-6.9325
170,-38,-6.80134
172,-38,-6.69711
174,-38,-6.59261
176,-38,-6.5242
178,-38,-6.5915
180,-38,-6.92188
-180,-36,-6.92188
-178,-36,-7.61037
-176,-36,-8.77641
-174,-36,-10.5282
-172,-36,-13.0126
-170,-36,-16.379
-168,-36,-19.8474
-166,-36,-19.5246
-164,-36,-16.708
-162,-36,-14.5918
-160,-36,-13.383
-158,-36,-12.7427
-156,-36,-12.2138
-154,-36,-11.3365
-152,-36,-9.95919
-150,-36,-8.31745
-148,-36,-6.71582
-146,-36,-5.33367
-144,-36,-4.2438
-142,-36,-3.46734
-140,-36,-3.00366
-138,-36,-2.83721
-136,-36,-2.93007
-134,-36,-3.20857
-132,-36,-3.55841
-130,-36,-3.84857
-128,-36,-3.98653
-126,-36,-3.9589
-124,-36,-3.81069
-122,-36,-3.59277
-120,-36,-3.33431
-118,-36,-3.0495
-116,-36,-2.75543
-114,-36,-2.48147
-112,-36,-2.26567
-110,-36,-2.14471
-108,-36,-2.14527
-106,-36,-2.27998
-104,-36,-2.54737
-102,-36,-2.93336
-100,-36,-3.41283
-98,-36,-3.95031
-96,-36,-4.50019
-94,-36,-5.00834
-92,-36,-5.41819
-90,-36,-5.68302
-88,-36,-5.78044
-86,-36,-5.71886
-84,-36,-5.52998
-82,-36,-5.25225
-80,-36,-4.91653
-78,-36,-4.54009
-76,-36,-4.12886
-74,-36,-3.68421
-72,-36,-3.21017
-70,-36,-2.7171
-68,-36,-2.21978
-66,-36,-1.73177
-64,-36,-1.25982
-62,-36,-0.802601
-60,-36,-0.354741
-58,-36,0.086022
-56,-36,0.513669
-54,-36,0.914624
-52,-36,1.27434
-50,-36,1.58627
-48,-36,1.85897
-46,-36,2.11739
-44,-36,2.39512
-42,-36,2.71869
-40,-36,3.09292
-38,-36,3.49925
-36,-36,3.90932
-34,-36,4.30345
-32,-36,4.68228
-30,-36,5.06554
-28,-36,5.47827
-26,-36,5.93215
-24,-36,6.41495
-22,-36,6.89597
-20,-36,7.34131
-18,-36,7.72672
-16,-36,8.04154
-14,-36,8.28525
-12,-36,8.46135
-10,-36,8.57283
-8,-36,8.62064
-6,-36,8.60429
-4,-36,8.52284
-2,-36,8.37566
0,-36,8.16368
2,-36,7.89211
4,-36,7.57438
6,-36,7.23527
8,-36,6.90945
10,-36,6.63307
12,-36,6.43076
14,-36,6.30623
16,-36,6.2433
18,-36,6.21626
20,-36,6.20175
22,-36,6.18609
24,-36,6.16642
26,-36,6.14705
28,-36,6.13308
30,-36,6.12358
32,-36,6.10724
34,-36,6.06283
36,-36,5.96438
38,-36,5.78867
40,-36,5.52206
42,-36,5.16377
44,-36,4.72456
46,-36,4.22048
48,-36,3.66424
50,-36,3.05869
52,-36,2.39694
54,-36,1.67005
56,-36,0.878706
58,-36,0.0431598
60,-36,-0.794483
62,-36,-1.58058
64,-36,-2.27258
66,-36,-2.86131
68,-36,-3.37475
70,-36,-3.86017
72,-36,-4.36119
74,-36,-4.90499
76,-36,-5.50254
78,-36,-6.157
80,-36,-6.87449
82,-36,-7.67218
84,-36,-8.57963
86,-36,-9.63211
88,-36,-10.8536
90,-36,-12.2217
92,-36,-13.6004
94,-36,-14.6692
96,-36,-15.055
98,-36,-14.7512
100,-36,-14.1653
102,-36,-13.7047
104,-36,-13.6086
106,-36,-14.0166
108,-36,-15.0414
110,-36,-16.7292
112,-36,-18.5181
114,-36,-18.101
116,-36,-15.1884
118,-36,-12.2281
120,-36,-9.98278
122,-36,-8.44109
124,-36,-7.49729
126,-36,-7.05613
128,-36,-7.04754
130,-36,-7.4398
132,-36,-8.2524
134,-36,-9.55573
136,-36,-11.4487
138,-36,-13.9877
140,-36,-16.8851
142,-36,-18.6808
144,-36,-17.9593
146,-36,-16.1633
148,-36,-14.4626
150,-36,-13.0269
152,-36,-11.8143
154,-36,-10.7836
156,-36,-9.90451
158,-36,-9.14904
160,-36,-8.4956
162,-36,-7.93962
164,-36,-7.49402
166,-36,-7.17281
168,-36,-6.96837
170,-36,-6.84115
172,-36,-6.73647
174,-36,-6.62705
176,-36,-6.55085
178,-36,-6.60766
180,-36,-6.92188
-180,-34,-6.92188
-178,-34,-7.58145
-176,-34,-8.69512
-174,-34,-10.3516
-172,-34,-12.6631
-170,-34,-15.7394
-168,-34,-19.1042
-166,-34,-19.8385
-164,-34,-17.6009
-162,-34,-15.5548
-160,-34,-14.3259
-158,-34,-13.6331
-156,-34,-13.0001
-154,-34,-11.9655
-152,-34,-10.4273
-150,-34,-8.66138
-148,-34,-6.97129
-146,-34,-5.52346
-144,-34,-4.3821
-142,-34,-3.56539
-140,-34,-3.07456
-138,-34,-2.90138
-136,-34,-3.02214
-134,-34,-3.3844
-132,-34,-3.89477
-130,-34,-4.4213
-128,-34,-4.82614
-126,-34,-5.0208
-124,-34,-4.99806
-122,-34,-4.81104
-120,-34,-4.53116
-118,-34,-4.22334
-116,-34,-3.94088
-114,-34,-3.72703
-112,-34,-3.61589
-110,-34,-3.63114
-108,-34,-3.78359
-106,-34,-4.06843
-104,-34,-4.4625
-102,-34,-4.92232
-100,-34,-5.3848
-98,-34,-5.77487
-96,-34,-6.02362
-94,-34,-6.09245
-92,-34,-5.98723
-90,-34,-5.7502
-88,-34,-5.43655
-86,-34,-5.09301
-84,-34,-4.74724
-82,-34,-4.4064
-80,-34,-4.06085
-78,-34,-3.6913
-76,-34,-3.27839
-74,-34,-2.81292
-72,-34,-2.30212
-70,-34,-1.76808
-68,-34,-1.23896
-66,-34,-0.737876
-64,-34,-0.275003
-62,-34,0.153944
-60,-34,0.562161
-58,-34,0.961579
-56,-34,1.35361
-54,-34,1.72688
-52,-34,2.06373
-50,-34,2.35162
-48,-34,2.593
-46,-34,2.80881
-44,-34,3.03193
-42,-34,3.29165
-40,-34,3.59766
-38,-34,3.9359
-36,-34,4.28029
-34,-34,4.61114
-32,-34,4.92795
-30,-34,5.24981
-28,-34,5.60279
-26,-34,6.0013
-24,-34,6.43632
-22,-34,6.87917
-20,-34,7.29636
-18,-34,7.66285
-16,-34,7.96684
-14,-34,8.20661
-12,-34,8.38467
-10,-34,8.50308
-8,-34,8.56187
-6,-34,8.55947
-4,-34,8.49358
-2,-34,8.36193
0,-34,8.16368
2,-34,7.90217
4,-34,7.589
6,-34,7.24733
8,-34,6.91085
10,-34,6.61604
12,-34,6.38972
14,-34,6.23927
16,-34,6.15271
18,-34,6.10792
20,-34,6.08417
22,-34,6.06938
24,-34,6.06124
26,-34,6.06336
28,-34,6.07868
30,-34,6.1028
32,-34,6.12056
34,-34,6.1075
36,-34,6.03592
38,-34,5.88261
40,-34,5.63512
42,-34,5.29432
44,-34,4.87211
46,-34,4.38461
48,-34,3.84361
50,-34,3.25082
52,-34,2.59908
54,-34,1.88071
56,-34,1.09897
58,-34,0.276982
60,-34,-0.541754
62,-34,-1.30581
64,-34,-1.97912
66,-34,-2.56088
68,-34,-3.08522
70,-34,-3.60166
72,-34,-4.15346
74,-34,-4.76698
76,-34,-5.45266
78,-34,-6.21306
80,-34,-7.05279
82,-34,-7.98613
84,-34,-9.03838
86,-34,-10.2378
88,-34,-11.593
90,-34,-13.043
92,-34,-14.3726
94,-34,-15.1892
96,-34,-15.2199
98,-34,-14.681
100,-34,-14.0288
102,-34,-13.5844
104,-34,-13.5059
106,-34,-13.873
108,-34,-14.7231
110,-34,-15.9552
112,-34,-16.9132
114,-34,-16.2265
116,-34,-13.9707
118,-34,-11.5616
120,-34,-9.65011
122,-34,-8.33526
124,-34,-7.57234
126,-34,-7.28753
128,-34,-7.40884
130,-34,-7.88954
132,-34,-8.73053
134,-34,-9.98369
136,-34,-11.7195
138,-34,-13.936
140,-34,-16.3074
142,-34,-17.7934
144,-34,-17.5098
146,-34,-16.2039
148,-34,-14.7448
150,-34,-13.3859
152,-34,-12.1598
154,-34,-11.0699
156,-34,-10.1155
158,-34,-9.28862
160,-34,-8.58023
162,-34,-7.99096
164,-34,-7.53208
166,-34,-7.211
168,-34,-7.01178
170,-34,-6.88789
172,-34,-6.78119
174,-34,-6.66495
176,-34,-6.57933
178,-34,-6.62454
180,-34,-6.92188
-180,-32,-6.92188
-178,-32,-7.55211
-176,-32,-8.61351
-174,-32,-10.1766
-172,-32,-12.3229
-170,-32,-15.1274
-168,-32,-18.2951
-166,-32,-19.8273
-164,-32,-18.409
-162,-32,-16.5563
-160,-32,-15.3441
-158,-32,-14.6117
-156,-32,-13.8797
-154,-32,-12.6926
-152,-32,-11.0001
-150,-32,-9.11524
-148,-32,-7.34076
-146,-32,-5.83254
-144,-32,-4.64809
-142,-32,-3.80338
-140,-32,-3.30143
-138,-32,-3.14032
-136,-32,-3.30864
-134,-32,-3.7739
-132,-32,-4.46772
-130,-32,-5.27295
-128,-32,-6.02509
-126,-32,-6.54986
-124,-32,-6.74036
-122,-32,-6.61503
-120,-32,-6.29018
-118,-32,-5.90196
-116,-32,-5.55442
-114,-32,-5.30927
-112,-32,-5.19399
-110,-32,-5.20979
-108,-32,-5.33379
-106,-32,-5.51737
-104,-32,-5.68671
-102,-32,-5.75504
-100,-32,-5.65195
-98,-32,-5.35627
-96,-32,-4.90441
-94,-32,-4.36615
-92,-32,-3.81195
-90,-32,-3.29387
-88,-32,-2.84177
-86,-32,-2.46633
-84,-32,-2.16308
-82,-32,-1.91536
-80,-32,-1.69707
-78,-32,-1.47676
-76,-32,-1.22453
-74,-32,-0.920965
-72,-32,-0.564283
-70,-32,-0.170754
-68,-32,0.232897
-66,-32,0.621139
-64,-32,0.979453
-62,-32,1.30821
-60,-32,1.61925
-58,-32,1.92641
-56,-32,2.23494
-54,-32,2.5364
-52,-32,2.81305
-50,-32,3.04912
-48,-32,3.24226
-46,-32,3.40874
-44,-32,3.57847
-42,-32,3.78035
-40,-32,4.02601
-38,-32,4.30416
-36,-32,4.59058
-34,-32,4.86588
-32,-32,5.12872
-30,-32,5.39731
-28,-32,5.69807
-26,-32,6.0474
-24,-32,6.43915
-22,-32,6.84701
-20,-32,7.23842
-18,-32,7.58812
-16,-32,7.88332
-14,-32,8.12118
-12,-32,8.30306
-10,-32,8.42999
-8,-32,8.50101
-6,-32,8.51345
-4,-32,8.46369
-2,-32,8.34793
0,-32,8.16368
2,-32,7.91258
4,-32,7.60456
6,-32,7.26123
8,-32,6.9152
10,-32,6.60301
12,-32,6.35326
14,-32,6.17676
16,-32,6.06565
18,-32,6.0016
20,-32,5.96675
22,-32,5.95084
24,-32,5.95219
26,-32,5.97368
28,-32,6.016
30,-32,6.07138
32,-32,6.12095
34,-32,6.13736
36,-32,6.09152
38,-32,5.96037
40,-32,5.73268
42,-32,5.41083
44,-32,5.00768
46,-32,4.53935
48,-32,4.01669
50,-32,3.44037
52,-32,2.80306
54,-32,2.09819
56,-32,1.33121
58,-32,0.52734
60,-32,-0.269477
62,-32,-1.01062
64,-32,-1.66598
66,-32,-2.24124
68,-32,-2.77445
70,-32,-3.3158
72,-32,-3.90764
74,-32,-4.57546
76,-32,-5.32942
78,-32,-6.17174
80,-32,-7.10554
82,-32,-8.14161
84,-32,-9.29925
86,-32,-10.5967
88,-32,-12.0241
90,-32,-13.4859
92,-32,-14.7242
94,-32,-15.3619
96,-32,-15.2539
98,-32,-14.696
100,-32,-14.0913
102,-32,-13.6834
104,-32,-13.5733
106,-32,-13.7865
108,-32,-14.286
110,-32,-14.892
112,-32,-15.1224
114,-32,-14.3715
116,-32,-12.734
118,-32,-10.9105
120,-32,-9.3926
122,-32,-8.3533
124,-32,-7.81118
126,-32,-7.71948
128,-32,-8.00279
130,-32,-8.58759
132,-32,-9.43708
134,-32,-10.5657
136,-32,-12.003
138,-32,-13.7007
140,-32,-15.3934
142,-32,-16.536
144,-32,-16.6933
146,-32,-16.0273
148,-32,-14.9534
150,-32,-13.7365
152,-32,-12.5118
154,-32,-11.3599
156,-32,-10.3262
158,-32,-9.42728
160,-32,-8.66571
162,-32,-8.04578
164,-32,-7.57597
166,-32,-7.25655
168,-32,-7.063
170,-32,-6.94173
172,-32,-6.83138
174,-32,-6.70638
176,-32,-6.60968
178,-32,-6.64213
180,-32,-6.92188
-180,-30,-6.92188
-178,-30,-7.5224
-176,-30,-8.53175
-174,-30,-10.0035
-172,-30,-11.9925
-170,-30,-14.5435
-168,-30,-17.4658
-166,-30,-19.4804
-164,-30,-19.0155
-162,-30,-17.5408
-160,-30,-16.4175
-158,-30,-15.674
-156,-30,-14.8553
-154,-30,-13.5219
-152,-30,-11.6796
-150,-30,-9.67802
-148,-30,-7.82028
-146,-30,-6.25392
-144,-30,-5.03102
-142,-30,-4.16566
-140,-30,-3.66201
-138,-30,-3.52275
-136,-30,-3.74602
-134,-30,-4.31654
-132,-30,-5.19345
-130,-30,-6.29334
-128,-30,-7.46473
-126,-30,-8.4661
-124,-30,-9.01724
-122,-30,-8.98733
-120,-30,-8.52064
-118,-30,-7.88622
-116,-30,-7.28594
-114,-30,-6.81163
-112,-30,-6.47629
-110,-30,-6.24438
-108,-30,-6.0497
-106,-30,-5.8118
-104,-30,-5.46037
-102,-30,-4.96315
-100,-30,-4.33787
-98,-30,-3.63772
-96,-30,-2.92439
-94,-30,-2.24862
-92,-30,-1.64383
-90,-30,-1.12769
-88,-30,-0.705873
-86,-30,-0.375102
-84,-30,-0.124824
-82,-30,0.0620916
-80,-30,0.208738
-78,-30,0.342395
-76,-30,0.490456
-74,-30,0.674067
-72,-30,0.901708
-70,-30,1.1666
-68,-30,1.45048
-66,-30,1.7323
-64,-30,1.99744
-62,-30,2.24305
-60,-30,2.47695
-58,-30,2.71055
-56,-30,2.94929
-54,-30,3.18665
-52,-30,3.40656
-50,-30,3.59319
-48,-30,3.74223
-46,-30,3.86696
-44,-30,3.99446
-42,-30,4.15212
-40,-30,4.35175
-38,-30,4.58347
-36,-30,4.82445
-34,-30,5.05578
-32,-30,5.27564
-30,-30,5.5014
-28,-30,5.75936
-26,-30,6.0673
-24,-30,6.42164
-22,-30,6.79863
-20,-30,7.16729
-18,-30,7.50262
-16,-30,7.79125
-14,-30,8.02924
-12,-30,8.21677
-10,-30,8.35377
-8,-30,8.43821
-6,-30,8.46633
-4,-30,8.43323
-2,-30,8.33369
0,-30,8.16368
2,-30,7.92333
4,-30,7.62107
6,-30,7.27703
8,-30,6.92268
10,-30,6.59435
12,-30,6.32203
14,-30,6.11959
16,-30,5.98317
18,-30,5.89828
20,-30,5.85014
22,-30,5.83048
24,-30,5.83846
26,-30,5.87633
28,-30,5.94267
30,-30,6.02649
32,-30,6.10553
34,-30,6.14985
36,-30,6.12916
38,-30,6.0206
40,-30,5.814
42,-30,5.513
44,-30,5.13121
46,-30,4.68457
48,-30,4.18307
50,-30,3.62651
52,-30,3.00751
54,-30,2.32062
56,-30,1.57305
58,-30,0.791433
60,-30,0.0192895
62,-30,-0.697975
64,-30,-1.33555
66,-30,-1.90389
68,-30,-2.44307
70,-30,-3.00273
72,-30,-3.62371
74,-30,-4.33036
76,-30,-5.13227
78,-30,-6.03089
80,-30,-7.02724
82,-30,-8.12757
84,-30,-9.34327
86,-30,-10.68
88,-30,-12.1091
90,-30,-13.5136
92,-30,-14.6375
94,-30,-15.1759
96,-30,-15.0716
98,-30,-14.5989
100,-30,-14.0769
102,-30,-13.6857
104,-30,-13.4829
106,-30,-13.4579
108,-30,-13.5489
110,-30,-13.6175
112,-30,-13.4183
114,-30,-12.7133
116,-30,-11.5409
118,-30,-10.2296
120,-30,-9.11402
122,-30,-8.3855
124,-30,-8.10976
126,-30,-8.26836
128,-30,-8.78077
130,-30,-9.52675
132,-30,-10.3925
134,-30,-11.3233
136,-30,-12.3219
138,-30,-13.3804
140,-30,-14.4142
142,-30,-15.2565
144,-30,-15.7163
146,-30,-15.6577
148,-30,-15.0647
150,-30,-14.0641
152,-30,-12.8641
154,-30,-11.6506
156,-30,-10.5353
158,-30,-9.56457
160,-30,-8.75228
162,-30,-8.10463
164,-30,-7.62629
166,-30,-7.30997
168,-30,-7.1224
170,-30,-7.00289
172,-30,-6.88716
174,-30,-6.75138
176,-30,-6.6419
178,-30,-6.66044
180,-30,-6.92188
-180,-28,-6.92188
-178,-28,-7.4924
-176,-28,-8.45007
-174,-28,-9.8327
-172,-28,-11.672
-170,-28,-13.9874
-168,-28,-16.6468
-166,-28,-18.862
-164,-28,-19.2913
-162,-28,-18.4053
-160,-28,-17.4925
-158,-28,-16.7937
-156,-28,-15.9135
-154,-28,-14.445
-152,-28,-12.4578
-150,-28,-10.3404
-148,-28,-8.39854
-146,-28,-6.77344
-144,-28,-5.51279
-142,-28,-4.62864
-140,-28,-4.12515
-138,-28,-4.00699
-136,-28,-4.27704
-134,-28,-4.93014
-132,-28,-5.94623
-130,-28,-7.28074
-128,-28,-8.8364
-126,-28,-10.3815
-124,-28,-11.4404
-122,-28,-11.5098
-120,-28,-10.6902
-118,-28,-9.54405
-116,-28,-8.46406
-114,-28,-7.57553
-112,-28,-6.86513
-110,-28,-6.26542
-108,-28,-5.69652
-106,-28,-5.09353
-104,-28,-4.42544
-102,-28,-3.69882
-100,-28,-2.94544
-98,-28,-2.20415
-96,-28,-1.508
-94,-28,-0.879476
-92,-28,-0.331002
-90,-28,0.132646
-88,-28,0.512121
-86,-28,0.812178
-84,-28,1.04127
-82,-28,1.21176
-80,-28,1.34017
-78,-28,1.44662
-76,-28,1.55264
-74,-28,1.67696
-72,-28,1.83066
-70,-28,2.01395
-68,-28,2.21722
-66,-28,2.42646
-64,-28,2.63036
-62,-28,2.82533
-60,-28,3.01578
-58,-28,3.20915
-56,-28,3.40838
-54,-28,3.60682
-52,-28,3.78981
-50,-28,3.94287
-48,-28,4.06195
-46,-28,4.15929
-44,-28,4.26015
-42,-28,4.39025
-40,-28,4.56071
-38,-28,4.76205
-36,-28,4.97234
-34,-28,5.17324
-32,-28,5.36272
-30,-28,5.55743
-28,-28,5.78322
-26,-28,6.05868
-24,-28,6.38243
-22,-28,6.73348
-20,-28,7.08292
-18,-28,7.40663
-16,-28,7.691
-14,-28,7.93118
-12,-28,8.12615
-10,-28,8.27468
-8,-28,8.37366
-6,-28,8.41823
-4,-28,8.40227
-2,-28,8.31923
0,-28,8.16368
2,-28,7.93442
4,-28,7.63854
6,-28,7.29479
8,-28,6.93346
10,-28,6.59042
12,-28,6.29665
14,-28,6.06869
16,-28,5.90638
18,-28,5.79906
20,-28,5.73511
22,-28,5.70849
24,-28,5.71943
26,-28,5.76984
28,-28,5.8565
30,-28,5.96556
32,-28,6.0717
34,-28,6.14264
36,-28,6.14695
38,-28,6.06181
40,-28,5.87789
42,-28,5.59973
44,-28,5.24142
46,-28,4.81869
48,-28,4.34077
50,-28,3.80691
52,-28,3.20993
54,-28,2.5454
56,-28,1.82189
58,-28,1.06668
60,-28,0.322058
62,-28,-0.37009
64,-28,-0.989584
66,-28,-1.55022
68,-28,-2.09276
70,-28,-2.66557
72,-28,-3.30773
74,-28,-4.04231
76,-28,-4.87792
78,-28,-5.81453
80,-28,-6.84993
82,-28,-7.98415
84,-28,-9.21823
86,-28,-10.5425
88,-28,-11.9084
90,-28,-13.1858
92,-28,-14.1456
94,-28,-14.5715
96,-28,-14.468
98,-28,-14.0614
100,-28,-13.588
102,-28,-13.1752
104,-28,-12.8571
106,-28,-12.6201
108,-28,-12.4269
110,-28,-12.2104
112,-28,-11.8606
114,-28,-11.2664
116,-28,-10.43
118,-28,-9.5171
120,-28,-8.75844
122,-28,-8.33622
124,-28,-8.34766
126,-28,-8.80661
128,-28,-9.63616
130,-28,-10.6499
132,-28,-11.5817
134,-28,-12.2409
136,-28,-12.6659
138,-28,-13.0414
140,-28,-13.5142
142,-28,-14.1139
144,-28,-14.7407
146,-28,-15.1585
148,-28,-15.0687
150,-28,-14.3529
152,-28,-13.2088
154,-28,-11.9386
156,-28,-10.7416
158,-28,-9.70083
160,-28,-8.84087
162,-28,-8.16855
164,-28,-7.68394
166,-28,-7.37193
168,-28,-7.19043
170,-28,-7.07162
172,-28,-6.94863
174,-28,-6.80001
176,-28,-6.67602
178,-28,-6.67946
180,-28,-6.92188
-180,-26,-6.92188
-178,-26,-7.46215
-176,-26,-8.36865
-174,-26,-9.66462
-172,-26,-11.3618
-170,-26,-13.4589
-168,-26,-15.8565
-166,-26,-18.0721
-164,-26,-19.1617
-162,-26,-18.9986
-160,-26,-18.4591
-158,-26,-17.8989
-156,-26,-17.0061
-154,-26,-15.4272
-152,-26,-13.3078
-150,-26,-11.0794
-148,-26,-9.05363
-146,-26,-7.36833
-144,-26,-6.06783
-142,-26,-5.16188
-140,-26,-4.65292
-138,-26,-4.54366
-136,-26,-4.83414
-134,-26,-5.51577
-132,-26,-6.56725
-130,-26,-7.95281
-128,-26,-9.60612
-126,-26,-11.3411
-124,-26,-12.6279
-122,-26,-12.6775
-120,-26,-11.5101
-118,-26,-9.94972
-116,-26,-8.5249
-114,-26,-7.36425
-112,-26,-6.43329
-110,-26,-5.65304
-108,-26,-4.94597
-106,-26,-4.25753
-104,-26,-3.56405
-102,-26,-2.86808
-100,-26,-2.18635
-98,-26,-1.53808
-96,-26,-0.938252
-94,-26,-0.395881
-92,-26,0.0850339
-90,-26,0.503723
-88,-26,0.861233
-86,-26,1.15983
-84,-26,1.40323
-82,-26,1.59735
-80,-26,1.7512
-78,-26,1.8772
-76,-26,1.99017
-74,-26,2.10485
-72,-26,2.23239
-70,-26,2.37739
-68,-26,2.53749
-66,-26,2.70614
-64,-26,2.87727
-62,-26,3.04893
-60,-26,3.22373
-58,-26,3.40534
-56,-26,3.59305
-54,-26,3.77838
-52,-26,3.947
-50,-26,4.0859
-48,-26,4.19233
-46,-26,4.27879
-44,-26,4.3697
-42,-26,4.48933
-40,-26,4.64765
-38,-26,4.83494
-36,-26,5.02978
-34,-26,5.21438
-32,-26,5.38669
-30,-26,5.56269
-28,-26,5.7675
-26,-26,6.02003
-24,-26,6.32071
-22,-26,6.65133
-20,-26,6.98551
-18,-26,7.30056
-16,-26,7.58307
-14,-26,7.82746
-12,-26,8.03158
-10,-26,8.19301
-8,-26,8.30756
-6,-26,8.36927
-4,-26,8.37088
-2,-26,8.30456
0,-26,8.16368
2,-26,7.94585
4,-26,7.65697
6,-26,7.31456
8,-26,6.94767
10,-26,6.59154
12,-26,6.27773
14,-26,6.02496
16,-26,5.83643
18,-26,5.70514
20,-26,5.62265
22,-26,5.58532
24,-26,5.59479
26,-26,5.65309
28,-26,5.75569
30,-26,5.8864
32,-26,6.01719
34,-26,6.11358
36,-26,6.14294
38,-26,6.08226
40,-26,5.92259
42,-26,5.66905
44,-26,5.33601
46,-26,4.93898
48,-26,4.48679
50,-26,3.97851
52,-26,3.40735
54,-26,2.7698
56,-26,2.07522
58,-26,1.35071
60,-26,0.636551
62,-26,-0.0290858
64,-26,-0.629992
66,-26,-1.18216
68,-26,-1.72609
70,-26,-2.30847
72,-26,-2.96666
74,-26,-3.72243
76,-26,-4.58318
78,-26,-5.54662
80,-26,-6.60607
82,-26,-7.75354
84,-26,-8.97751
86,-26,-10.251
88,-26,-11.5071
90,-26,-12.6112
92,-26,-13.3732
94,-26,-13.6571
96,-26,-13.5066
98,-26,-13.1048
100,-26,-12.6275
102,-26,-12.1721
104,-26,-11.7713
106,-26,-11.4264
108,-26,-11.125
110,-26,-10.8348
112,-26,-10.4935
114,-26,-10.0305
116,-26,-9.43602
118,-26,-8.81091
120,-26,-8.3298
122,-26,-8.16282
124,-26,-8.43017
126,-26,-9.18644
128,-26,-10.3884
130,-26,-11.7998
132,-26,-12.9024
134,-26,-13.2302
136,-26,-12.9839
138,-26,-12.7138
140,-26,-12.7471
142,-26,-13.1576
144,-26,-13.8597
146,-26,-14.6074
148,-26,-14.9751
150,-26,-14.5896
152,-26,-13.5367
154,-26,-12.22
156,-26,-10.9445
158,-26,-9.837
160,-26,-8.93297
162,-26,-8.23899
164,-26,-7.75011
166,-26,-7.44331
168,-26,-7.26762
170,-26,-7.14821
172,-26,-7.01593
174,-26,-6.8523
176,-26,-6.71204
178,-26,-6.69918
180,-26,-6.92188
-180,-24,-6.92188
-178,-24,-7.43171
-176,-24,-8.28767
-174,-24,-9.49957
-172,-24,-11.062
-170,-24,-12.9572
-168,-24,-15.1046
-166,-24,-17.2035
-164,-24,-18.66
-162,-24,-19.1735
-160,-24,-19.1422
-158,-24,-18.8433
-156,-24,-18.0203
-154,-24,-16.3869
-152,-24,-14.1712
-150,-24,-11.8515
-148,-24,-9.75047
-146,-24,-8.00738
-144,-24,-6.66552
-142,-24,-5.73245
-140,-24,-5.20685
-138,-24,-5.08454
-136,-24,-5.35323
-134,-24,-5.98399
-132,-24,-6.92697
-130,-24,-8.11449
-128,-24,-9.45772
-126,-24,-10.7863
-124,-24,-11.7028
-122,-24,-11.6604
-120,-24,-10.6346
-118,-24,-9.20974
-116,-24,-7.85534
-114,-24,-6.73058
-112,-24,-5.83152
-110,-24,-5.09891
-108,-24,-4.4668
-106,-24,-3.88445
-104,-24,-3.32376
-102,-24,-2.77641
-100,-24,-2.24536
-98,-24,-1.73668
-96,-24,-1.2548
-94,-24,-0.801445
-92,-24,-0.376762
-90,-24,0.0190795
-88,-24,0.384788
-86,-24,0.717853
-84,-24,1.0154
-82,-24,1.27566
-80,-24,1.49943
-78,-24,1.69106
-76,-24,1.85829
-74,-24,2.01089
-72,-24,2.15821
-70,-24,2.30695
-68,-24,2.46014
-66,-24,2.61824
-64,-24,2.78143
-62,-24,2.95141
-60,-24,3.13109
-58,-24,3.32164
-56,-24,3.51894
-54,-24,3.71202
-52,-24,3.886
-50,-24,4.0289
-48,-24,4.13947
-46,-24,4.23109
-44,-24,4.32788
-42,-24,4.45288
-40,-24,4.61472
-38,-24,4.80309
-36,-24,4.99687
-34,-24,5.17879
-32,-24,5.34687
-30,-24,5.51637
-28,-24,5.71147
-26,-24,5.95082
-24,-24,6.23627
-22,-24,6.55233
-20,-24,6.8755
-18,-24,7.18503
-16,-24,7.46809
-14,-24,7.71865
-12,-24,7.93351
-10,-24,8.1091
-8,-24,8.24013
-6,-24,8.3196
-4,-24,8.33912
-2,-24,8.28973
0,-24,8.16368
2,-24,7.95759
4,-24,7.67636
6,-24,7.33635
8,-24,6.96543
10,-24,6.59798
12,-24,6.26579
14,-24,5.98928
16,-24,5.77453
18,-24,5.61788
20,-24,5.51399
22,-24,5.46178
24,-24,5.46467
26,-24,5.52542
28,-24,5.63893
30,-24,5.78725
32,-24,5.94005
34,-24,6.06071
36,-24,6.11518
38,-24,6.07986
40,-24,5.94579
42,-24,5.71829
44,-24,5.41187
46,-24,5.04203
48,-24,4.61762
50,-24,4.13792
52,-24,3.59669
54,-24,2.991
56,-24,2.33035
58,-24,1.64073
60,-24,0.959727
62,-24,0.321652
64,-24,-0.260576
66,-24,-0.804069
68,-24,-1.34825
70,-24,-1.93781
72,-24,-2.60843
74,-24,-3.3807
76,-24,-4.26067
78,-24,-5.24349
80,-24,-6.31729
82,-24,-7.46522
84,-24,-8.66277
86,-24,-9.86745
88,-24,-11.0009
90,-24,-11.9367
92,-24,-12.5284
94,-24,-12.6971
96,-24,-12.499
98,-24,-12.08
100,-24,-11.579
102,-24,-11.0825
104,-24,-10.6325
106,-24,-10.2454
108,-24,-9.92162
110,-24,-9.63979
112,-24,-9.35226
114,-24,-9.00364
116,-24,-8.58118
118,-24,-8.15709
120,-24,-7.87331
122,-24,-7.88762
124,-24,-8.33436
126,-24,-9.30813
128,-24,-10.8281
130,-24,-12.6805
132,-24,-14.0779
134,-24,-14.0887
136,-24,-13.1942
138,-24,-12.4043
140,-24,-12.1239
142,-24,-12.3932
144,-24,-13.1174
146,-24,-14.073
148,-24,-14.8114
150,-24,-14.7665
152,-24,-13.8383
154,-24,-12.4904
156,-24,-11.1435
158,-24,-9.97443
160,-24,-9.03044
162,-24,-8.31771
164,-24,-7.82622
166,-24,-7.52511
168,-24,-7.3546
170,-24,-7.23297
172,-24,-7.08917
174,-24,-6.90828
176,-24,-6.74996
178,-24,-6.71959
180,-24,-6.92188
-180,-22,-6.92188
-178,-22,-7.40115
-176,-22,-8.20732
-174,-22,-9.33787
-172,-22,-10.7728
-170,-22,-12.4819
-168,-22,-14.396
-166,-22,-16.3215
-164,-22,-17.9032
-162,-22,-18.8845
-160,-22,-19.3605
-158,-22,-19.4112
-156,-22,-18.7624
-154,-22,-17.1777
-152,-22,-14.9484
-150,-22,-12.5891
-148,-22,-10.4411
-146,-22,-8.65407
-144,-22,-7.27555
-142,-22,-6.31232
-140,-22,-5.75775
-138,-22,-5.59623
-136,-22,-5.79521
-134,-22,-6.29525
-132,-22,-7.01062
-130,-22,-7.84832
-128,-22,-8.72674
-126,-22,-9.54234
-124,-22,-10.0788
-122,-22,-10.0331
-120,-22,-9.32815
-118,-22,-8.25901
-116,-22,-7.17376
-114,-22,-6.2517
-112,-22,-5.52995
-110,-22,-4.97722
-108,-22,-4.54074
-106,-22,-4.17069
-104,-22,-3.83106
-102,-22,-3.5008
-100,-22,-3.16931
-98,-22,-2.83073
-96,-22,-2.48035
-94,-22,-2.11404
-92,-22,-1.72974
-90,-22,-1.32907
-88,-22,-0.918194
-86,-22,-0.507017
-84,-22,-0.107309
-82,-22,0.269726
-80,-22,0.615615
-78,-22,0.926002
-76,-22,1.20095
-74,-22,1.44419
-72,-22,1.66161
-70,-22,1.85979
-68,-22,2.04512
-66,-22,2.22397
-64,-22,2.40316
-62,-22,2.58974
-60,-22,2.78919
-58,-22,3.00235
-56,-22,3.22303
-54,-22,3.43822
-52,-22,3.6322
-50,-22,3.79362
-48,-22,3.92247
-46,-22,4.033
-44,-22,4.14917
-42,-22,4.29278
-40,-22,4.47113
-38,-22,4.67326
-36,-22,4.87834
-34,-22,5.06966
-32,-22,5.24532
-30,-22,5.41978
-28,-22,5.61588
-26,-22,5.85156
-24,-22,6.12961
-22,-22,6.4371
-20,-22,6.75364
-18,-22,7.06083
-16,-22,7.34684
-14,-22,7.60543
-12,-22,7.83248
-10,-22,8.02331
-8,-22,8.17161
-6,-22,8.26934
-4,-22,8.30706
-2,-22,8.27474
0,-22,8.16368
2,-22,7.96965
4,-22,7.6967
6,-22,7.3602
8,-22,6.98682
10,-22,6.60998
12,-22,6.26133
14,-22,5.96248
16,-22,5.72187
18,-22,5.53873
20,-22,5.41063
22,-22,5.33911
24,-22,5.32977
26,-22,5.38685
28,-22,5.50555
30,-22,5.66693
32,-22,5.83874
34,-22,5.98224
36,-22,6.06165
38,-22,6.05229
40,-22,5.94473
42,-22,5.74423
44,-22,5.46542
46,-22,5.12409
48,-22,4.72954
50,-22,4.28165
52,-22,3.77467
54,-22,3.20586
56,-22,2.58396
58,-22,1.93296
60,-22,1.28701
62,-22,0.676545
64,-22,0.111966
66,-22,-0.423825
68,-22,-0.968233
70,-22,-1.56352
72,-22,-2.24364
74,-22,-3.02816
76,-22,-3.92204
78,-22,-4.91803
80,-22,-5.99942
82,-22,-7.14116
84,-22,-8.30766
86,-22,-9.44567
88,-22,-10.4743
90,-22,-11.2846
92,-22,-11.7686
94,-22,-11.8796
96,-22,-11.6677
98,-22,-11.2461
100,-22,-10.7295
102,-22,-10.202
104,-22,-9.71604
106,-22,-9.3004
108,-22,-8.96345
110,-22,-8.68973
112,-22,-8.44006
114,-22,-8.16947
116,-22,-7.86597
118,-22,-7.58381
120,-22,-7.43811
122,-22,-7.56896
124,-22,-8.11131
126,-22,-9.18214
128,-22,-10.8521
130,-22,-12.9787
132,-22,-14.6662
134,-22,-14.5295
136,-22,-13.2205
138,-22,-12.1133
140,-22,-11.6409
142,-22,-11.8125
144,-22,-12.5311
146,-22,-13.6053
148,-22,-14.6149
150,-22,-14.8839
152,-22,-14.1044
154,-22,-12.7449
156,-22,-11.338
158,-22,-10.1147
160,-22,-9.13539
162,-22,-8.4067
164,-22,-7.91388
166,-22,-7.61846
168,-22,-7.45206
170,-22,-7.32624
172,-22,-7.16847
174,-22,-6.968
176,-22,-6.78979
178,-22,-6.74068
180,-22,-6.92188
-180,-20,-6.92188
-178,-20,-7.37052
-176,-20,-8.12776
-174,-20,-9.17979
-172,-20,-10.4944
-170,-20,-12.0321
-168,-20,-13.732
-166,-20,-15.4651
-164,-20,-17.02
-162,-20,-18.2258
-160,-20,-19.0554
-158,-20,-19.4266
-156,-20,-19.0188
-154,-20,-17.6163
-152,-20,-15.509
-150,-20,-13.2069
-148,-20,-11.0707
-146,-20,-9.27326
-144,-20,-7.87518
-142,-20,-6.88633
-140,-20,-6.29484
-138,-20,-6.07164
-136,-20,-6.1622
-134,-20,-6.48092
-132,-20,-6.9264
-130,-20,-7.42004
-128,-20,-7.92791
-126,-20,-8.41591
-124,-20,-8.76515
-122,-20,-8.77389
-120,-20,-8.33918
-118,-20,-7.60254
-116,-20,-6.81382
-114,-20,-6.14634
-112,-20,-5.66234
-110,-20,-5.35291
-108,-20,-5.17689
-106,-20,-5.08488
-104,-20,-5.03196
-102,-20,-4.98224
-100,-20,-4.90804
-98,-20,-4.78708
-96,-20,-4.60084
-94,-20,-4.33569
-92,-20,-3.98567
-90,-20,-3.55487
-88,-20,-3.05747
-86,-20,-2.5152
-84,-20,-1.95309
-82,-20,-1.39534
-80,-20,-0.86217
-78,-20,-0.368254
-76,-20,0.0776279
-74,-20,0.472005
-72,-20,0.815812
-70,-20,1.11363
-68,-20,1.37332
-66,-20,1.60584
-64,-20,1.82451
-62,-20,2.04298
-60,-20,2.27164
-58,-20,2.51378
-56,-20,2.76349
-54,-20,3.00718
-52,-20,3.22886
-50,-20,3.41761
-48,-20,3.57427
-46,-20,3.71349
-44,-20,3.85863
-42,-20,4.03008
-40,-20,4.23383
-38,-20,4.45857
-36,-20,4.684
-34,-20,4.89415
-32,-20,5.08717
-30,-20,5.27647
-28,-20,5.48318
-26,-20,5.72396
-24,-20,6.00202
-22,-20,6.30677
-20,-20,6.62101
-18,-20,6.929
-16,-20,7.22025
-14,-20,7.48854
-12,-20,7.72904
-10,-20,7.93606
-8,-20,8.10227
-6,-20,8.21865
-4,-20,8.27477
-2,-20,8.25963
0,-20,8.16368
2,-20,7.98201
4,-20,7.71799
6,-20,7.3861
8,-20,7.0119
10,-20,6.6277
12,-20,6.26475
14,-20,5.94532
16,-20,5.67963
18,-20,5.46927
20,-20,5.31437
22,-20,5.21905
24,-20,5.19149
26,-20,5.23817
28,-20,5.35565
30,-20,5.5249
32,-20,5.71221
34,-20,5.87666
36,-20,5.98034
38,-20,5.99702
40,-20,5.91638
42,-20,5.74339
44,-20,5.49287
46,-20,5.18127
48,-20,4.81877
50,-20,4.40606
52,-20,3.93778
54,-20,3.4107
56,-20,2.83194
58,-20,2.22242
60,-20,1.61223
62,-20,1.02806
64,-20,0.478705
66,-20,-0.0516414
68,-20,-0.597282
70,-20,-1.19746
72,-20,-1.88426
74,-20,-2.67638
76,-20,-3.57804
78,-20,-4.58026
80,-20,-5.6625
82,-20,-6.79331
84,-20,-7.9291
86,-20,-9.01088
88,-20,-9.96153
90,-20,-10.6916
92,-20,-11.1233
94,-20,-11.2267
96,-20,-11.0381
98,-20,-10.6414
100,-20,-10.1315
102,-20,-9.58948
104,-20,-9.07531
106,-20,-8.62718
108,-20,-8.26089
110,-20,-7.96854
112,-20,-7.7224
114,-20,-7.49103
116,-20,-7.26715
118,-20,-7.09101
120,-20,-7.05015
122,-20,-7.2591
124,-20,-7.83927
126,-20,-8.90744
128,-20,-10.5484
130,-20,-12.6623
132,-20,-14.4305
134,-20,-14.3904
136,-20,-13.044
138,-20,-11.8473
140,-20,-11.2923
142,-20,-11.4052
144,-20,-12.1055
146,-20,-13.2361
148,-20,-14.4227
150,-20,-14.9498
152,-20,-14.3276
154,-20,-12.9787
156,-20,-11.5274
158,-20,-10.2592
160,-20,-9.25003
162,-20,-8.50807
164,-20,-8.01481
166,-20,-7.72462
168,-20,-7.56076
170,-20,-7.42839
172,-20,-7.25396
174,-20,-7.03146
176,-20,-6.83152
178,-20,-6.76244
180,-20,-6.92188
-180,-18,-6.92188
-178,-18,-7.33987
-176,-18,-8.04917
-174,-18,-9.02562
-172,-18,-10.2269
-170,-18,-11.6071
-168,-18,-13.1126
-166,-18,-14.6548
-164,-18,-16.106
-162,-18,-17.3582
-160,-18,-18.3454
-158,-18,-18.9072
-156,-18,-18.7179
-154,-18,-17.5877
-152,-18,-15.7452
-150,-18,-13.6273
-148,-18,-11.5916
-146,-18,-9.83965
-144,-18,-8.45494
-142,-18,-7.45611
-140,-18,-6.82845
-138,-18,-6.53138
-136,-18,-6.4944
-134,-18,-6.62186
-132,-18,-6.82389
-130,-18,-7.05881
-128,-18,-7.3353
-126,-18,-7.65179
-124,-18,-7.92587
-122,-18,-8.00029
-120,-18,-7.77012
-118,-18,-7.30363
-116,-18,-6.78168
-114,-18,-6.35829
-112,-18,-6.1059
-110,-18,-6.03167
-108,-18,-6.10672
-106,-18,-6.2873
-104,-18,-6.52678
-102,-18,-6.78053
-100,-18,-7.00622
-98,-18,-7.16231
-96,-18,-7.20832
-94,-18,-7.10904
-92,-18,-6.84208
-90,-18,-6.40504
-88,-18,-5.81762
-86,-18,-5.11675
-84,-18,-4.34747
-82,-18,-3.55399
-80,-18,-2.77397
-78,-18,-2.03622
-76,-18,-1.36077
-74,-18,-0.759819
-72,-18,-0.23862
-70,-18,0.204052
-68,-18,0.575903
-66,-18,0.890884
-64,-18,1.16785
-62,-18,1.42731
-60,-18,1.68638
-58,-18,1.95373
-56,-18,2.22698
-54,-18,2.49449
-52,-18,2.7414
-50,-18,2.95763
-48,-18,3.14438
-46,-18,3.3158
-44,-18,3.49369
-42,-18,3.69645
-40,-18,3.92877
-38,-18,4.17952
-36,-18,4.42956
-34,-18,4.66399
-32,-18,4.88097
-30,-18,5.0926
-28,-18,5.31769
-26,-18,5.57104
-24,-18,5.8557
-22,-18,6.16307
-20,-18,6.47906
-18,-18,6.79079
-16,-18,7.08937
-14,-18,7.36885
-12,-18,7.62385
-10,-18,7.84777
-8,-18,8.03237
-6,-18,8.16769
-4,-18,8.24234
-2,-18,8.24442
0,-18,8.16368
2,-18,7.99466
4,-18,7.7402
6,-18,7.41404
8,-18,7.04068
10,-18,6.65128
12,-18,6.27639
14,-18,5.93847
16,-18,5.64892
18,-18,5.41112
20,-18,5.22727
22,-18,5.1039
24,-18,5.05202
26,-18,5.08116
28,-18,5.19034
30,-18,5.36149
32,-18,5.56
34,-18,5.74275
36,-18,5.86935
38,-18,5.91148
40,-18,5.85758
42,-18,5.71214
44,-18,5.49037
46,-18,5.20967
48,-18,4.88147
50,-18,4.5074
52,-18,4.08216
54,-18,3.60132
56,-18,3.06937
58,-18,2.50321
60,-18,1.92839
62,-18,1.36812
64,-18,0.830655
66,-18,0.302852
68,-18,-0.245345
70,-18,-0.849453
72,-18,-1.53939
74,-18,-2.33303
76,-18,-3.23415
78,-18,-4.23264
80,-18,-5.30529
82,-18,-6.41623
84,-18,-7.51687
86,-18,-8.54623
88,-18,-9.43388
90,-18,-10.109
92,-18,-10.5175
94,-18,-10.6404
96,-18,-10.502
98,-18,-10.1601
100,-18,-9.68785
102,-18,-9.15784
104,-18,-8.63114
106,-18,-8.15165
108,-18,-7.74286
110,-18,-7.40811
112,-18,-7.13619
114,-18,-6.91396
116,-18,-6.74317
118,-18,-6.65353
120,-18,-6.70489
122,-18,-6.98014
124,-18,-7.57602
126,-18,-8.59263
128,-18,-10.1014
130,-18,-12.008
132,-18,-13.646
134,-18,-13.8129
136,-18,-12.7234
138,-18,-11.6247
140,-18,-11.0759
142,-18,-11.1628
144,-18,-11.8398
146,-18,-12.9838
148,-18,-14.2658
150,-18,-14.9772
152,-18,-14.5028
154,-18,-13.1868
156,-18,-11.711
158,-18,-10.4096
160,-18,-9.37658
162,-18,-8.62401
164,-18,-8.13082
166,-18,-7.84488
168,-18,-7.68151
170,-18,-7.5398
172,-18,-7.34577
174,-18,-7.0987
176,-18,-6.87514
178,-18,-6.78486
180,-18,-6.92188
-180,-16,-6.92188
-178,-16,-7.30926
-176,-16,-7.97168
-174,-16,-8.8756
-172,-16,-9.97037
-170,-16,-11.2063
-168,-16,-12.5363
-166,-16,-13.8997
-164,-16,-15.2178
-162,-16,-16.4195
-160,-16,-17.4254
-158,-16,-18.0496
-156,-16,-18.0024
-154,-16,-17.1447
-152,-16,-15.6424
-150,-16,-13.8171
-148,-16,-11.9791
-146,-16,-10.3437
-144,-16,-9.0191
-142,-16,-8.03723
-140,-16,-7.38428
-138,-16,-7.01371
-136,-16,-6.85051
-134,-16,-6.80726
-132,-16,-6.82133
-130,-16,-6.88496
-128,-16,-7.0266
-126,-16,-7.25011
-124,-16,-7.48503
-122,-16,-7.60077
-120,-16,-7.50195
-118,-16,-7.21991
-116,-16,-6.8833
-114,-16,-6.61768
-112,-16,-6.49132
-110,-16,-6.51825
-108,-16,-6.67939
-106,-16,-6.94072
-104,-16,-7.26411
-102,-16,-7.61206
-100,-16,-7.94855
-98,-16,-8.2382
-96,-16,-8.44529
-94,-16,-8.53352
-92,-16,-8.46763
-90,-16,-8.21852
-88,-16,-7.77212
-86,-16,-7.13791
-84,-16,-6.35056
-82,-16,-5.46213
-80,-16,-4.52968
-78,-16,-3.60504
-76,-16,-2.72956
-74,-16,-1.93272
-72,-16,-1.23257
-70,-16,-0.636356
-68,-16,-0.140961
-66,-16,0.266384
-64,-16,0.606345
-62,-16,0.903788
-60,-16,1.18214
-58,-16,1.45725
-56,-16,1.7336
-54,-16,2.00507
-52,-16,2.2606
-50,-16,2.49204
-48,-16,2.70068
-46,-16,2.8989
-44,-16,3.10532
-42,-16,3.33522
-40,-16,3.59186
-38,-16,3.86495
-36,-16,4.13744
-34,-16,4.3961
-32,-16,4.63922
-30,-16,4.87714
-28,-16,5.12577
-26,-16,5.39725
-24,-16,5.6938
-22,-16,6.00833
-20,-16,6.32965
-18,-16,6.64772
-16,-16,6.95542
-14,-16,7.24731
-12,-16,7.51758
-10,-16,7.75891
-8,-16,7.96221
-6,-16,8.11661
-4,-16,8.20982
-2,-16,8.22914
0,-16,8.16368
2,-16,8.00758
4,-16,7.76332
6,-16,7.444
8,-16,7.07315
10,-16,6.68076
12,-16,6.29645
14,-16,5.94247
16,-16,5.63078
18,-16,5.36592
20,-16,5.15164
22,-16,4.9965
24,-16,4.91442
26,-16,4.91866
28,-16,5.01183
30,-16,5.17801
32,-16,5.38242
34,-16,5.57984
36,-16,5.72705
38,-16,5.79323
40,-16,5.76521
42,-16,5.64695
44,-16,5.45413
46,-16,5.20543
48,-16,4.91377
50,-16,4.58171
52,-16,4.2036
54,-16,3.77304
56,-16,3.29087
58,-16,2.76922
60,-16,2.22879
62,-16,1.68985
64,-16,1.16116
66,-16,0.633523
68,-16,0.0822441
70,-16,-0.523692
72,-16,-1.2116
74,-16,-1.99834
76,-16,-2.88731
78,-16,-3.86767
80,-16,-4.91446
82,-16,-5.98903
84,-16,-7.04026
86,-16,-8.0079
88,-16,-8.82952
90,-16,-9.45119
92,-16,-9.83876
94,-16,-9.98446
96,-16,-9.90606
98,-16,-9.64099
100,-16,-9.23918
102,-16,-8.756
104,-16,-8.24469
106,-16,-7.74939
108,-16,-7.30093
110,-16,-6.91704
112,-16,-6.60702
114,-16,-6.37897
116,-16,-6.24658
118,-16,-6.2335
120,-16,-6.37567
122,-16,-6.72326
124,-16,-7.34156
126,-16,-8.30414
128,-16,-9.65838
130,-16,-11.3076
132,-16,-12.741
134,-16,-13.0893
136,-16,-12.3627
138,-16,-11.4737
140,-16,-10.9939
142,-16,-11.08
144,-16,-11.7313
146,-16,-12.857
148,-16,-14.1659
150,-16,-14.9811
152,-16,-14.6286
154,-16,-13.3655
156,-16,-11.8878
158,-16,-10.5672
160,-16,-9.51716
162,-16,-8.75669
164,-16,-8.26378
166,-16,-7.98065
168,-16,-7.81515
170,-16,-7.66087
172,-16,-7.44402
174,-16,-7.16973
176,-16,-6.92065
178,-16,-6.80792
180,-16,-6.92188
-180,-14,-6.92188
-178,-14,-7.27874
-176,-14,-7.89544
-174,-14,-8.72994
-172,-14,-9.72491
-170,-14,-10.8288
-168,-14,-12.0015
-166,-14,-13.2025
-164,-14,-14.3839
-162,-14,-15.4952
-160,-14,-16.4522
-158,-14,-17.0676
-156,-14,-17.0985
-154,-14,-16.4612
-152,-14,-15.2904
-150,-14,-13.8059
-148,-14,-12.24
-146,-14,-10.791
-144,-14,-9.58
-142,-14,-8.65058
-140,-14,-7.99244
-138,-14,-7.56021
-136,-14,-7.287
-134,-14,-7.10698
-132,-14,-6.98696
-130,-14,-6.93897
-128,-14,-6.99169
-126,-14,-7.14069
-124,-14,-7.31786
-122,-14,-7.41122
-120,-14,-7.33792
-118,-14,-7.10916
-116,-14,-6.81277
-114,-14,-6.5436
-112,-14,-6.35952
-110,-14,-6.27853
-108,-14,-6.29236
-106,-14,-6.37935
-104,-14,-6.51251
-102,-14,-6.6644
-100,-14,-6.81096
-98,-14,-6.93451
-96,-14,-7.02458
-94,-14,-7.07546
-92,-14,-7.0809
-90,-14,-7.02821
-88,-14,-6.89474
-86,-14,-6.64956
-84,-14,-6.26251
-82,-14,-5.7186
-80,-14,-5.0302
-78,-14,-4.23773
-76,-14,-3.39822
-74,-14,-2.56953
-72,-14,-1.79881
-70,-14,-1.11723
-68,-14,-0.539167
-66,-14,-0.0637704
-64,-14,0.322367
-62,-14,0.641126
-60,-14,0.917314
-58,-14,1.17235
-56,-14,1.41918
-54,-14,1.66088
-52,-14,1.89397
-50,-14,2.11473
-48,-14,2.32503
-46,-14,2.53424
-44,-14,2.75575
-42,-14,3.00001
-40,-14,3.26833
-38,-14,3.55188
-36,-14,3.8369
-34,-14,4.11285
-32,-14,4.3785
-30,-14,4.64212
-28,-14,4.91594
-26,-14,5.20854
-24,-14,5.5205
-22,-14,5.84555
-20,-14,6.17503
-18,-14,6.50155
-16,-14,6.81979
-14,-14,7.12493
-12,-14,7.41097
-10,-14,7.66998
-8,-14,7.89208
-6,-14,8.06558
-4,-14,8.17731
-2,-14,8.2138
0,-14,8.16368
2,-14,8.02077
4,-14,7.78731
6,-14,7.47593
8,-14,7.10927
10,-14,6.71614
12,-14,6.32506
14,-14,5.9577
16,-14,5.62607
18,-14,5.33525
20,-14,5.08989
22,-14,4.90013
24,-14,4.78262
26,-14,4.75472
28,-14,4.82371
30,-14,4.97708
32,-14,5.18082
34,-14,5.38797
36,-14,5.5523
38,-14,5.64014
40,-14,5.63642
42,-14,5.54445
44,-14,5.3805
46,-14,5.16474
48,-14,4.91174
50,-14,4.62484
52,-14,4.29756
54,-14,3.92075
56,-14,3.49083
58,-14,3.01459
60,-14,2.50792
62,-14,1.98867
64,-14,1.46708
66,-14,0.938901
68,-14,0.385779
70,-14,-0.218001
72,-14,-0.896574
74,-14,-1.66545
76,-14,-2.52756
78,-14,-3.47158
80,-14,-4.4716
82,-14,-5.4877
84,-14,-6.46842
86,-14,-7.35646
88,-14,-8.09815
90,-14,-8.65444
92,-14,-9.00791
94,-14,-9.16206
96,-14,-9.13453
98,-14,-8.9504
100,-14,-8.63923
102,-14,-8.23467
104,-14,-7.77346
106,-14,-7.29284
108,-14,-6.82788
110,-14,-6.41078
112,-14,-6.07171
114,-14,-5.83948
116,-14,-5.74062
118,-14,-5.7979
120,-14,-6.03127
122,-14,-6.46332
124,-14,-7.12653
126,-14,-8.06212
128,-14,-9.29007
130,-14,-10.7159
132,-14,-11.9643
134,-14,-12.4417
136,-14,-12.0629
138,-14,-11.4265
140,-14,-11.0523
142,-14,-11.1533
144,-14,-11.7757
146,-14,-12.8576
148,-14,-14.1354
150,-14,-14.975
152,-14,-14.7067
154,-14,-13.5125
156,-14,-12.0575
158,-14,-10.7333
160,-14,-9.67388
162,-14,-8.90829
164,-14,-8.41558
166,-14,-8.13332
168,-14,-7.96256
170,-14,-7.79203
172,-14,-7.54885
174,-14,-7.24457
176,-14,-6.96802
178,-14,-6.83161
180,-14,-6.92188
-180,-12,-6.92188
-178,-12,-7.24836
-176,-12,-7.8206
-174,-12,-8.58884
-172,-12,-9.49052
-170,-12,-10.4739
-168,-12,-11.506
-166,-12,-12.5624
-164,-12,-13.6158
-162,-12,-14.6285
-160,-12,-15.5158
-158,-12,-16.0996
-156,-12,-16.1783
-154,-12,-15.7101
-152,-12,-14.8207
-150,-12,-13.6671
-148,-12,-12.4065
-146,-12,-11.1959
-144,-12,-10.1489
-142,-12,-9.31191
-140,-12,-8.67661
-138,-12,-8.20425
-136,-12,-7.84606
-134,-12,-7.56406
-132,-12,-7.3485
-130,-12,-7.21617
-128,-12,-7.18308
-126,-12,-7.22996
-124,-12,-7.28725
-122,-12,-7.25867
-120,-12,-7.07822
-118,-12,-6.75394
-116,-12,-6.35391
-114,-12,-5.95754
-112,-12,-5.62152
-110,-12,-5.37239
-108,-12,-5.21188
-106,-12,-5.12438
-104,-12,-5.08443
-102,-12,-5.06454
-100,-12,-5.04298
-98,-12,-5.00895
-96,-12,-4.96295
-94,-12,-4.91253
-92,-12,-4.86596
-90,-12,-4.82639
-88,-12,-4.7875
-86,-12,-4.73081
-84,-12,-4.62534
-82,-12,-4.43209
-80,-12,-4.11547
-78,-12,-3.65958
-76,-12,-3.07973
-74,-12,-2.41974
-72,-12,-1.73662
-70,-12,-1.08347
-68,-12,-0.498699
-66,-12,-0.0027084
-64,-12,0.40089
-62,-12,0.721732
-60,-12,0.977994
-58,-12,1.19098
-56,-12,1.37991
-54,-12,1.55845
-52,-12,1.73438
-50,-12,1.91216
-48,-12,2.09634
-46,-12,2.29315
-44,-12,2.50915
-42,-12,2.74806
-40,-12,3.00827
-38,-12,3.28281
-36,-12,3.56261
-34,-12,3.84137
-32,-12,4.11923
-30,-12,4.40243
-28,-12,4.69877
-26,-12,5.0123
-24,-12,5.34095
-22,-12,5.6784
-20,-12,6.01786
-18,-12,6.35427
-16,-12,6.68397
-14,-12,7.00284
-12,-12,7.30481
-10,-12,7.58147
-8,-12,7.82229
-6,-12,8.01476
-4,-12,8.14487
-2,-12,8.19845
0,-12,8.16368
2,-12,8.03421
4,-12,7.81216
6,-12,7.50979
8,-12,7.14895
10,-12,6.75733
12,-12,6.36223
14,-12,5.98441
16,-12,5.63548
18,-12,5.32051
20,-12,5.04448
22,-12,4.81843
24,-12,4.66132
26,-12,4.59463
28,-12,4.63107
30,-12,4.76282
32,-12,4.95792
34,-12,5.16831
36,-12,5.34484
38,-12,5.45076
40,-12,5.46884
42,-12,5.40165
44,-12,5.26607
46,-12,5.08389
48,-12,4.87132
50,-12,4.63231
52,-12,4.35904
54,-12,4.03894
56,-12,3.66347
58,-12,3.23386
60,-12,2.76139
62,-12,2.26203
64,-12,1.74808
66,-12,1.22096
68,-12,0.669371
70,-12,0.0736671
72,-12,-0.586467
74,-12,-1.32479
76,-12,-2.14369
78,-12,-3.03173
80,-12,-3.96297
82,-12,-4.89789
84,-12,-5.78695
86,-12,-6.57783
88,-12,-7.22602
90,-12,-7.70494
92,-12,-8.01001
94,-12,-8.15408
96,-12,-8.15777
98,-12,-8.0412
100,-12,-7.82079
102,-12,-7.51119
104,-12,-7.12971
106,-12,-6.70054
108,-12,-6.25699
110,-12,-5.84081
112,-12,-5.49869
114,-12,-5.27647
116,-12,-5.2128
118,-12,-5.33438
120,-12,-5.65487
122,-12,-6.17924
124,-12,-6.91177
126,-12,-7.85943
128,-12,-9.01254
130,-12,-10.2813
132,-12,-11.4003
134,-12,-11.977
136,-12,-11.8952
138,-12,-11.5115
140,-12,-11.2571
142,-12,-11.3787
144,-12,-11.9657
146,-12,-12.9804
148,-12,-14.1765
150,-12,-14.9681
152,-12,-14.7421
154,-12,-13.6277
156,-12,-12.2202
158,-12,-10.9093
160,-12,-9.84877
162,-12,-9.08097
164,-12,-8.58814
166,-12,-8.30436
168,-12,-8.12464
170,-12,-7.93367
172,-12,-7.66038
174,-12,-7.32322
176,-12,-7.01724
178,-12,-6.8559
180,-12,-6.92188
-180,-10,-6.92188
-178,-10,-7.21817
-176,-10,-7.74726
-174,-10,-8.45247
-172,-10,-9.26721
-170,-10,-10.1408
-168,-10,-11.048
-166,-10,-11.9773
-164,-10,-12.9166
-162,-10,-13.8372
-160,-10,-14.6575
-158,-10,-15.2125
-156,-10,-15.3331
-154,-10,-15.0028
-152,-10,-14.3438
-150,-10,-13.4816
-148,-10,-12.5207
-146,-10,-11.5725
-144,-10,-10.7276
-142,-10,-10.0227
-140,-10,-9.44528
-138,-10,-8.96355
-136,-10,-8.55082
-134,-10,-8.19623
-132,-10,-7.90409
-130,-10,-7.68386
-128,-10,-7.5319
-126,-10,-7.41393
-124,-10,-7.26383
-122,-10,-7.01
-120,-10,-6.61838
-118,-10,-6.11572
-116,-10,-5.57107
-114,-10,-5.05763
-112,-10,-4.62661
-110,-10,-4.29956
-108,-10,-4.07158
-106,-10,-3.91877
-104,-10,-3.80814
-102,-10,-3.70873
-100,-10,-3.60098
-98,-10,-3.48059
-96,-10,-3.35566
-94,-10,-3.23984
-92,-10,-3.14555
-90,-10,-3.07959
-88,-10,-3.04078
-86,-10,-3.01872
-84,-10,-2.99287
-82,-10,-2.93289
-80,-10,-2.8025
-78,-10,-2.5689
-76,-10,-2.21589
-74,-10,-1.75362
-72,-10,-1.21736
-70,-10,-0.65568
-68,-10,-0.116026
-66,-10,0.365295
-64,-10,0.767032
-62,-10,1.0827
-60,-10,1.31825
-58,-10,1.48872
-56,-10,1.61445
-54,-10,1.71718
-52,-10,1.81665
-50,-10,1.9285
-48,-10,2.0631
-46,-10,2.22528
-44,-10,2.41467
-42,-10,2.62714
-40,-10,2.85701
-38,-10,3.09916
-36,-10,3.35051
-34,-10,3.61113
-32,-10,3.88437
-30,-10,4.17514
-28,-10,4.48656
-26,-10,4.81719
-24,-10,5.16116
-22,-10,5.5111
-20,-10,5.86119
-18,-10,6.20811
-16,-10,6.5496
-14,-10,6.8822
-12,-10,7.19989
-10,-10,7.49392
-8,-10,7.75316
-6,-10,7.96432
-4,-10,8.11258
-2,-10,8.1831
0,-10,8.16368
2,-10,8.04789
4,-10,7.83781
6,-10,7.54549
8,-10,7.1921
10,-10,6.8042
12,-10,6.40783
14,-10,6.02263
16,-10,5.65944
18,-10,5.32289
20,-10,5.01768
22,-10,4.75516
24,-10,4.5558
26,-10,4.44482
28,-10,4.44063
30,-10,4.54128
32,-10,4.71828
34,-10,4.92362
36,-10,5.10571
38,-10,5.22469
40,-10,5.26097
42,-10,5.21619
44,-10,5.10784
46,-10,4.95928
48,-10,4.78833
50,-10,4.59922
52,-10,4.38238
54,-10,4.12138
56,-10,3.80244
58,-10,3.42131
60,-10,2.98492
62,-10,2.50771
64,-10,2.00431
66,-10,1.48204
68,-10,0.937093
70,-10,0.35654
72,-10,-0.275469
74,-10,-0.970537
76,-10,-1.73051
78,-10,-2.54435
80,-10,-3.38724
82,-10,-4.22189
84,-10,-5.00292
86,-10,-5.68481
88,-10,-6.23235
90,-10,-6.6292
92,-10,-6.87975
94,-10,-7.00303
96,-10,-7.02239
98,-10,-6.95662
100,-10,-6.81563
102,-10,-6.60182
104,-10,-6.31646
106,-10,-5.96903
108,-10,-5.58515
110,-10,-5.20842
112,-10,-4.8946
114,-10,-4.70116
116,-10,-4.67722
118,-10,-4.85659
120,-10,-5.25479
122,-10,-5.87006
124,-10,-6.68754
126,-10,-7.68319
128,-10,-8.81681
130,-10,-10.001
132,-10,-11.0545
134,-10,-11.7263
136,-10,-11.896
138,-10,-11.7456
140,-10,-11.6083
142,-10,-11.7463
144,-10,-12.2872
146,-10,-13.2116
148,-10,-14.281
150,-10,-14.9635
152,-10,-14.7416
154,-10,-13.7137
156,-10,-12.3769
158,-10,-11.0967
160,-10,-10.0439
162,-10,-9.27693
164,-10,-8.78341
166,-10,-8.49522
168,-10,-8.30229
170,-10,-8.08623
172,-10,-7.77872
174,-10,-7.40568
176,-10,-7.06828
178,-10,-6.88077
180,-10,-6.92188
-180,-8,-6.92188
-178,-8,-7.1882
-176,-8,-7.67556
-174,-8,-8.32099
-172,-8,-9.05495
-170,-8,-9.82898
-168,-8,-10.6252
-166,-8,-11.4439
-164,-8,-12.2845
-162,-8,-13.1257
-160,-8,-13.8913
-158,-8,-14.4311
-156,-8,-14.6002
-154,-8,-14.3941
-152,-8,-13.9288
-150,-8,-13.3132
-148,-8,-12.6211
-146,-8,-11.929
-144,-8,-11.303
-142,-8,-10.763
-140,-8,-10.2841
-138,-8,-9.83393
-136,-8,-9.4019
-134,-8,-8.99649
-132,-8,-8.62603
-130,-8,-8.28575
-128,-8,-7.95387
-126,-8,-7.5927
-124,-8,-7.15845
-122,-8,-6.62367
-120,-8,-5.9994
-118,-8,-5.33609
-116,-8,-4.70079
-114,-8,-4.15039
-112,-8,-3.71641
-110,-8,-3.40202
-108,-8,-3.18654
-106,-8,-3.03417
-104,-8,-2.90591
-102,-8,-2.77189
-100,-8,-2.61939
-98,-8,-2.45282
-96,-8,-2.28692
-94,-8,-2.13815
-92,-8,-2.01867
-90,-8,-1.93373
-88,-8,-1.88138
-86,-8,-1.85265
-84,-8,-1.83174
-82,-8,-1.79614
-80,-8,-1.71811
-78,-8,-1.56906
-76,-8,-1.32725
-74,-8,-0.986614
-72,-8,-0.561585
-70,-8,-0.0844384
-68,-8,0.40354
-66,-8,0.862108
-64,-8,1.25937
-62,-8,1.57548
-60,-8,1.80365
-58,-8,1.94975
-56,-8,2.03069
-54,-8,2.07153
-52,-8,2.10099
-50,-8,2.1455
-48,-8,2.22315
-46,-8,2.33974
-44,-8,2.48953
-42,-8,2.66068
-40,-8,2.84267
-38,-8,3.03157
-36,-8,3.23102
-34,-8,3.44968
-32,-8,3.69685
-30,-8,3.97813
-28,-8,4.29254
-26,-8,4.63266
-24,-8,4.98781
-22,-8,5.34834
-20,-8,5.70834
-18,-8,6.06547
-16,-8,6.41841
-14,-8,6.76425
-12,-8,7.09706
-10,-8,7.40787
-8,-8,7.685
-6,-8,7.91443
-4,-8,8.08051
-2,-8,8.16777
0,-8,8.16368
2,-8,8.06178
4,-8,7.86424
6,-8,7.58297
8,-8,7.23856
10,-8,6.85655
12,-8,6.46163
14,-8,6.07221
16,-8,5.69812
18,-8,5.34318
20,-8,5.01147
22,-8,4.71391
24,-8,4.47163
26,-8,4.31264
28,-8,4.26074
30,-8,4.3206
32,-8,4.46879
34,-8,4.65894
36,-8,4.83798
38,-8,4.96322
40,-8,5.01264
42,-8,4.98675
44,-8,4.90347
46,-8,4.78763
48,-8,4.65842
50,-8,4.52012
52,-8,4.36105
54,-8,4.16072
56,-8,3.90015
58,-8,3.56984
60,-8,3.17264
62,-8,2.72156
64,-8,2.23339
66,-8,1.72113
68,-8,1.18858
70,-8,0.629971
72,-8,0.0345459
74,-8,-0.606712
76,-8,-1.2951
78,-8,-2.02052
80,-8,-2.76046
82,-8,-3.48162
84,-8,-4.14476
86,-8,-4.71269
88,-8,-5.1596
90,-8,-5.47773
92,-8,-5.67749
94,-8,-5.78098
96,-8,-5.81233
98,-8,-5.78923
100,-8,-5.71822
102,-8,-5.5949
104,-8,-5.40997
106,-8,-5.16053
108,-8,-4.86203
110,-8,-4.55372
112,-8,-4.29343
114,-8,-4.14499
116,-8,-4.16561
118,-8,-4.39723
120,-8,-4.86178
122,-8,-5.55868
124,-8,-6.4637
126,-8,-7.52967
128,-8,-8.68893
130,-8,-9.85249
132,-8,-10.8996
134,-8,-11.6761
136,-8,-12.0654
138,-8,-12.123
140,-8,-12.0889
142,-8,-12.2316
144,-8,-12.7124
146,-8,-13.5235
148,-8,-14.4287
150,-8,-14.9577
152,-8,-14.7125
154,-8,-13.7755
156,-8,-12.5299
158,-8,-11.2975
160,-8,-10.2615
162,-8,-9.49839
164,-8,-9.00335
166,-8,-8.70741
168,-8,-8.49644
170,-8,-8.25012
172,-8,-7.904
174,-8,-7.49196
176,-8,-7.12113
178,-8,-6.90622
180,-8,-6.92188
-180,-6,-6.92188
-178,-6,-7.15852
-176,-6,-7.6056
-174,-6,-8.19452
-172,-6,-8.85368
-170,-6,-9.53758
-168,-6,-10.2359
-166,-6,-10.9589
-164,-6,-11.7159
-162,-6,-12.4922
-160,-6,-13.2183
-158,-6,-13.7592
-156,-6,-13.9885
-154,-6,-13.9041
-152,-6,-13.6104
-150,-6,-13.2022
-148,-6,-12.7354
-146,-6,-12.2659
-144,-6,-11.8469
-142,-6,-11.4878
-140,-6,-11.1481
-138,-6,-10.7804
-136,-6,-10.3701
-134,-6,-9.92796
-132,-6,-9.45726
-130,-6,-8.94208
-128,-6,-8.35924
-126,-6,-7.69401
-124,-6,-6.94924
-122,-6,-6.1504
-120,-6,-5.34458
-118,-6,-4.58944
-116,-6,-3.9365
-114,-6,-3.4177
-112,-6,-3.03971
-110,-6,-2.78482
-108,-6,-2.6166
-106,-6,-2.49009
-104,-6,-2.36499
-102,-6,-2.21744
-100,-6,-2.04443
-98,-6,-1.85883
-96,-6,-1.67946
-94,-6,-1.52246
-92,-6,-1.39695
-90,-6,-1.3044
-88,-6,-1.2398
-86,-6,-1.19312
-84,-6,-1.15035
-82,-6,-1.09412
-80,-6,-1.00464
-78,-6,-0.8616
-76,-6,-0.647861
-74,-6,-0.354468
-72,-6,0.0146863
-70,-6,0.441142
-68,-6,0.894485
-66,-6,1.33838
-64,-6,1.73764
-62,-6,2.0642
-60,-6,2.30138
-58,-6,2.44621
-56,-6,2.51021
-54,-6,2.51791
-52,-6,2.50251
-50,-6,2.49803
-48,-6,2.52933
-46,-6,2.60447
-44,-6,2.71429
-42,-6,2.84048
-40,-6,2.96742
-38,-6,3.09118
-36,-6,3.22154
-34,-6,3.37705
-32,-6,3.57601
-30,-6,3.82789
-28,-6,4.12965
-26,-6,4.46835
-24,-6,4.82784
-22,-6,5.19505
-20,-6,5.56285
-18,-6,5.92887
-16,-6,6.2922
-14,-6,6.65024
-12,-6,6.99716
-10,-6,7.32384
-8,-6,7.61812
-6,-6,7.86525
-4,-6,8.04875
-2,-6,8.1525
0,-6,8.16368
2,-6,8.07588
4,-6,7.8914
6,-6,7.62212
8,-6,7.28817
10,-6,6.9141
12,-6,6.5233
14,-6,6.13283
16,-6,5.75137
18,-6,5.3818
20,-6,5.02726
22,-6,4.69778
24,-6,4.41415
26,-6,4.20587
28,-6,4.10111
30,-6,4.1112
32,-6,4.21919
34,-6,4.38231
36,-6,4.54756
38,-6,4.6702
40,-6,4.72585
42,-6,4.71372
44,-6,4.65185
46,-6,4.5663
48,-6,4.47736
50,-6,4.38906
52,-6,4.28746
54,-6,4.14811
56,-6,3.94706
58,-6,3.66986
60,-6,3.31551
62,-6,2.89535
64,-6,2.4278
66,-6,1.93089
68,-6,1.41571
70,-6,0.88392
72,-6,0.330443
74,-6,-0.250623
76,-6,-0.859907
78,-6,-1.48872
80,-6,-2.11786
82,-6,-2.71951
84,-6,-3.26215
86,-6,-3.71794
88,-6,-4.07048
90,-6,-4.31929
92,-6,-4.47869
94,-6,-4.5714
96,-6,-4.62017
98,-6,-4.64043
100,-6,-4.63579
102,-6,-4.59756
104,-6,-4.50989
106,-6,-4.36101
108,-6,-4.15713
110,-6,-3.93092
112,-6,-3.73824
114,-6,-3.64541
116,-6,-3.71507
118,-6,-3.99615
120,-6,-4.5177
122,-6,-5.28377
124,-6,-6.26769
126,-6,-7.40858
128,-6,-8.61856
130,-6,-9.80511
132,-6,-10.8875
134,-6,-11.7761
136,-6,-12.3584
138,-6,-12.5958
140,-6,-12.6459
142,-6,-12.7798
144,-6,-13.1882
146,-6,-13.8687
148,-6,-14.5856
150,-6,-14.9408
152,-6,-14.6618
154,-6,-13.8202
156,-6,-12.683
158,-6,-11.5143
160,-6,-10.504
162,-6,-9.7477
164,-6,-9.25001
166,-6,-8.94244
168,-6,-8.70802
170,-6,-8.42577
172,-6,-8.03634
174,-6,-7.58205
176,-6,-7.17575
178,-6,-6.9322
180,-6,-6.92188
-180,-4,-6.92188
-178,-4,-7.12916
-176,-4,-7.53747
-174,-4,-8.07317
-172,-4,-8.66333
-170,-4,-9.26594
-168,-4,-9.87804
-166,-4,-10.519
-164,-4,-11.2065
-162,-4,-11.9319
-160,-4,-12.6337
-158,-4,-13.1917
-156,-4,-13.4941
-154,-4,-13.5352
-152,-4,-13.4013
-150,-4,-13.1695
-148,-4,-12.8795
-146,-4,-12.5779
-144,-4,-12.3219
-142,-4,-12.1302
-140,-4,-11.957
-138,-4,-11.726
-136,-4,-11.3841
-134,-4,-10.9132
-132,-4,-10.306
-130,-4,-9.55559
-128,-4,-8.67239
-126,-4,-7.6934
-124,-4,-6.6748
-122,-4,-5.67946
-120,-4,-4.76727
-118,-4,-3.98669
-116,-4,-3.36777
-114,-4,-2.91802
-112,-4,-2.62187
-110,-4,-2.44355
-108,-4,-2.33413
-106,-4,-2.24329
-104,-4,-2.13336
-102,-4,-1.98903
-100,-4,-1.81679
-98,-4,-1.63554
-96,-4,-1.4651
-94,-4,-1.31883
-92,-4,-1.20122
-90,-4,-1.10894
-88,-4,-1.03322
-86,-4,-0.962226
-84,-4,-0.882894
-82,-4,-0.782095
-80,-4,-0.647265
-78,-4,-0.466857
-76,-4,-0.231198
-74,-4,0.0657311
-72,-4,0.42353
-70,-4,0.832494
-68,-4,1.27226
-66,-4,1.71346
-64,-4,2.12246
-62,-4,2.46781
-60,-4,2.72656
-58,-4,2.88897
-56,-4,2.96128
-54,-4,2.96551
-52,-4,2.93572
-50,-4,2.90946
-48,-4,2.91571
-46,-4,2.96443
-44,-4,3.04451
-42,-4,3.13274
-40,-4,3.20872
-38,-4,3.26712
-36,-4,3.32196
-34,-4,3.40115
-32,-4,3.53386
-30,-4,3.73708
-28,-4,4.00905
-26,-4,4.33316
-24,-4,4.68798
-22,-4,5.0562
-20,-4,5.42828
-18,-4,5.80087
-16,-4,6.17278
-14,-4,6.54142
-12,-4,6.90103
-10,-4,7.24237
-8,-4,7.55285
-6,-4,7.81695
-4,-4,8.01735
-2,-4,8.1373
0,-4,8.16368
2,-4,8.09015
4,-4,7.91923
6,-4,7.66285
8,-4,7.34073
10,-4,6.97653
12,-4,6.59237
14,-4,6.20394
16,-4,5.81873
18,-4,5.43865
20,-4,5.06582
22,-4,4.70906
24,-4,4.38799
26,-4,4.13209
28,-4,3.9722
30,-4,3.92549
32,-4,3.98231
34,-4,4.10551
36,-4,4.24429
38,-4,4.35318
40,-4,4.40591
42,-4,4.40025
44,-4,4.35406
46,-4,4.29417
48,-4,4.24163
50,-4,4.20004
52,-4,4.15329
54,-4,4.07324
56,-4,3.93143
58,-4,3.7088
60,-4,3.40051
62,-4,3.01583
64,-4,2.57386
66,-4,2.09657
68,-4,1.60167
70,-4,1.0983
72,-4,0.587664
74,-4,0.0676448
76,-4,-0.461442
78,-4,-0.992605
80,-4,-1.51084
82,-4,-1.99492
84,-4,-2.42203
86,-4,-2.77406
88,-4,-3.04345
90,-4,-3.2357
92,-4,-3.36733
94,-4,-3.46003
96,-4,-3.53372
98,-4,-3.60041
100,-4,-3.66026
102,-4,-3.70094
104,-4,-3.70205
106,-4,-3.646
108,-4,-3.53253
110,-4,-3.38888
112,-4,-3.26809
114,-4,-3.23673
116,-4,-3.36012
118,-4,-3.69143
120,-4,-4.26461
122,-4,-5.08777
124,-4,-6.13464
126,-4,-7.3378
128,-4,-8.5977
130,-4,-9.81925
132,-4,-10.9462
134,-4,-11.9301
136,-4,-12.664
138,-4,-13.0455
140,-4,-13.1639
142,-4,-13.2868
144,-4,-13.6248
146,-4,-14.1744
148,-4,-14.7048
150,-4,-14.8983
152,-4,-14.5956
154,-4,-13.8565
156,-4,-12.8412
158,-4,-11.7503
160,-4,-10.7743
162,-4,-10.0274
164,-4,-9.52549
166,-4,-9.20189
168,-4,-8.93795
170,-4,-8.61358
172,-4,-8.17582
174,-4,-7.67594
176,-4,-7.2321
178,-4,-6.9587
180,-4,-6.92188
-180,-2,-6.92188
-178,-2,-7.10015
-176,-2,-7.47126
-174,-2,-7.95703
-172,-2,-8.48379
-170,-2,-9.01337
-168,-2,-9.54993
-166,-2,-10.121
-164,-2,-10.7515
-162,-2,-11.4389
-160,-2,-12.1301
-158,-2,-12.7196
-156,-2,-13.1073
-154,-2,-13.2805
-152,-2,-13.3015
-150,-2,-13.2216
-148,-2,-13.0598
-146,-2,-12.8575
-144,-2,-12.6923
-142,-2,-12.6173
-140,-2,-12.6049
-138,-2,-12.5492
-136,-2,-12.3205
-134,-2,-11.8286
-132,-2,-11.052
-130,-2,-10.033
-128,-2,-8.85439
-126,-2,-7.61268
-124,-2,-6.39854
-122,-2,-5.28707
-120,-2,-4.33388
-118,-2,-3.57281
-116,-2,-3.01487
-114,-2,-2.64841
-112,-2,-2.44084
-110,-2,-2.34271
-108,-2,-2.2963
-106,-2,-2.24901
-104,-2,-2.16754
-102,-2,-2.04463
-100,-2,-1.89387
-98,-2,-1.73717
-96,-2,-1.5931
-94,-2,-1.4709
-92,-2,-1.36984
-90,-2,-1.28147
-88,-2,-1.19307
-86,-2,-1.09091
-84,-2,-0.962931
-82,-2,-0.800322
-80,-2,-0.597756
-78,-2,-0.352526
-76,-2,-0.0632331
-74,-2,0.270921
-72,-2,0.64924
-70,-2,1.0668
-68,-2,1.51104
-66,-2,1.9601
-64,-2,2.38468
-62,-2,2.75365
-60,-2,3.04124
-58,-2,3.23349
-56,-2,3.33241
-54,-2,3.3569
-52,-2,3.33951
-50,-2,3.31798
-48,-2,3.32248
-46,-2,3.36365
-44,-2,3.42919
-42,-2,3.49262
-40,-2,3.52948
-38,-2,3.53208
-36,-2,3.51609
-34,-2,3.51636
-32,-2,3.57273
-30,-2,3.71231
-28,-2,3.93859
-26,-2,4.23436
-24,-2,4.57419
-22,-2,4.93638
-20,-2,5.30808
-18,-2,5.68399
-16,-2,6.06194
-14,-2,6.43903
-12,-2,6.8095
-10,-2,7.16399
-8,-2,7.48949
-6,-2,7.76969
-4,-2,7.9864
-2,-2,8.1222
0,-2,8.16368
2,-2,8.10459
4,-2,7.9477
6,-2,7.70503
8,-2,7.39602
10,-2,7.04347
12,-2,6.66829
14,-2,6.28483
16,-2,5.89944
18,-2,5.51312
20,-2,5.12712
22,-2,4.74894
24,-2,4.39646
26,-2,4.09773
28,-2,3.88419
30,-2,3.77709
32,-2,3.77384
34,-2,3.84451
36,-2,3.9429
38,-2,4.02477
40,-2,4.06295
42,-2,4.0539
44,-2,4.01491
46,-2,3.97307
48,-2,3.94979
50,-2,3.94821
52,-2,3.95042
54,-2,3.92513
56,-2,3.83996
58,-2,3.67157
60,-2,3.4112
62,-2,3.0653
64,-2,2.65243
66,-2,2.19709
68,-2,1.72254
70,-2,1.24525
72,-2,0.773335
74,-2,0.309295
76,-2,-0.145113
78,-2,-0.584737
80,-2,-0.999394
82,-2,-1.37521
84,-2,-1.69842
86,-2,-1.96022
88,-2,-2.16071
90,-2,-2.30986
92,-2,-2.42503
94,-2,-2.52592
96,-2,-2.62889
98,-2,-2.74192
100,-2,-2.86125
102,-2,-2.9709
104,-2,-3.04705
106,-2,-3.06885
108,-2,-3.03308
110,-2,-2.9645
112,-2,-2.9144
114,-2,-2.94828
116,-2,-3.13114
118,-2,-3.5165
120,-2,-4.13916
122,-2,-5.00803
124,-2,-6.09628
126,-2,-7.33303
128,-2,-8.61303
130,-2,-9.84059
132,-2,-10.9736
134,-2,-11.9896
136,-2,-12.7977
138,-2,-13.2727
140,-2,-13.4574
142,-2,-13.5965
144,-2,-13.8971
146,-2,-14.3486
148,-2,-14.734
150,-2,-14.8147
152,-2,-14.5192
154,-2,-13.8939
156,-2,-13.0112
158,-2,-12.0097
160,-2,-11.0754
162,-2,-10.3402
164,-2,-9.83203
166,-2,-9.48735
168,-2,-9.18721
170,-2,-8.81397
172,-2,-8.32258
174,-2,-7.77361
176,-2,-7.29014
178,-2,-6.9857
180,-2,-6.92188
-180,0,-6.92188
-178,0,-7.07155
-176,0,-7.40705
-174,0,-7.84617
-172,0,-8.31494
-170,0,-8.77922
-168,0,-9.24989
-166,0,-9.76184
-164,0,-10.3464
-162,0,-11.0072
-160,0,-11.6997
-158,0,-12.3326
-156,0,-12.8164
-154,0,-13.1287
-152,0,-13.3032
-150,0,-13.3555
-148,0,-13.2747
-146,0,-13.0982
-144,0,-12.9375
-142,0,-12.9001
-140,0,-12.9988
-138,0,-13.1151
-136,0,-13.0268
-134,0,-12.5289
-132,0,-11.5833
-130,0,-10.3198
-128,0,-8.91159
-126,0,-7.49719
-124,0,-6.17577
-122,0,-5.01809
-120,0,-4.07028
-118,0,-3.35396
-116,0,-2.86689
-114,0,-2.5847
-112,0,-2.46353
-110,0,-2.445
-108,0,-2.46597
-106,0,-2.47307
-104,0,-2.4365
-102,0,-2.35414
-100,0,-2.24337
-98,0,-2.12669
-96,0,-2.02038
-94,0,-1.92947
-92,0,-1.84816
-90,0,-1.76303
-88,0,-1.65746
-86,0,-1.51598
-84,0,-1.32792
-82,0,-1.08917
-80,0,-0.801947
-78,0,-0.472425
-76,0,-0.10765
-74,0,0.28705
-72,0,0.708633
-70,0,1.15419
-68,0,1.61677
-66,0,2.08148
-64,0,2.52489
-62,0,2.91901
-60,0,3.23827
-58,0,3.46687
-56,0,3.60392
-54,0,3.66515
-52,0,3.6802
-50,0,3.68458
-48,0,3.70724
-46,0,3.75827
-44,0,3.82457
-42,0,3.87773
-40,0,3.89038
-38,0,3.85205
-36,0,3.77785
-34,0,3.70622
-32,0,3.68541
-30,0,3.75323
-28,0,3.92167
-26,0,4.17668
-24,0,4.49114
-22,0,4.83956
-20,0,5.20538
-18,0,5.58055
-16,0,5.96136
-14,0,6.34426
-12,0,6.72336
-10,0,7.0892
-8,0,7.42832
-6,0,7.72361
-4,0,7.95596
-2,0,8.10721
0,0,8.16368
2,0,8.11918
4,0,7.97674
6,0,7.74855
8,0,7.45378
10,0,7.11451
12,0,6.75044
14,0,6.37465
16,0,5.99245
18,0,5.60412
20,0,5.21028
22,0,4.81731
24,0,4.44111
26,0,4.10724
28,0,3.84565
30,0,3.67927
32,0,3.61111
34,0,3.61902
36,0,3.6635
38,0,3.7039
40,0,3.71376
42,0,3.68875
44,0,3.64531
46,0,3.6102
48,0,3.6049
50,0,3.63225
52,0,3.67316
54,0,3.69418
56,0,3.6597
58,0,3.54251
60,0,3.32963
62,0,3.02382
64,0,2.64155
66,0,2.2081
68,0,1.75093
70,0,1.29339
72,0,0.851147
74,0,0.43242
76,0,0.0411944
78,0,-0.319095
80,0,-0.643463
82,0,-0.925747
84,0,-1.16103
86,0,-1.34886
88,0,-1.49545
90,0,-1.61373
92,0,-1.72084
94,0,-1.83393
96,0,-1.96552
98,0,-2.11936
100,0,-2.28762
102,0,-2.45092
104,0,-2.58331
106,0,-2.66349
108,0,-2.68911
110,0,-2.68577
112,0,-2.70418
114,0,-2.80736
116,0,-3.05651
118,0,-3.50087
120,0,-4.17109
122,0,-5.07198
124,0,-6.17245
126,0,-7.39701
128,0,-8.63697
130,0,-9.79822
132,0,-10.8491
134,0,-11.7897
136,0,-12.5636
138,0,-13.0728
140,0,-13.3391
142,0,-13.5527
144,0,-13.8827
146,0,-14.3066
148,0,-14.6298
150,0,-14.6787
152,0,-14.438
154,0,-13.9422
156,0,-13.2006
158,0,-12.2977
160,0,-11.4113
162,0,-10.6891
164,0,-10.172
166,0,-9.80053
168,0,-9.45675
170,0,-9.02735
172,0,-8.47669
174,0,-7.87505
176,0,-7.34985
178,0,-7.01315
180,0,-6.92188
-180,2,-6.92188
-178,2,-7.04337
-176,2,-7.34489
-174,2,-7.74062
-172,2,-8.15664
-170,2,-8.56282
-168,2,-8.97633
-166,2,-9.43863
-164,2,-9.98693
-162,2,-10.6307
-160,2,-11.3344
-158,2,-12.0204
-156,2,-12.6086
-154,2,-13.0663
-152,2,-13.3939
-150,2,-13.5609
-148,2,-13.5162
-146,2,-13.2962
-144,2,-13.0597
-142,2,-12.9774
-140,2,-13.1113
-138,2,-13.3501
-136,2,-13.3978
-134,2,-12.9218
-132,2,-11.8549
-130,2,-10.4236
-128,2,-8.88269
-126,2,-7.39081
-124,2,-6.03974
-122,2,-4.88962
-120,2,-3.9779
-118,2,-3.31869
-116,2,-2.90276
-114,2,-2.69936
-112,2,-2.65911
-110,2,-2.71939
-108,2,-2.81438
-106,2,-2.88979
-104,2,-2.91627
-102,2,-2.89261
-100,2,-2.83642
-98,2,-2.76929
-96,2,-2.70523
-94,2,-2.64592
-92,2,-2.5814
-90,2,-2.49396
-88,2,-2.36354
-86,2,-2.17331
-84,2,-1.91434
-82,2,-1.58759
-80,2,-1.20287
-78,2,-0.775107
-76,2,-0.319648
-74,2,0.15172
-72,2,0.632418
-70,2,1.11963
-68,2,1.6101
-66,2,2.09518
-64,2,2.55818
-62,2,2.97636
-60,2,3.3269
-58,2,3.5942
-56,2,3.77565
-54,2,3.88389
-52,2,3.94472
-50,2,3.98984
-48,2,4.04531
-46,2,4.11975
-44,2,4.1995
-42,2,4.25539
-40,2,4.25823
-38,2,4.195
-36,2,4.07877
-34,2,3.94855
-32,2,3.85761
-30,2,3.85307
-28,2,3.957
-26,2,4.16183
-24,2,4.44171
-22,2,4.76874
-20,2,5.12278
-18,2,5.49265
-16,2,5.87261
-14,2,6.25821
-12,2,6.64336
-10,2,7.01848
-8,2,7.36964
-6,2,7.67888
-4,2,7.9261
-2,2,8.09238
0,2,8.16368
2,2,8.13388
4,2,8.00629
6,2,7.79326
8,2,7.51377
10,2,7.18919
12,2,6.83811
14,2,6.4724
16,2,6.09645
18,2,5.71008
20,2,5.31363
22,2,4.91274
24,2,4.52144
26,2,4.16225
28,2,3.86205
30,2,3.64286
32,2,3.51085
34,2,3.45072
36,2,3.43075
38,2,3.41615
40,2,3.38315
42,2,3.32766
44,2,3.26517
46,2,3.22167
48,2,3.21834
50,2,3.25821
52,2,3.32216
54,2,3.37588
56,2,3.38168
58,2,3.30887
60,2,3.13993
62,2,2.87288
64,2,2.52036
66,2,2.1063
68,2,1.66059
70,2,1.21271
72,2,0.786427
74,2,0.397085
76,2,0.0522218
78,2,-0.245832
80,2,-0.497304
82,2,-0.703796
84,2,-0.868795
86,2,-0.999041
88,2,-1.10545
90,2,-1.20259
92,2,-1.30651
94,2,-1.43142
96,2,-1.58588
98,2,-1.76943
100,2,-1.97049
102,2,-2.16733
104,2,-2.33407
106,2,-2.45237
108,2,-2.52438
110,2,-2.57886
112,2,-2.66581
114,2,-2.84338
116,2,-3.16507
118,2,-3.67101
120,2,-4.38218
122,2,-5.29354
124,2,-6.3643
126,2,-7.51131
128,2,-8.62459
130,2,-9.61919
132,2,-10.4824
134,2,-11.2442
136,2,-11.8987
138,2,-12.4003
140,2,-12.7628
142,2,-13.1042
144,2,-13.5327
146,2,-14.0129
148,2,-14.3756
150,2,-14.4879
152,2,-14.358
154,2,-14.0114
156,2,-13.4179
158,2,-12.6203
160,2,-11.7862
162,2,-11.0775
164,2,-10.5481
166,2,-10.1432
168,2,-9.74759
170,2,-9.25415
172,2,-8.63826
174,2,-7.98023
176,2,-7.41116
178,2,-7.04104
180,2,-6.92188
-180,4,-6.92188
-178,4,-7.01566
-176,4,-7.28486
-174,4,-7.64041
-172,4,-8.00872
-170,4,-8.36352
-168,4,-8.72776
-166,4,-9.14873
-164,4,-9.66895
-162,4,-10.3036
-160,4,-11.0264
-158,4,-11.7725
-156,4,-12.4709
-154,4,-13.0781
-152,4,-13.5575
-150,4,-13.8216
-148,4,-13.7712
-146,4,-13.4507
-144,4,-13.0811
-142,4,-12.8958
-140,4,-12.9986
-138,4,-13.2966
-136,4,-13.4564
-134,4,-13.0368
-132,4,-11.9196
-130,4,-10.4053
-128,4,-8.81673
-126,4,-7.32299
-124,4,-6.00186
-122,4,-4.89946
-120,4,-4.04506
-118,4,-3.44891
-116,4,-3.10019
-114,4,-2.96764
-112,4,-3.00199
-110,4,-3.14081
-108,4,-3.31777
-106,4,-3.4765
-104,4,-3.58398
-102,4,-3.6349
-100,4,-3.64359
-98,4,-3.62949
-96,4,-3.60506
-94,4,-3.57017
-92,4,-3.51245
-90,4,-3.41143
-88,4,-3.24475
-86,4,-2.995
-84,4,-2.65525
-82,4,-2.23146
-80,4,-1.74066
-78,4,-1.20598
-76,4,-0.650648
-74,4,-0.0929111
-72,4,0.45641
-70,4,0.993267
-68,4,1.5167
-66,4,2.02358
-64,4,2.50455
-62,4,2.94378
-60,4,3.32317
-58,4,3.62891
-56,4,3.85745
-54,4,4.01832
-52,4,4.13281
-50,4,4.22781
-48,4,4.3255
-46,4,4.43257
-44,4,4.53506
-42,4,4.60391
-40,4,4.60912
-38,4,4.53558
-36,4,4.39362
-34,4,4.22063
-32,4,4.07167
-30,4,4.00053
-28,4,4.03912
-26,4,4.18848
-24,4,4.42683
-22,4,4.72576
-20,4,5.06224
-18,4,5.42197
-16,4,5.797
-14,4,6.18185
-12,4,6.57017
-10,4,6.95227
-8,4,7.31371
-6,4,7.63563
-4,4,7.89687
-2,4,8.0777
0,4,8.16368
2,4,8.1487
4,4,8.0363
6,4,7.83903
8,4,7.57571
10,4,7.26703
12,4,6.93053
14,4,6.57696
16,4,6.20993
18,4,5.82906
20,4,5.43477
22,4,5.0325
24,4,4.63483
26,4,4.26126
28,4,3.93463
30,4,3.67399
32,4,3.48587
34,4,3.35961
36,4,3.27085
38,4,3.19191
40,4,3.10365
42,4,3.00345
44,4,2.90614
46,4,2.83636
48,4,2.81483
50,4,2.84536
52,4,2.91046
54,4,2.97699
56,4,3.0068
58,4,2.96652
60,4,2.8339
62,4,2.601
64,4,2.2747
66,4,1.87517
68,4,1.43227
70,4,0.980253
72,4,0.551231
74,4,0.16949
76,4,-0.151639
78,4,-0.409351
80,4,-0.608472
82,4,-0.7582
84,4,-0.870053
86,4,-0.957163
88,4,-1.03407
90,4,-1.11605
92,4,-1.21745
94,4,-1.34919
96,4,-1.51589
98,4,-1.71328
100,4,-1.9271
102,4,-2.13542
104,4,-2.31569
106,4,-2.45598
108,4,-2.56519
110,4,-2.67521
112,4,-2.8333
114,4,-3.08951
116,4,-3.48557
118,4,-4.0478
120,4,-4.78197
122,4,-5.66715
124,4,-6.64805
126,4,-7.6342
128,4,-8.52465
130,4,-9.26285
132,4,-9.87205
134,4,-10.4172
136,4,-10.9345
138,4,-11.417
140,4,-11.8699
142,4,-12.3491
144,4,-12.9078
146,4,-13.5029
148,4,-13.9896
150,4,-14.2505
152,4,-14.2866
154,4,-14.1109
156,4,-13.6722
158,4,-12.9841
160,4,-12.205
162,4,-11.5092
164,4,-10.9629
166,4,-10.5173
168,4,-10.0608
170,4,-9.49478
172,4,-8.80738
174,4,-8.08912
176,4,-7.47403
178,4,-7.06934
180,4,-6.92188
-180,6,-6.92188
-178,6,-6.98845
-176,6,-7.22699
-174,6,-7.54556
-172,6,-7.87099
-170,6,-8.1807
-168,6,-8.50277
-166,6,-8.88964
-164,6,-9.38863
-162,6,-10.0206
-160,6,-10.768
-158,6,-11.5786
-156,6,-12.3899
-154,6,-13.1477
-152,6,-13.7744
-150,6,-14.1163
-148,6,-14.0229
-146,6,-13.5638
-144,6,-13.0348
-142,6,-12.7237
-140,6,-12.7629
-138,6,-13.0809
-136,6,-13.337
-134,6,-13.0062
-132,6,-11.8933
-130,6,-10.3473
-128,6,-8.75835
-126,6,-7.30807
-124,6,-6.05728
-122,6,-5.03273
-120,6,-4.25243
-118,6,-3.72366
-116,6,-3.43775
-114,6,-3.36794
-112,6,-3.47019
-110,6,-3.68646
-108,6,-3.95197
-106,6,-4.20728
-104,6,-4.41174
-102,6,-4.55072
-100,6,-4.63123
-98,6,-4.66898
-96,6,-4.6755
-94,6,-4.65091
-92,6,-4.58307
-90,6,-4.45135
-88,6,-4.23319
-86,6,-3.9118
-84,6,-3.48257
-82,6,-2.95591
-80,6,-2.3551
-78,6,-1.71048
-76,6,-1.05237
-74,6,-0.405212
-72,6,0.215659
-70,6,0.80422
-68,6,1.36093
-66,6,1.88775
-64,6,2.38305
-62,6,2.83912
-60,6,3.24401
-58,6,3.5867
-56,6,3.86297
-54,6,4.07899
-52,6,4.251
-50,6,4.4005
-48,6,4.54545
-46,6,4.69054
-44,6,4.82185
-42,6,4.91104
-40,6,4.92807
-38,6,4.85621
-36,6,4.70293
-34,6,4.50271
-32,6,4.30993
-30,6,4.18218
-28,6,4.15964
-26,6,4.25265
-24,6,4.44548
-22,6,4.71116
-20,6,5.02491
-18,6,5.36974
-16,6,5.7356
-14,6,6.11602
-12,6,6.50441
-10,6,6.89097
-8,6,7.26077
-6,6,7.59398
-4,6,7.86835
-2,6,8.06322
0,6,8.16368
2,6,8.16359
4,6,8.0667
6,6,7.88571
8,6,7.63931
10,6,7.34754
12,6,7.02692
14,6,6.68716
16,6,6.33125
18,6,5.95881
20,6,5.57077
22,6,5.17284
24,6,4.77683
26,6,4.39962
28,6,4.05989
30,6,3.77245
32,6,3.54184
34,6,3.35929
36,6,3.20599
38,6,3.06122
40,6,2.91148
42,6,2.75677
44,6,2.61145
46,6,2.4983
48,6,2.437
50,6,2.43273
52,6,2.47154
54,6,2.52427
56,6,2.55491
58,6,2.52895
60,6,2.4197
62,6,2.21227
64,6,1.90571
66,6,1.51351
68,6,1.06234
70,6,0.588514
72,6,0.13191
74,6,-0.272282
76,6,-0.601223
78,6,-0.848094
80,6,-1.02027
82,6,-1.13391
84,6,-1.20854
86,6,-1.26361
88,6,-1.31707
90,6,-1.38459
92,6,-1.47864
94,6,-1.60696
96,6,-1.77068
98,6,-1.96286
100,6,-2.16878
102,6,-2.36941
104,6,-2.54878
106,6,-2.70329
108,6,-2.848
110,6,-3.01523
112,6,-3.24594
114,6,-3.57852
116,6,-4.03943
118,6,-4.63702
120,6,-5.35702
122,6,-6.15843
124,6,-6.97194
126,6,-7.71088
128,6,-8.30628
130,6,-8.75197
132,6,-9.11179
134,6,-9.47098
136,6,-9.8808
138,6,-10.3474
140,6,-10.8664
142,6,-11.4554
144,6,-12.1339
146,6,-12.8613
148,6,-13.5172
150,6,-13.9844
152,6,-14.2323
154,6,-14.2498
156,6,-13.9726
158,6,-13.3965
160,6,-12.6732
162,6,-11.9883
164,6,-11.4197
166,6,-10.9249
168,6,-10.3975
170,6,-9.74969
172,6,-8.98415
174,6,-8.2017
176,6,-7.53841
178,6,-7.098
180,6,-6.92188
-180,8,-6.92188
-178,8,-6.96176
-176,8,-7.17132
-174,8,-7.45604
-172,8,-7.74327
-170,8,-8.01372
-168,8,-8.30002
-166,8,-8.65905
-164,8,-9.1424
-162,8,-9.77633
-160,8,-10.5519
-158,8,-11.4289
-156,8,-12.3524
-154,8,-13.2575
-152,8,-14.023
-150,8,-14.4208
-148,8,-14.2537
-146,8,-13.6395
-144,8,-12.9546
-142,8,-12.5257
-140,8,-12.5023
-138,8,-12.8353
-136,8,-13.1951
-134,8,-12.9838
-132,8,-11.8994
-130,8,-10.3283
-128,8,-8.74428
-126,8,-7.35119
-124,8,-6.19161
-122,8,-5.26609
-120,8,-4.57476
-118,8,-4.11903
-116,8,-3.89341
-114,8,-3.87909
-112,8,-4.04141
-110,8,-4.33057
-108,8,-4.68601
-106,8,-5.04569
-104,8,-5.35893
-102,8,-5.59709
-100,8,-5.75491
-98,8,-5.84144
-96,8,-5.8672
-94,8,-5.83469
-92,8,-5.73534
-90,8,-5.55191
-88,8,-5.26462
-86,8,-4.85905
-84,8,-4.33328
-82,8,-3.70135
-80,8,-2.99146
-78,8,-2.23971
-76,8,-1.48245
-74,8,-0.74965
-72,8,-0.0609481
-70,8,0.575526
-68,8,1.16136
-66,8,1.70343
-64,8,2.20814
-62,8,2.67665
-60,8,3.10391
-58,8,3.48204
-56,8,3.80596
-54,8,4.07791
-52,8,4.30862
-50,8,4.51401
-48,8,4.70795
-46,8,4.89343
-44,8,5.05699
-42,8,5.17146
-40,8,5.20718
-38,8,5.14623
-36,8,4.99332
-34,8,4.7795
-32,8,4.55694
-30,8,4.38462
-28,8,4.30882
-26,8,4.34849
-24,8,4.49496
-22,8,4.72425
-20,8,5.01114
-18,8,5.33669
-16,8,5.68919
-14,8,6.06137
-12,8,6.44657
-10,8,6.83493
-8,8,7.21103
-6,8,7.55406
-4,8,7.84057
-2,8,8.04894
0,8,8.16368
2,8,8.17854
4,8,8.09742
6,8,7.93316
8,8,7.70427
10,8,7.4302
12,8,7.12646
14,8,6.80178
16,8,6.45865
18,8,6.09691
20,8,5.71828
22,8,5.32927
24,8,4.94155
26,8,4.57013
28,8,4.22997
30,8,3.93131
32,8,3.67524
34,8,3.45258
36,8,3.24771
38,8,3.0455
40,8,2.83793
42,8,2.62799
44,8,2.4296
46,8,2.26282
48,8,2.14509
50,8,2.08263
52,8,2.06649
54,8,2.07453
56,8,2.07656
58,8,2.03994
60,8,1.93496
62,8,1.73958
64,8,1.44328
66,8,1.04972
68,8,0.577972
70,8,0.061818
72,8,-0.454184
74,8,-0.923125
76,8,-1.30749
78,8,-1.58926
80,8,-1.7726
82,8,-1.87806
84,8,-1.93314
86,8,-1.96477
88,8,-1.99555
90,8,-2.0427
92,8,-2.11784
94,8,-2.22669
96,8,-2.36851
98,8,-2.53603
100,8,-2.717
102,8,-2.8981
104,8,-3.07123
106,8,-3.23973
108,8,-3.421
110,8,-3.64318
112,8,-3.93705
114,8,-4.32662
116,8,-4.82096
118,8,-5.40841
120,8,-6.05319
122,8,-6.69628
124,8,-7.26545
126,8,-7.70027
128,8,-7.98568
130,8,-8.16812
132,8,-8.33354
134,8,-8.56311
136,8,-8.90105
138,8,-9.35227
140,8,-9.90646
142,8,-10.5642
144,8,-11.3315
146,8,-12.1789
148,8,-13.0121
150,8,-13.712
152,8,-14.2035
154,8,-14.4355
156,8,-14.3276
158,8,-13.8649
160,8,-13.1966
162,8,-12.5191
164,8,-11.9218
166,8,-11.3681
168,8,-10.7589
170,8,-10.0194
172,8,-9.16867
174,8,-8.31792
176,8,-7.60424
178,8,-7.127
180,8,-6.92188
-180,10,-6.92188
-178,10,-6.93562
-176,10,-7.11789
-174,10,-7.37184
-172,10,-7.62532
-170,10,-7.86199
-168,10,-8.11828
-166,10,-8.45478
-164,10,-8.9269
-162,10,-9.56597
-160,10,-10.3712
-158,10,-11.3133
-156,10,-12.3446
-154,10,-13.3893
-152,10,-14.2801
-150,10,-14.7106
-148,10,-14.4497
-146,10,-13.6858
-144,10,-12.8697
-142,10,-12.3498
-140,10,-12.2853
-138,10,-12.6529
-136,10,-13.146
-134,10,-13.0909
-132,10,-12.0379
-130,10,-10.4128
-128,10,-8.8057
-126,10,-7.45559
-124,10,-6.38781
-122,10,-5.57178
-120,10,-4.98177
-118,10,-4.60678
-116,10,-4.44181
-114,10,-4.47671
-112,10,-4.68873
-110,10,-5.03957
-108,10,-5.47634
-106,10,-5.93731
-104,10,-6.36258
-102,10,-6.70682
-100,10,-6.94721
-98,10,-7.08127
-96,10,-7.11655
-94,10,-7.05936
-92,10,-6.90817
-90,10,-6.65321
-88,10,-6.28089
-86,10,-5.7812
-84,10,-5.15534
-82,10,-4.42017
-80,10,-3.60728
-78,10,-2.75701
-76,10,-1.91043
-74,10,-1.10206
-72,10,-0.355117
-70,10,0.320632
-68,10,0.928097
-66,10,1.47915
-64,10,1.98828
-62,10,2.46575
-60,10,2.91357
-58,10,3.32671
-56,10,3.69848
-54,10,4.02647
-52,10,4.31548
-50,10,4.576
-48,10,4.81837
-46,10,5.04447
-44,10,5.24171
-42,10,5.3844
-40,10,5.44351
-38,10,5.40016
-36,10,5.25654
-34,10,5.04023
-32,10,4.80047
-30,10,4.59593
-28,10,4.47681
-26,10,4.46919
-24,10,4.57135
-22,10,4.76327
-20,10,5.02044
-18,10,5.32299
-16,10,5.65818
-14,10,6.01838
-12,10,6.39706
-10,10,6.78445
-8,10,7.1647
-6,10,7.51597
-4,10,7.81361
-2,10,8.03488
0,10,8.16368
2,10,8.19353
4,10,8.1284
6,10,7.98122
8,10,7.77031
10,10,7.51448
12,10,7.22831
14,10,6.91959
16,10,6.59037
18,10,6.24085
20,10,5.87378
22,10,5.49685
24,10,5.12224
26,10,4.76387
28,10,4.43377
30,10,4.13795
32,10,3.87364
34,10,3.62985
36,10,3.39222
38,10,3.14946
40,10,2.89805
42,10,2.64368
44,10,2.39957
46,10,2.18205
48,10,2.00451
50,10,1.87234
52,10,1.78116
54,10,1.7177
56,10,1.66133
58,10,1.58568
60,10,1.46151
62,10,1.2613
64,10,0.964574
66,10,0.562615
68,10,0.0620059
70,10,-0.513186
72,10,-1.12156
74,10,-1.70911
76,10,-2.22067
78,10,-2.61589
80,10,-2.88174
82,10,-3.03318
84,10,-3.10243
86,10,-3.12557
88,10,-3.13376
90,10,-3.14989
92,10,-3.18856
94,10,-3.25696
96,10,-3.35585
98,10,-3.48079
100,10,-3.62428
102,10,-3.77915
104,10,-3.94277
106,10,-4.12052
108,10,-4.32636
110,10,-4.57955
112,10,-4.89845
114,10,-5.29294
116,10,-5.75715
118,10,-6.26356
120,10,-6.76105
122,10,-7.18297
124,10,-7.47085
126,10,-7.60664
128,10,-7.62872
130,10,-7.61543
132,10,-7.65081
134,10,-7.79705
136,10,-8.08344
138,10,-8.51104
140,10,-9.06988
142,10,-9.75777
144,10,-10.5805
146,10,-11.5239
148,10,-12.5202
150,10,-13.4537
152,10,-14.2061
154,10,-14.6721
156,10,-14.7435
158,10,-14.3959
160,10,-13.7808
162,10,-13.1063
164,10,-12.4727
166,10,-11.8496
168,10,-11.1463
170,10,-10.3043
172,10,-9.36102
174,10,-8.43774
176,10,-7.67145
178,10,-7.1563
180,10,-6.92188
-180,12,-6.92188
-178,12,-6.91005
-176,12,-7.0667
-174,12,-7.29289
-172,12,-7.51693
-170,12,-7.72489
-168,12,-7.95634
-166,12,-8.27485
-164,12,-8.73903
-162,12,-9.38489
-160,12,-10.2191
-158,12,-11.2222
-156,12,-12.353
-154,12,-13.5246
-152,12,-14.5229
-150,12,-14.9652
-148,12,-14.605
-146,12,-13.7149
-144,12,-12.8041
-142,12,-12.2274
-140,12,-12.1512
-138,12,-12.5839
-136,12,-13.255
-134,12,-13.4082
-132,12,-12.3817
-130,12,-10.65
-128,12,-8.9698
-126,12,-7.62747
-124,12,-6.6327
-122,12,-5.92283
-120,12,-5.44062
-118,12,-5.15429
-116,12,-5.05265
-114,12,-5.13113
-112,12,-5.37894
-110,12,-5.77124
-108,12,-6.26645
-106,12,-6.80821
-104,12,-7.33232
-102,12,-7.77862
-100,12,-8.10365
-98,12,-8.28745
-96,12,-8.32999
-94,12,-8.24052
-92,12,-8.02696
-90,12,-7.69052
-88,12,-7.22682
-86,12,-6.63186
-84,12,-5.91013
-82,12,-5.08049
-80,12,-4.17668
-78,12,-3.24208
-76,12,-2.32131
-74,12,-1.45234
-72,12,-0.660865
-70,12,0.0425862
-68,12,0.662762
-66,12,1.2166
-64,12,1.72651
-62,12,2.21154
-60,12,2.68027
-58,12,3.12967
-56,12,3.5504
-54,12,3.93448
-52,12,4.28055
-50,12,4.59417
-48,12,4.88294
-46,12,5.14844
-44,12,5.37942
-42,12,5.5518
-40,12,5.63723
-38,12,5.61604
-36,12,5.48816
-34,12,5.27798
-32,12,5.03161
-30,12,4.80642
-28,12,4.6547
-26,12,4.6078
-24,12,4.67004
-22,12,4.8256
-20,12,5.05161
-18,12,5.32829
-16,12,5.64266
-14,12,5.9873
-12,12,6.35617
-10,12,6.73977
-8,12,7.12192
-6,12,7.47982
-4,12,7.78749
-2,12,8.02107
0,12,8.16368
2,12,8.20853
4,12,8.15958
6,12,8.02974
8,12,7.83712
10,12,7.59989
12,12,7.33167
14,12,7.03936
16,12,6.72464
18,12,6.38811
20,12,6.03371
22,12,5.67057
24,12,5.31183
26,12,4.97113
28,12,4.6584
30,12,4.37619
32,12,4.11808
34,12,3.87086
36,12,3.62036
38,12,3.35776
40,12,3.08298
42,12,2.80395
44,12,2.53302
46,12,2.28224
48,12,2.05935
50,12,1.86636
52,12,1.70075
54,12,1.55694
56,12,1.42537
58,12,1.28991
60,12,1.12683
62,12,0.907575
64,12,0.604364
66,12,0.196416
68,12,-0.324976
70,12,-0.952587
72,12,-1.66048
74,12,-2.40319
76,12,-3.11959
78,12,-3.7446
80,12,-4.22801
82,12,-4.55119
84,12,-4.73006
86,12,-4.8028
88,12,-4.81301
90,12,-4.79811
92,12,-4.78509
94,12,-4.79057
96,12,-4.82266
98,12,-4.88297
100,12,-4.96904
102,12,-5.07695
104,12,-5.20421
106,12,-5.35215
108,12,-5.52682
110,12,-5.73798
112,12,-5.99573
114,12,-6.3049
116,12,-6.65692
118,12,-7.02067
120,12,-7.33871
122,12,-7.54182
124,12,-7.58655
126,12,-7.49053
128,12,-7.32731
130,12,-7.18637
132,12,-7.13832
134,12,-7.22426
136,12,-7.46042
138,12,-7.84752
140,12,-8.38239
142,12,-9.06906
144,12,-9.91954
146,12,-10.9344
148,12,-12.0704
150,12,-13.2226
152,12,-14.2407
154,12,-14.9583
156,12,-15.2226
158,12,-14.9943
160,12,-14.4305
162,12,-13.7541
164,12,-13.0761
166,12,-12.3719
168,12,-11.5611
170,12,-10.605
172,12,-9.56133
174,12,-8.56112
176,12,-7.73998
178,12,-7.18586
180,12,-6.92188
-180,14,-6.92188
-178,14,-6.88507
-176,14,-7.01776
-174,14,-7.21914
-172,14,-7.41784
-170,14,-7.60186
-168,14,-7.8131
-166,14,-8.11739
-164,14,-8.57594
-162,14,-9.22879
-160,14,-10.0893
-158,14,-11.1464
-156,14,-12.3641
-154,14,-13.6452
-152,14,-14.7312
-150,14,-15.1721
-148,14,-14.7247
-146,14,-13.7446
-144,14,-12.7784
-142,14,-12.1781
-140,14,-12.1188
-138,14,-12.6471
-136,14,-13.5473
-134,14,-13.982
-132,14,-12.9793
-130,14,-11.0717
-128,14,-9.25616
-126,14,-7.87515
-124,14,-6.9204
-122,14,-6.29895
-120,14,-5.92127
-118,14,-5.72815
-116,14,-5.69306
-114,14,-5.81008
-112,14,-6.07718
-110,14,-6.48295
-108,14,-6.99955
-106,14,-7.58107
-104,14,-8.16658
-102,14,-8.68868
-100,14,-9.08681
-98,14,-9.32103
-96,14,-9.37802
-94,14,-9.2655
-92,14,-8.99934
-90,14,-8.59227
-88,14,-8.04987
-86,14,-7.37436
-84,14,-6.57312
-82,14,-5.66658
-80,14,-4.69036
-78,14,-3.6905
-76,14,-2.71455
-74,14,-1.80285
-72,14,-0.982395
-70,14,-0.263434
-68,14,0.361168
-66,14,0.91335
-64,14,1.42292
-62,14,1.9169
-60,14,2.40937
-58,14,2.89807
-56,14,3.36972
-54,14,3.80999
-52,14,4.2114
-50,14,4.57531
-48,14,4.90765
-46,14,5.21054
-44,14,5.47444
-42,14,5.67692
-40,14,5.79026
-38,14,5.79407
-36,14,5.68636
-34,14,5.48872
-32,14,5.24433
-30,14,5.00878
-28,14,4.83503
-26,14,4.75784
-24,14,4.78617
-22,14,4.90809
-20,14,5.10289
-18,14,5.35176
-16,14,5.64239
-14,14,5.96819
-12,14,6.32404
-10,14,6.70105
-8,14,7.08284
-6,14,7.44567
-4,14,7.76226
-2,14,8.00751
0,14,8.16368
2,14,8.22353
4,14,8.19087
6,14,8.07857
8,14,7.90441
10,14,7.68591
12,14,7.43574
14,14,7.15992
16,14,6.85976
18,14,6.5363
20,14,6.19464
22,14,5.84553
24,14,5.50342
26,14,5.18225
28,14,4.89069
30,14,4.62861
32,14,4.38655
34,14,4.14923
36,14,3.90231
38,14,3.63877
40,14,3.36123
42,14,3.07955
44,14,2.80544
46,14,2.54702
48,14,2.30612
50,14,2.07972
52,14,1.86417
54,14,1.65801
56,14,1.46057
58,14,1.26673
60,14,1.06217
62,14,0.823042
64,14,0.520363
66,14,0.126481
68,14,-0.379147
70,14,-1.00592
72,14,-1.74936
74,14,-2.58887
76,14,-3.4861
78,14,-4.38502
80,14,-5.21699
82,14,-5.91403
84,14,-6.42862
86,14,-6.74975
88,14,-6.90343
90,14,-6.93745
92,14,-6.9025
94,14,-6.83975
96,14,-6.77649
98,14,-6.727
100,14,-6.69556
102,14,-6.68036
104,14,-6.67768
106,14,-6.68608
108,14,-6.71012
110,14,-6.76204
112,14,-6.85986
114,14,-7.01964
116,14,-7.24165
118,14,-7.49365
120,14,-7.70358
122,14,-7.78304
124,14,-7.6855
126,14,-7.44927
128,14,-7.17176
130,14,-6.94762
132,14,-6.83485
134,14,-6.85858
136,14,-7.02847
138,14,-7.35122
140,14,-7.83607
142,14,-8.49768
144,14,-9.35552
146,14,-10.4215
148,14,-11.6728
150,14,-13.0206
152,14,-14.2987
154,14,-15.2834
156,14,-15.7596
158,14,-15.6597
160,14,-15.1481
162,14,-14.466
164,14,-13.7357
166,14,-12.9379
168,14,-12.0051
170,14,-10.9221
172,14,-9.7697
174,14,-8.688
176,14,-7.80976
178,14,-7.21565
180,14,-6.92188
-180,16,-6.92188
-178,16,-6.86071
-176,16,-6.97108
-174,16,-7.15051
-172,16,-7.3278
-170,16,-7.49231
-168,16,-7.68751
-166,16,-7.98071
-164,16,-8.43499
-162,16,-9.09374
-160,16,-9.97581
-158,16,-11.0771
-156,16,-12.3654
-154,16,-13.7342
-152,16,-14.8887
-150,16,-15.3283
-148,16,-14.8246
-146,16,-13.7976
-144,16,-12.8124
-142,16,-12.216
-140,16,-12.1952
-138,16,-12.8403
-136,16,-14.0139
-134,16,-14.8205
-132,16,-13.8442
-130,16,-11.6785
-128,16,-9.66562
-126,16,-8.2012
-124,16,-7.2497
-122,16,-6.68979
-120,16,-6.40334
-118,16,-6.30183
-116,16,-6.33551
-114,16,-6.48806
-112,16,-6.7601
-110,16,-7.1511
-108,16,-7.64701
-106,16,-8.21498
-104,16,-8.80363
-102,16,-9.34859
-100,16,-9.78366
-98,16,-10.0559
-96,16,-10.1377
-94,16,-10.0286
-92,16,-9.74423
-90,16,-9.30277
-88,16,-8.71599
-86,16,-7.99061
-84,16,-7.13691
-82,16,-6.17783
-80,16,-5.1521
-78,16,-4.10903
-76,16,-3.09875
-74,16,-2.16295
-72,16,-1.32867
-70,16,-0.604974
-68,16,0.018032
-66,16,0.56697
-64,16,1.07813
-62,16,1.58523
-60,16,2.10639
-58,16,2.63855
-56,16,3.16331
-54,16,3.65954
-52,16,4.114
-50,16,4.52487
-48,16,4.89756
-46,16,5.23548
-44,16,5.53104
-42,16,5.76336
-40,16,5.90523
-38,16,5.93561
-36,16,5.85093
-34,16,5.67048
-32,16,5.43492
-30,16,5.19788
-28,16,5.01197
-26,16,4.91369
-24,16,4.91508
-22,16,5.00731
-20,16,5.17205
-18,16,5.39216
-16,16,5.65679
-14,16,5.96087
-12,16,6.30074
-10,16,6.66841
-8,16,7.04755
-6,16,7.41359
-4,16,7.73796
-2,16,7.99424
0,16,8.16368
2,16,8.23849
4,16,8.22222
6,16,8.12755
8,16,7.9719
10,16,7.77206
12,16,7.53976
14,16,7.28014
16,16,6.99412
18,16,6.68314
20,16,6.35339
22,16,6.01722
24,16,5.69061
26,16,5.38826
28,16,5.11825
30,16,4.87854
32,16,4.65723
34,16,4.43735
36,16,4.20446
38,16,3.95303
40,16,3.68804
42,16,3.42117
44,16,3.16392
46,16,2.92144
48,16,2.69059
50,16,2.46349
52,16,2.23387
54,16,2.00135
56,16,1.77026
58,16,1.54376
60,16,1.31709
62,16,1.07466
64,16,0.792503
66,16,0.443977
68,16,0.00557156
70,16,-0.539181
72,16,-1.19776
74,16,-1.96791
76,16,-2.83722
78,16,-3.78218
80,16,-4.76675
82,16,-5.74097
84,16,-6.64225
86,16,-7.40354
88,16,-7.97025
90,16,-8.31946
92,16,-8.46722
94,16,-8.45738
96,16,-8.34125
98,16,-8.16247
100,16,-7.95188
102,16,-7.72979
104,16,-7.51116
106,16,-7.31108
108,16,-7.14914
110,16,-7.051
112,16,-7.04542
114,16,-7.15465
116,16,-7.37757
118,16,-7.6682
120,16,-7.92466
122,16,-8.02072
124,16,-7.89076
126,16,-7.58799
128,16,-7.23572
130,16,-6.93862
132,16,-6.74872
134,16,-6.68392
136,16,-6.75674
138,16,-6.98718
140,16,-7.40017
142,16,-8.02072
144,16,-8.873
146,16,-9.97517
148,16,-11.3192
150,16,-12.8357
152,16,-14.359
154,16,-15.6222
156,16,-16.3359
158,16,-16.3828
160,16,-15.9303
162,16,-15.2428
164,16,-14.4543
166,16,-13.5506
168,16,-12.4799
170,16,-11.2564
172,16,-9.98625
174,16,-8.81833
176,16,-7.88071
178,16,-7.24561
180,16,-6.92188
-180,18,-6.92188
-178,18,-6.83698
-176,18,-6.92665
-174,18,-7.0869
-172,18,-7.24654
-170,18,-7.39569
-168,18,-7.5786
-166,18,-7.86324
-164,18,-8.31383
-162,18,-8.97617
-160,18,-9.87333
-158,18,-11.0063
-156,18,-12.3452
-154,18,-13.7771
-152,18,-14.9841
-150,18,-15.4388
-148,18,-14.9263
-146,18,-13.8991
-144,18,-12.9264
-142,18,-12.3539
-140,18,-12.3826
-138,18,-13.1476
-136,18,-14.6059
-134,18,-15.8552
-132,18,-14.9055
-130,18,-12.4076
-128,18,-10.1601
-126,18,-8.5879
-124,18,-7.6144
-122,18,-7.09173
-120,18,-6.8797
-118,18,-6.86412
-116,18,-6.96891
-114,18,-7.15963
-112,18,-7.43218
-110,18,-7.79214
-108,18,-8.2367
-106,18,-8.74531
-104,18,-9.27873
-102,18,-9.78379
-100,18,-10.2025
-98,18,-10.4833
-96,18,-10.5916
-94,18,-10.5144
-92,18,-10.2555
-90,18,-9.82577
-88,18,-9.23535
-86,18,-8.49311
-84,18,-7.61373
-82,18,-6.6257
-80,18,-5.573
-78,18,-4.50862
-76,18,-3.48432
-74,18,-2.54171
-72,18,-1.70665
-70,18,-0.986251
-68,18,-0.36784
-66,18,0.179256
-64,18,0.69658
-62,18,1.22289
-60,18,1.77857
-58,18,2.35822
-56,18,2.93744
-54,18,3.4883
-52,18,3.99268
-50,18,4.44677
-48,18,4.85647
-46,18,5.22705
-44,18,5.55292
-42,18,5.81449
-40,18,5.98487
-38,18,6.04253
-36,18,5.98263
-34,18,5.82272
-32,18,5.60139
-30,18,5.37039
-28,18,5.18126
-26,18,5.07077
-24,18,5.05251
-22,18,5.11983
-20,18,5.25663
-18,18,5.44794
-16,18,5.68504
-14,18,5.96502
-12,18,6.28619
-10,18,6.64188
-8,18,7.01611
-6,18,7.38365
-4,18,7.71463
-2,18,7.98125
0,18,8.16368
2,18,8.2534
4,18,8.25356
6,18,8.17654
8,18,8.03929
10,18,7.85787
12,18,7.643
14,18,7.39896
16,18,7.12625
18,18,6.82656
20,18,6.50709
22,18,6.18163
24,18,5.86776
26,18,5.58129
28,18,5.33024
30,18,5.1113
32,18,4.91069
34,18,4.71011
36,18,4.49512
38,18,4.26162
40,18,4.01674
42,18,3.77394
44,18,3.54494
46,18,3.33284
48,18,3.13084
50,18,2.92734
52,18,2.71357
54,18,2.48878
56,18,2.25937
58,18,2.03309
60,18,1.81192
62,18,1.58802
64,18,1.34489
66,18,1.06197
68,18,0.719872
70,18,0.304006
72,18,-0.193901
74,18,-0.775698
76,18,-1.43725
78,18,-2.16874
80,18,-2.95429
82,18,-3.77102
84,18,-4.58773
86,18,-5.36459
88,18,-6.05566
90,18,-6.6159
92,18,-7.01229
94,18,-7.23415
96,18,-7.29648
98,18,-7.23399
100,18,-7.09018
102,18,-6.90791
104,18,-6.72468
106,18,-6.57267
108,18,-6.48147
110,18,-6.48089
112,18,-6.60045
114,18,-6.86208
116,18,-7.26305
118,18,-7.74909
120,18,-8.19248
122,18,-8.4219
124,18,-8.33742
126,18,-8.00162
128,18,-7.57051
130,18,-7.16909
132,18,-6.85493
134,18,-6.65203
136,18,-6.58744
138,18,-6.69961
140,18,-7.02705
142,18,-7.59977
144,18,-8.44107
146,18,-9.56968
148,18,-10.987
150,18,-12.643
152,18,-14.387
154,18,-15.9311
156,18,-16.9121
158,18,-17.1373
160,18,-16.7632
162,18,-16.0796
164,18,-15.2329
166,18,-14.2128
168,18,-12.9875
170,18,-11.6084
172,18,-10.2111
174,18,-8.95205
176,18,-7.95274
178,18,-7.27572
180,18,-6.92188
-180,20,-6.92188
-178,20,-6.81388
-176,20,-6.88444
-174,20,-7.0282
-172,20,-7.17377
-170,20,-7.31144
-168,20,-7.48545
-166,20,-7.76359
-164,20,-8.21037
-162,20,-8.87296
-160,20,-9.7772
-158,20,-10.9272
-156,20,-12.2941
-154,20,-13.7624
-152,20,-15.0101
-150,20,-15.5112
-148,20,-15.0517
-146,20,-14.0746
-144,20,-13.1427
-142,20,-12.6067
-140,20,-12.6835
-138,20,-13.5428
-136,20,-15.2214
-134,20,-16.8457
-132,20,-15.8892
-130,20,-13.0771
-128,20,-10.6367
-126,20,-8.9804
-124,20,-7.98957
-122,20,-7.49794
-120,20,-7.35265
-118,20,-7.4217
-116,20,-7.60535
-114,20,-7.84755
-112,20,-8.13295
-110,20,-8.46706
-108,20,-8.85352
-106,20,-9.28118
-104,20,-9.72312
-102,20,-10.1425
-100,20,-10.4995
-98,20,-10.7564
-96,20,-10.8801
-94,20,-10.845
-92,20,-10.6344
-90,20,-10.2411
-88,20,-9.66683
-86,20,-8.92203
-84,20,-8.02952
-82,20,-7.02692
-80,20,-5.96446
-78,20,-4.89734
-76,20,-3.8765
-74,20,-2.94134
-72,20,-2.11525
-70,20,-1.40299
-68,20,-0.789399
-66,20,-0.240642
-64,20,0.28863
-62,20,0.840414
-60,20,1.43553
-58,20,2.06492
-56,20,2.69782
-54,20,3.30019
-52,20,3.85024
-50,20,4.34338
-48,20,4.78686
-46,20,5.18802
-44,20,5.543
-42,20,5.83314
-40,20,6.03172
-38,20,6.1168
-36,20,6.08272
-34,20,5.94578
-32,20,5.74304
-30,20,5.52447
-28,20,5.34002
-26,20,5.22554
-24,20,5.19479
-22,20,5.24235
-20,20,5.35405
-18,20,5.51732
-16,20,5.72607
-14,20,5.9801
-12,20,6.28018
-10,20,6.62143
-8,20,6.98856
-6,20,7.35586
-4,20,7.69227
-2,20,7.96857
0,20,8.16368
2,20,8.26823
4,20,8.28482
6,20,8.22538
8,20,8.10633
10,20,7.94289
12,20,7.74481
14,20,7.51544
16,20,7.25481
18,20,6.96476
20,20,6.65323
22,20,6.3353
24,20,6.03011
26,20,5.75475
28,20,5.51767
30,20,5.3148
32,20,5.13096
34,20,4.94677
36,20,4.74786
38,20,4.53142
40,20,4.30662
42,20,4.08873
44,20,3.8899
46,20,3.71188
48,20,3.54531
50,20,3.3759
52,20,3.19313
54,20,2.99557
56,20,2.79011
58,20,2.58624
60,20,2.38919
62,20,2.19601
64,20,1.9963
66,20,1.77617
68,20,1.52267
70,20,1.22642
72,20,0.882378
74,20,0.489286
76,20,0.048827
78,20,-0.434817
80,20,-0.954807
82,20,-1.50105
84,20,-2.05956
86,20,-2.61226
88,20,-3.13787
90,20,-3.61413
92,20,-4.02161
94,20,-4.34813
96,20,-4.59242
98,20,-4.76523
100,20,-4.88719
102,20,-4.98458
104,20,-5.08509
106,20,-5.2155
108,20,-5.40199
110,20,-5.67193
112,20,-6.05429
114,20,-6.57434
116,20,-7.23704
118,20,-7.99456
120,20,-8.70622
122,20,-9.14717
124,20,-9.14942
126,20,-8.76413
128,20,-8.1919
130,20,-7.60181
132,20,-7.08
134,20,-6.67505
136,20,-6.43672
138,20,-6.41775
140,20,-6.66003
142,20,-7.18913
144,20,-8.02139
146,20,-9.1715
148,20,-10.6455
150,20,-12.4104
152,20,-14.339
154,20,-16.1484
156,20,-17.4207
158,20,-17.8688
160,20,-17.6123
162,20,-16.9603
164,20,-16.0683
166,20,-14.9265
168,20,-13.5299
170,20,-11.9791
172,20,-10.4444
174,20,-9.08907
176,20,-8.02578
178,20,-7.30593
180,20,-6.92188
-180,22,-6.92188
-178,22,-6.79145
-176,22,-6.84444
-174,22,-6.97429
-172,22,-7.10919
-170,22,-7.23903
-168,22,-7.40719
-166,22,-7.68049
-164,22,-8.12277
-162,22,-8.78149
-160,22,-9.68362
-158,22,-10.8344
-156,22,-12.2052
-154,22,-13.6829
-152,22,-14.9629
-150,22,-15.5501
-148,22,-15.2161
-146,22,-14.3464
-144,22,-13.4848
-142,22,-12.9936
-140,22,-13.1032
-138,22,-13.9926
-136,22,-15.7
-134,22,-17.307
-132,22,-16.2391
-130,22,-13.37
-128,22,-10.9228
-126,22,-9.28008
-124,22,-8.32201
-122,22,-7.88699
-120,22,-7.82345
-118,22,-7.992
-116,22,-8.27563
-114,22,-8.59719
-112,22,-8.92541
-110,22,-9.25924
-108,22,-9.60313
-106,22,-9.95238
-104,22,-10.2933
-102,22,-10.6095
-100,22,-10.8849
-98,22,-11.0992
-96,22,-11.2229
-94,22,-11.2168
-92,22,-11.0406
-90,22,-10.6665
-88,22,-10.0884
-86,22,-9.32417
-84,22,-8.41009
-82,22,-7.39476
-80,22,-6.33223
-78,22,-5.27554
-76,22,-4.27089
-74,22,-3.35301
-72,22,-2.54183
-70,22,-1.83971
-68,22,-1.22955
-66,22,-0.675371
-64,22,-0.129378
-62,22,0.452001
-60,22,1.08846
-58,22,1.76647
-56,22,2.44923
-54,22,3.09778
-52,22,3.68806
-50,22,4.21585
-48,22,4.69016
-46,22,5.12025
-44,22,5.50349
-42,22,5.82166
-40,22,6.04803
-38,22,6.1604
-36,22,6.15272
-34,22,6.04061
-32,22,5.86003
-30,22,5.65934
-28,22,5.48647
-26,22,5.3754
-24,22,5.3389
-22,22,5.37187
-20,22,5.46176
-18,22,5.59841
-16,22,5.77868
-14,22,6.00544
-12,22,6.28241
-10,22,6.60697
-8,22,6.96488
-6,22,7.33026
-4,22,7.67093
-2,22,7.95621
0,22,8.16368
2,22,8.28296
4,22,8.31592
6,22,8.27393
8,22,8.17275
10,22,8.02673
12,22,7.84456
14,22,7.6287
16,22,7.37863
18,22,7.09614
20,22,6.7897
22,22,6.4754
24,22,6.1738
26,22,5.9034
28,22,5.67344
30,22,5.47963
32,22,5.30574
34,22,5.13146
36,22,4.94242
38,22,4.73697
40,22,4.52618
42,22,4.3271
44,22,4.15256
46,22,4.00341
48,22,3.86834
50,22,3.73121
52,22,3.58035
54,22,3.41384
56,22,3.23842
58,22,3.06358
60,22,2.89505
62,22,2.73157
64,22,2.56608
66,22,2.38973
68,22,2.19559
70,22,1.98022
72,22,1.7431
74,22,1.48486
76,22,1.20591
78,22,0.905896
80,22,0.584291
82,22,0.241519
84,22,-0.120085
86,22,-0.495854
88,22,-0.879137
90,22,-1.26234
92,22,-1.63843
94,22,-2.00268
96,22,-2.35409
98,22,-2.69629
100,22,-3.03742
102,22,-3.38911
104,22,-3.76497
106,22,-4.17963
108,22,-4.64905
110,22,-5.19263
112,22,-5.83533
114,22,-6.60579
116,22,-7.52307
118,22,-8.56153
120,22,-9.5866
122,22,-10.3065
124,22,-10.4102
126,22,-9.88811
128,22,-9.02885
130,22,-8.10975
132,22,-7.28226
134,22,-6.62831
136,22,-6.209
138,22,-6.07236
140,22,-6.24795
142,22,-6.74837
144,22,-7.57945
146,22,-8.74963
148,22,-10.266
150,22,-12.1081
152,22,-14.1743
154,22,-16.2066
156,22,-17.7685
158,22,-18.4853
160,22,-18.4096
162,22,-17.8476
164,22,-16.9487
166,22,-15.6923
168,22,-14.1094
170,22,-12.3694
172,22,-10.6864
174,22,-9.22932
176,22,-8.09972
178,22,-7.33619
180,22,-6.92188
-180,24,-6.92188
-178,24,-6.76967
-176,24,-6.80661
-174,24,-6.92502
-172,24,-7.05251
-170,24,-7.17792
-168,24,-7.34304
-166,24,-7.61282
-164,24,-8.04953
-162,24,-8.69966
-160,24,-9.58977
-158,24,-10.7244
-156,24,-12.0749
-154,24,-13.5358
-152,24,-14.8402
-150,24,-15.5528
-148,24,-15.4227
-146,24,-14.7303
-144,24,-13.9776
-142,24,-13.539
-140,24,-13.6512
-138,24,-14.4587
-136,24,-15.8687
-134,24,-16.8287
-132,24,-15.5486
-130,24,-13.0196
-128,24,-10.8443
-126,24,-9.37096
-124,24,-8.53737
-122,24,-8.21855
-120,24,-8.28127
-118,24,-8.58926
-116,24,-9.01409
-114,24,-9.4576
-112,24,-9.86802
-110,24,-10.2321
-108,24,-10.5521
-106,24,-10.8316
-104,24,-11.0762
-102,24,-11.296
-100,24,-11.4995
-98,24,-11.6787
-96,24,-11.7988
-94,24,-11.7992
-92,24,-11.614
-90,24,-11.2006
-88,24,-10.56
-86,24,-9.73103
-84,24,-8.77001
-82,24,-7.73389
-80,24,-6.67379
-78,24,-5.63417
-76,24,-4.65229
-74,24,-3.75633
-72,24,-2.96232
-70,24,-2.27062
-68,24,-1.66284
-66,24,-1.10161
-64,24,-0.537646
-62,24,0.0730709
-60,24,0.748147
-58,24,1.46943
-56,24,2.19494
-54,24,2.88226
-52,24,3.50652
-50,24,4.06456
-48,24,4.56723
-46,24,5.02516
-44,24,5.43622
-42,24,5.78209
-40,24,6.03584
-38,24,6.17526
-36,24,6.19434
-34,24,6.10855
-32,24,5.95317
-30,24,5.77504
-28,24,5.61975
-26,24,5.51858
-24,24,5.48241
-22,24,5.50577
-20,24,5.57733
-18,24,5.68929
-16,24,5.84152
-14,24,6.04026
-12,24,6.29251
-10,24,6.59834
-8,24,6.94504
-6,24,7.30685
-4,24,7.65061
-2,24,7.94417
0,24,8.16368
2,24,8.29756
4,24,8.34681
6,24,8.32207
8,24,8.23832
10,24,8.10898
12,24,7.94171
14,24,7.73799
16,24,7.49669
18,24,7.21939
20,24,6.9148
22,24,6.59971
24,24,6.29587
26,24,6.02326
28,24,5.79229
30,24,5.59885
32,24,5.42607
34,24,5.25279
36,24,5.06443
38,24,4.86023
40,24,4.65302
42,24,4.46169
44,24,4.29993
46,24,4.16801
48,24,4.05308
50,24,3.93755
52,24,3.80903
54,24,3.6655
56,24,3.51352
58,24,3.36183
60,24,3.21499
62,24,3.07092
64,24,2.92323
66,24,2.76589
68,24,2.59685
70,24,2.4187
72,24,2.23647
74,24,2.0543
76,24,1.87276
78,24,1.68813
80,24,1.49349
82,24,1.28084
84,24,1.04307
86,24,0.775075
88,24,0.474009
90,24,0.138883
92,24,-0.23016
94,24,-0.632632
96,24,-1.06845
98,24,-1.53848
100,24,-2.04486
102,24,-2.59081
104,24,-3.1801
106,24,-3.81672
108,24,-4.50573
110,24,-5.25664
112,24,-6.08893
114,24,-7.03608
116,24,-8.13922
118,24,-9.41435
120,24,-10.7636
122,24,-11.8207
124,24,-11.9983
126,24,-11.1505
128,24,-9.79659
130,24,-8.42916
132,24,-7.26662
134,24,-6.38884
136,24,-5.83362
138,24,-5.62275
140,24,-5.76456
142,24,-6.25718
144,24,-7.09714
146,24,-8.28719
148,24,-9.83326
150,24,-11.7219
152,24,-13.8717
154,24,-16.0576
156,24,-17.861
158,24,-18.863
160,24,-19.0429
162,24,-18.6696
164,24,-17.8459
166,24,-16.5068
168,24,-14.7279
170,24,-12.7804
172,24,-10.9371
174,24,-9.37271
176,24,-8.17447
178,24,-7.36646
180,24,-6.92188
-180,26,-6.92188
-178,26,-6.74857
-176,26,-6.7709
-174,26,-6.88025
-172,26,-7.00339
-170,26,-7.12759
-168,26,-7.29225
-166,26,-7.55961
-164,26,-7.98938
-162,26,-8.62592
-160,26,-9.49388
-158,26,-10.5958
-156,26,-11.9029
-154,26,-13.3233
-152,26,-14.6419
-150,26,-15.5078
-148,26,-15.6579
-146,26,-15.2311
-144,26,-14.6449
-142,26,-14.2725
-140,26,-14.3399
-138,26,-14.9006
-136,26,-15.6449
-134,26,-15.6065
-132,26,-14.1353
-130,26,-12.0959
-128,26,-10.3602
-126,26,-9.18623
-124,26,-8.57247
-122,26,-8.44465
-120,26,-8.69961
-118,26,-9.21145
-116,26,-9.84045
-114,26,-10.4586
-112,26,-10.9808
-110,26,-11.3758
-108,26,-11.6522
-106,26,-11.8415
-104,26,-11.9887
-102,26,-12.1396
-100,26,-12.3209
-98,26,-12.5193
-96,26,-12.671
-94,26,-12.6725
-92,26,-12.424
-90,26,-11.8861
-88,26,-11.0991
-86,26,-10.146
-84,26,-9.1064
-82,26,-8.03718
-80,26,-6.9769
-78,26,-5.95494
-76,26,-4.9966
-74,26,-4.12277
-72,26,-3.34599
-70,26,-2.66525
-68,26,-2.06131
-66,26,-1.49568
-64,26,-0.917786
-62,26,-0.283514
-60,26,0.422442
-58,26,1.1777
-56,26,1.93627
-54,26,2.65378
-52,26,3.30553
-50,26,3.88986
-48,26,4.41903
-46,26,4.90425
-44,26,5.34305
-42,26,5.71644
-40,26,5.99719
-38,26,6.16334
-36,26,6.2094
-34,26,6.1512
-32,26,6.02368
-30,26,5.87221
-28,26,5.73963
-26,26,5.65394
-24,26,5.62344
-22,26,5.64178
-20,26,5.69853
-18,26,5.78806
-16,26,5.91322
-14,26,6.08367
-12,26,6.30998
-10,26,6.59532
-8,26,6.92896
-6,26,7.28561
-4,26,7.63132
-2,26,7.93248
0,26,8.16368
2,26,8.31201
4,26,8.37741
6,26,8.36965
8,26,8.30282
10,26,8.18932
12,26,8.03575
14,26,7.84264
16,26,7.60814
18,26,7.33346
20,26,7.02722
22,26,6.70659
24,26,6.39424
26,26,6.11163
28,26,5.87059
30,26,5.66776
32,26,5.48595
34,26,5.30319
36,26,5.10444
38,26,4.88946
40,26,4.67259
42,26,4.47461
44,26,4.31033
46,26,4.17972
48,26,4.0686
50,26,3.95799
52,26,3.83503
54,26,3.69794
56,26,3.55358
58,26,3.41012
60,26,3.27033
62,26,3.12977
64,26,2.98053
66,26,2.81718
68,26,2.64103
70,26,2.46031
72,26,2.28651
74,26,2.12898
76,26,1.99029
78,26,1.86468
80,26,1.73972
82,26,1.59976
84,26,1.4294
86,26,1.21575
88,26,0.949209
90,26,0.623529
92,26,0.235275
94,26,-0.216739
96,26,-0.732005
98,26,-1.30878
100,26,-1.94433
102,26,-2.63475
104,26,-3.37444
106,26,-4.1557
108,26,-4.97049
110,26,-5.81637
112,26,-6.70734
114,26,-7.6842
116,26,-8.81302
118,26,-10.1529
120,26,-11.6504
122,26,-12.8864
124,26,-12.989
126,26,-11.7216
128,26,-9.92105
130,26,-8.24009
132,26,-6.88864
134,26,-5.90861
136,26,-5.30549
138,26,-5.07822
140,26,-5.22106
142,26,-5.72447
144,26,-6.5806
146,26,-7.78876
148,26,-9.3525
150,26,-11.26
152,26,-13.4413
154,26,-15.6975
156,26,-17.648
158,26,-18.8893
160,26,-19.3708
162,26,-19.3095
164,26,-18.704
166,26,-17.3598
168,26,-15.387
170,26,-13.2131
172,26,-11.1968
174,26,-9.51914
176,26,-8.24992
178,26,-7.39668
180,26,-6.92188
-180,28,-6.92188
-178,28,-6.72815
-176,28,-6.73728
-174,28,-6.8398
-172,28,-6.9615
-170,28,-7.08751
-168,28,-7.2541
-166,28,-7.51998
-164,28,-7.94135
-162,28,-8.55929
-160,28,-9.39525
-158,28,-10.449
-156,28,-11.6927
-154,28,-13.0517
-152,28,-14.3708
-150,28,-15.3976
-148,28,-15.8883
-146,28,-15.8337
-144,28,-15.505
-142,28,-15.227
-140,28,-15.1774
-138,28,-15.2752
-136,28,-15.0977
-134,28,-14.1555
-132,28,-12.5719
-130,28,-10.9217
-128,28,-9.60333
-126,28,-8.76189
-124,28,-8.4175
-122,28,-8.53587
-120,28,-9.04618
-118,28,-9.83673
-116,28,-10.7494
-114,28,-11.5968
-112,28,-12.2208
-110,28,-12.5629
-108,28,-12.6797
-106,28,-12.692
-104,28,-12.7216
-102,28,-12.8531
-100,28,-13.1136
-98,28,-13.4569
-96,28,-13.7502
-94,28,-13.7971
-92,28,-13.44
-90,28,-12.6799
-88,28,-11.6573
-86,28,-10.5268
-84,28,-9.38543
-82,28,-8.27591
-80,28,-7.21408
-78,28,-6.20952
-76,28,-5.27436
-74,28,-4.42266
-72,28,-3.66445
-70,28,-2.99807
-68,28,-2.40365
-66,28,-1.84128
-64,28,-1.25868
-62,28,-0.611281
-60,28,0.114237
-58,28,0.891957
-56,28,1.673
-54,28,2.41212
-52,28,3.08551
-50,28,3.6929
-48,28,4.24736
-46,28,4.75973
-44,28,5.2263
-42,28,5.62697
-40,28,5.93423
-38,28,6.12669
-36,28,6.19985
-34,28,6.17036
-32,28,6.07309
-30,28,5.95188
-28,28,5.84642
-26,28,5.78091
-24,28,5.76063
-22,28,5.77804
-20,28,5.82337
-18,28,5.89295
-16,28,5.99239
-14,28,6.13474
-12,28,6.33429
-10,28,6.59766
-8,28,6.91655
-6,28,7.26652
-4,28,7.61307
-2,28,7.92114
0,28,8.16368
2,28,8.32628
4,28,8.40767
6,28,8.41656
8,28,8.36603
10,28,8.26743
12,28,8.12627
14,28,7.94211
16,28,7.71232
18,28,7.43754
20,28,7.12605
22,28,6.79498
24,28,6.46766
26,28,6.16689
28,28,5.90624
30,28,5.68358
32,28,5.48185
34,28,5.27832
36,28,5.05714
38,28,4.81809
40,28,4.57672
42,28,4.35569
44,28,4.17127
46,28,4.02345
48,28,3.89672
50,28,3.77057
52,28,3.63142
54,28,3.47796
56,28,3.31807
58,28,3.16028
60,28,3.00613
62,28,2.84835
64,28,2.67593
66,28,2.48186
68,28,2.26875
70,28,2.04939
72,28,1.84209
74,28,1.663
76,28,1.51881
78,28,1.40345
80,28,1.30001
82,28,1.18593
84,28,1.03841
86,28,0.83808
88,28,0.570504
90,28,0.226347
92,28,-0.199094
94,28,-0.706439
96,28,-1.29261
98,28,-1.95098
100,28,-2.67107
102,28,-3.43789
104,28,-4.23125
106,28,-5.02652
108,28,-5.79998
110,28,-6.54064
112,28,-7.26565
114,28,-8.02786
116,28,-8.90294
118,28,-9.94439
120,28,-11.0811
122,28,-11.9344
124,28,-11.8483
126,28,-10.6744
128,28,-9.03088
130,28,-7.46173
132,28,-6.18291
134,28,-5.25433
136,28,-4.69057
138,28,-4.49416
140,28,-4.6615
142,28,-5.18505
144,28,-6.05808
146,28,-7.27901
148,28,-8.84849
150,28,-10.7519
152,28,-12.9207
154,28,-15.1694
156,28,-17.1542
158,28,-18.5295
160,28,-19.284
162,28,-19.6247
164,28,-19.428
166,28,-18.2282
168,28,-16.0873
170,28,-13.6689
172,28,-11.4656
174,28,-9.66848
176,28,-8.32595
178,28,-7.42682
180,28,-6.92188
-180,30,-6.92188
-178,30,-6.70841
-176,30,-6.70568
-174,30,-6.8035
-172,30,-6.9265
-170,30,-7.05716
-168,30,-7.22793
-166,30,-7.49318
-164,30,-7.90473
-162,30,-8.4993
-160,30,-9.2942
-158,30,-10.2862
-156,30,-11.45
-154,30,-12.7311
-152,30,-14.0332
-150,30,-15.2047
-148,30,-16.0616
-146,30,-16.4908
-144,30,-16.558
-142,30,-16.4292
-140,30,-16.1494
-138,30,-15.5342
-136,30,-14.3795
-134,30,-12.8049
-132,30,-11.1718
-130,30,-9.77605
-128,30,-8.76974
-126,30,-8.21494
-124,30,-8.12997
-122,30,-8.5062
-120,30,-9.30478
-118,30,-10.4354
-116,30,-11.7164
-114,30,-12.846
-112,30,-13.5005
-110,30,-13.593
-108,30,-13.3502
-106,30,-13.0754
-104,30,-12.9731
-102,30,-13.139
-100,30,-13.583
-98,30,-14.2186
-96,30,-14.8133
-94,30,-14.9918
-92,30,-14.4815
-90,30,-13.4001
-88,30,-12.0795
-86,30,-10.7566
-84,30,-9.52215
-82,30,-8.38719
-80,30,-7.33745
-78,30,-6.36092
-76,30,-5.45711
-74,30,-4.63463
-72,30,-3.90236
-70,30,-3.25892
-68,30,-2.68407
-66,30,-2.13615
-64,30,-1.56065
-62,30,-0.912112
-60,30,-0.178805
-58,30,0.61037
-56,30,1.40444
-54,30,2.15802
-52,30,2.84842
-50,30,3.47653
-48,30,4.05549
-46,30,4.59486
-44,30,5.089
-42,30,5.5164
-40,30,5.84935
-38,30,6.06746
-36,30,6.16772
-34,30,6.16797
-32,30,6.10317
-30,30,6.01539
-28,30,5.94078
-26,30,5.89931
-24,30,5.89302
-22,30,5.91306
-20,30,5.95014
-18,30,6.00229
-16,30,6.07766
-14,30,6.1925
-12,30,6.36484
-10,30,6.60504
-8,30,6.90767
-6,30,7.24955
-4,30,7.59585
-2,30,7.91016
0,30,8.16368
2,30,8.34036
4,30,8.43753
6,30,8.46267
8,30,8.42776
10,30,8.34303
12,30,8.2129
14,30,8.03594
16,30,7.80869
18,30,7.53108
20,30,7.21072
22,30,6.86439
24,30,6.51565
26,30,6.18853
28,30,5.89856
30,30,5.64535
32,30,5.4125
34,30,5.17664
36,30,4.92077
38,30,4.6441
40,30,4.3629
42,30,4.10168
44,30,3.87856
46,30,3.69397
48,30,3.53113
50,30,3.36746
52,30,3.18793
54,30,2.99133
56,30,2.78704
58,30,2.58537
60,30,2.3882
62,30,2.18628
64,30,1.9648
66,30,1.71313
68,30,1.43247
70,30,1.13795
72,30,0.854025
74,30,0.605027
76,30,0.404605
78,30,0.249453
80,30,0.120425
82,30,-0.0106364
84,30,-0.172961
86,30,-0.391282
88,30,-0.683334
90,30,-1.05936
92,30,-1.52239
94,30,-2.06836
96,30,-2.68589
98,30,-3.35559
100,30,-4.04949
102,30,-4.73195
104,30,-5.36395
106,30,-5.91262
108,30,-6.36461
110,30,-6.73668
112,30,-7.07552
114,30,-7.44433
116,30,-7.89911
118,30,-8.45448
120,30,-9.03349
122,30,-9.41893
124,30,-9.31597
126,30,-8.61447
128,30,-7.52661
130,30,-6.36363
132,30,-5.33889
134,30,-4.56269
136,30,-4.08946
138,30,-3.94637
140,30,-4.14469
142,30,-4.68625
144,30,-5.56949
146,30,-6.79384
148,30,-8.35671
150,30,-10.2373
152,30,-12.3605
154,30,-14.5411
156,30,-16.4616
158,30,-17.8504
160,30,-18.7799
162,30,-19.512
164,30,-19.8886
166,30,-19.0671
168,30,-16.8273
170,30,-14.149
172,30,-11.7438
174,30,-9.82062
176,30,-8.40246
178,30,-7.45682
180,30,-6.92188
-180,32,-6.92188
-178,32,-6.68935
-176,32,-6.67605
-174,32,-6.77116
-172,32,-6.89801
-170,32,-7.03601
-168,32,-7.21309
-166,32,-7.47856
-164,32,-7.87901
-162,32,-8.44593
-160,32,-9.19191
-158,32,-10.1112
-156,32,-11.1826
-154,32,-12.3736
-152,32,-13.6399
-150,32,-14.919
-148,32,-16.1162
-146,32,-17.1056
-144,32,-17.7503
-142,32,-17.8646
-140,32,-17.1742
-138,32,-15.6216
-136,32,-13.6229
-134,32,-11.6709
-132,32,-10.0321
-130,32,-8.80288
-128,32,-8.01302
-126,32,-7.67689
-124,32,-7.80764
-122,32,-8.41529
-120,32,-9.49474
-118,32,-10.9928
-116,32,-12.7196
-114,32,-14.1961
-112,32,-14.7726
-110,32,-14.39
-108,32,-13.6595
-106,32,-13.086
-104,32,-12.8809
-102,32,-13.106
-100,32,-13.7499
-98,32,-14.7039
-96,32,-15.6373
-94,32,-15.924
-92,32,-15.1533
-90,32,-13.6949
-88,32,-12.1111
-86,32,-10.6641
-84,32,-9.40147
-82,32,-8.29304
-80,32,-7.29543
-78,32,-6.3778
-76,32,-5.52939
-74,32,-4.75529
-72,32,-4.06489
-70,32,-3.45826
-68,32,-2.91547
-66,32,-2.39334
-64,32,-1.83517
-62,32,-1.19476
-60,32,-0.462175
-58,32,0.330753
-56,32,1.13134
-54,32,1.89447
-52,32,2.59872
-50,32,3.24585
-48,32,3.84846
-46,32,4.41416
-44,32,4.93495
-42,32,5.3878
-40,32,5.74512
-38,32,5.98793
-36,32,6.11516
-34,32,6.14614
-32,32,6.11587
-30,32,6.06432
-28,32,6.02364
-26,32,6.0093
-24,32,6.02003
-22,32,6.04569
-20,32,6.07738
-18,32,6.11463
-16,32,6.16776
-14,32,6.25598
-12,32,6.40099
-10,32,6.61712
-8,32,6.90216
-6,32,7.23464
-4,32,7.57966
-2,32,7.89954
0,32,8.16368
2,32,8.35423
4,32,8.46692
6,32,8.50788
8,32,8.48785
10,32,8.4159
12,32,8.29534
14,32,8.12378
16,32,7.89689
18,32,7.61373
20,32,7.28102
22,32,6.91479
24,32,6.53847
26,32,6.17709
28,32,5.84826
30,32,5.55389
32,32,5.27884
34,32,4.99939
36,32,4.69714
38,32,4.37004
40,32,4.0345
42,32,3.71673
44,32,3.4372
46,32,3.19755
48,32,2.97998
50,32,2.75931
52,32,2.51776
54,32,2.25283
56,32,1.97478
58,32,1.69659
60,32,1.42272
62,32,1.14417
64,32,0.843253
66,32,0.504346
68,32,0.124091
70,32,-0.284051
72,32,-0.692482
74,32,-1.06889
76,32,-1.38928
78,32,-1.64842
80,32,-1.86176
82,32,-2.05854
84,32,-2.27132
86,32,-2.52744
88,32,-2.8444
90,32,-3.22788
92,32,-3.67084
94,32,-4.15279
96,32,-4.63993
98,32,-5.08837
100,32,-5.45309
102,32,-5.70252
104,32,-5.83228
106,32,-5.86817
108,32,-5.85591
110,32,-5.84532
112,32,-5.8785
114,32,-5.9842
116,32,-6.17423
118,32,-6.43582
120,32,-6.71762
122,32,-6.91884
124,32,-6.90934
126,32,-6.60068
128,32,-6.01768
130,32,-5.28641
132,32,-4.56012
134,32,-3.96663
136,32,-3.59592
138,32,-3.50506
140,32,-3.72603
142,32,-4.27393
144,32,-5.1547
146,32,-6.36982
148,32,-7.91325
150,32,-9.75543
152,32,-11.8087
154,32,-13.8778
156,32,-15.6644
158,32,-16.9722
160,32,-17.9638
162,32,-18.9812
164,32,-19.9678
166,32,-19.8021
168,32,-17.602
170,32,-14.6548
172,32,-12.0315
174,32,-9.97539
176,32,-8.47932
178,32,-7.48663
180,32,-6.92188
-180,34,-6.92188
-178,34,-6.67097
-176,34,-6.64832
-174,34,-6.74257
-172,34,-6.87566
-170,34,-7.02351
-168,34,-7.20894
-166,34,-7.47553
-164,34,-7.86388
-162,34,-8.39958
-160,34,-9.09025
-158,34,-9.92844
-156,34,-10.8995
-154,34,-11.9919
-152,34,-13.2044
-150,34,-14.542
-148,34,-16
-146,34,-17.5273
-144,34,-18.898
-142,34,-19.3661
-140,34,-18.0241
-138,34,-15.4771
-136,34,-12.8992
-134,34,-10.7679
-132,34,-9.16172
-130,34,-8.05677
-128,34,-7.42338
-126,34,-7.25112
-124,34,-7.55056
-122,34,-8.34722
-120,34,-9.6706
-118,34,-11.5223
-116,34,-13.749
-114,34,-15.6711
-112,34,-16.09
-110,34,-15.1046
-108,34,-13.9147
-106,34,-13.1233
-104,34,-12.8652
-102,34,-13.1462
-100,34,-13.9265
-98,34,-15.059
-96,34,-16.0835
-94,34,-16.1601
-92,34,-14.9881
-90,34,-13.2642
-88,34,-11.5961
-86,34,-10.1707
-84,34,-8.98241
-82,34,-7.97256
-80,34,-7.08054
-78,34,-6.2637
-76,34,-5.50428
-74,34,-4.80533
-72,34,-4.17766
-70,34,-3.62362
-68,34,-3.12423
-66,34,-2.63546
-64,34,-2.09929
-62,34,-1.46996
-60,34,-0.740582
-58,34,0.0534297
-56,34,0.857721
-54,34,1.62779
-52,34,2.34376
-50,34,3.00818
-48,34,3.63284
-46,34,4.22311
-44,34,4.76846
-42,34,5.24454
-40,34,5.62423
-38,34,5.89043
-36,34,6.04441
-34,34,6.10711
-32,34,6.11333
-30,34,6.10046
-28,34,6.09621
-26,34,6.11135
-24,34,6.14141
-22,34,6.1751
-20,34,6.20393
-18,34,6.22866
-16,34,6.26148
-14,34,6.32421
-12,34,6.44209
-10,34,6.6335
-8,34,6.89984
-6,34,7.22172
-4,34,7.5645
-2,34,7.8893
0,34,8.16368
2,34,8.36785
4,34,8.49578
6,34,8.55208
8,34,8.54615
10,34,8.48582
12,34,8.37335
14,34,8.20538
16,34,7.9767
18,34,7.68539
20,34,7.33706
22,34,6.94667
24,34,6.53712
26,34,6.13415
28,34,5.75748
30,34,5.41187
32,34,5.0842
34,34,4.75093
36,34,4.39216
38,34,4.00404
40,34,3.60235
42,34,3.21486
44,34,2.86509
46,34,2.55725
48,34,2.27376
50,34,1.98696
52,34,1.67528
54,34,1.33277
56,34,0.968288
58,34,0.596403
60,34,0.225502
62,34,-0.149651
64,34,-0.5459
66,34,-0.98184
68,34,-1.46659
70,34,-1.99296
72,34,-2.53739
74,34,-3.06681
76,34,-3.55009
78,34,-3.96951
80,34,-4.32582
82,34,-4.63424
84,34,-4.91434
86,34,-5.17964
88,34,-5.43063
90,34,-5.65205
92,34,-5.81523
94,34,-5.8862
96,34,-5.83934
98,34,-5.67126
100,34,-5.40639
102,34,-5.09023
104,34,-4.77503
106,34,-4.50655
108,34,-4.31615
110,34,-4.21854
112,34,-4.21334
114,34,-4.2894
116,34,-4.42981
118,34,-4.61425
120,34,-4.81583
122,34,-4.99379
124,34,-5.09071
126,34,-5.04517
128,34,-4.82191
130,34,-4.4415
132,34,-3.98346
134,34,-3.5593
136,34,-3.27763
138,34,-3.22235
140,34,-3.44773
142,34,-3.98401
144,34,-4.8458
146,34,-6.03705
148,34,-7.54778
150,34,-9.33758
152,34,-11.3013
154,34,-13.2277
156,34,-14.8361
158,34,-16.0057
160,34,-16.9753
162,34,-18.1471
164,34,-19.6303
166,34,-20.3301
168,34,-18.4
170,34,-15.1878
172,34,-12.3289
174,34,-10.1326
176,34,-8.55638
178,34,-7.5162
180,34,-6.92188
-180,36,-6.92188
-178,36,-6.65328
-176,36,-6.62242
-174,36,-6.71752
-172,36,-6.85906
-170,36,-7.01911
-168,36,-7.21486
-166,36,-7.48353
-164,36,-7.85914
-162,36,-8.3609
-160,36,-8.99155
-158,36,-9.74324
-156,36,-10.6095
-154,36,-11.5988
-152,36,-12.7418
-150,36,-14.0873
-148,36,-15.6919
-146,36,-17.5947
-144,36,-19.6047
-142,36,-20.3928
-140,36,-18.3032
-138,36,-15.0583
-136,36,-12.2259
-134,36,-10.0707
-132,36,-8.53889
-130,36,-7.54938
-128,36,-7.04598
-126,36,-7.00619
-124,36,-7.43998
-122,36,-8.38514
-120,36,-9.90152
-118,36,-12.0505
-116,36,-14.7618
-114,36,-17.2074
-112,36,-17.4359
-110,36,-15.8584
-108,36,-14.3337
-106,36,-13.4231
-104,36,-13.153
-102,36,-13.4683
-100,36,-14.2746
-98,36,-15.3193
-96,36,-15.9712
-94,36,-15.4751
-92,36,-13.9845
-90,36,-12.2528
-88,36,-10.7007
-86,36,-9.42066
-84,36,-8.38073
-82,36,-7.5164
-80,36,-6.76373
-78,36,-6.07557
-76,36,-5.42979
-74,36,-4.82731
-72,36,-4.27931
-70,36,-3.78953
-68,36,-3.33959
-66,36,-2.88493
-64,36,-2.36749
-62,36,-1.74428
-60,36,-1.01383
-58,36,-0.216443
-56,36,0.591789
-54,36,1.36758
-52,36,2.09317
-50,36,2.77227
-48,36,3.41598
-46,36,4.02745
-44,36,4.59386
-42,36,5.08987
-40,36,5.48931
-38,36,5.77737
-36,36,5.95789
-34,36,6.05336
-32,36,6.09795
-30,36,6.12587
-28,36,6.15992
-26,36,6.20617
-24,36,6.25718
-22,36,6.30076
-20,36,6.32887
-18,36,6.34328
-16,36,6.35772
-14,36,6.39627
-12,36,6.48748
-10,36,6.6538
-8,36,6.9005
-6,36,7.21072
-4,36,7.55033
-2,36,7.87943
0,36,8.16368
2,36,8.38121
4,36,8.52407
6,36,8.59519
8,36,8.60252
10,36,8.55265
12,36,8.44676
14,36,8.28058
16,36,8.04801
18,36,7.74611
20,36,7.37923
22,36,6.96095
24,36,6.51329
26,36,6.06232
28,36,5.6299
30,36,5.2241
32,36,4.8348
34,36,4.43948
36,36,4.01713
38,36,3.56178
40,36,3.08801
42,36,2.62494
44,36,2.2002
46,36,1.82307
48,36,1.47928
50,36,1.14137
52,36,0.785119
54,36,0.400472
56,36,-0.00748586
58,36,-0.425352
60,36,-0.841525
62,36,-1.25391
64,36,-1.6706
66,36,-2.10331
68,36,-2.55856
70,36,-3.03202
72,36,-3.5089
74,36,-3.96945
76,36,-4.39595
78,36,-4.77693
80,36,-5.10604
82,36,-5.37674
84,36,-5.57667
86,36,-5.68586
88,36,-5.6811
90,36,-5.54558
92,36,-5.27916
94,36,-4.90291
96,36,-4.45516
98,36,-3.98235
100,36,-3.53001
102,36,-3.13703
104,36,-2.83285
106,36,-2.6361
108,36,-2.5534
110,36,-2.57839
112,36,-2.69224
114,36,-2.86726
116,36,-3.07443
118,36,-3.29175
120,36,-3.50745
122,36,-3.71406
124,36,-3.89601
126,36,-4.02016
128,36,-4.04004
130,36,-3.92191
132,36,-3.68112
134,36,-3.3952
136,36,-3.17656
138,36,-3.13149
140,36,-3.33717
142,36,-3.84024
144,36,-4.66452
146,36,-5.81637
148,36,-7.28097
150,36,-9.00471
152,36,-10.8607
154,36,-12.6194
156,36,-14.0222
158,36,-15.0256
160,36,-15.9264
162,36,-17.1517
164,36,-18.9512
166,36,-20.5468
168,36,-19.1998
170,36,-15.7493
172,36,-12.6363
174,36,-10.2922
176,36,-8.63351
178,36,-7.54548
180,36,-6.92188
-180,38,-6.92188
-178,38,-6.63627
-176,38,-6.59827
-174,38,-6.69579
-172,38,-6.84779
-170,38,-7.02224
-168,38,-7.23021
-166,38,-7.50205
-164,38,-7.86469
-162,38,-8.33071
-160,38,-8.89839
-158,38,-9.56078
-156,38,-10.3209
-154,38,-11.2055
-152,38,-12.2672
-150,38,-13.5763
-148,38,-15.2107
-146,38,-17.2337
-144,38,-19.4362
-142,38,-20.1734
-140,38,-17.7271
-138,38,-14.371
-136,38,-11.5891
-134,38,-9.53752
-132,38,-8.12926
-130,38,-7.27105
-128,38,-6.89858
-126,38,-6.9835
-124,38,-7.53477
-122,38,-8.59699
-120,38,-10.2481
-118,38,-12.5848
-116,38,-15.586
-114,38,-18.3032
-112,38,-18.2864
-110,38,-16.3937
-108,38,-14.7797
-106,38,-13.8792
-104,38,-13.6383
-102,38,-13.9444
-100,38,-14.6141
-98,38,-15.2526
-96,38,-15.2241
-94,38,-14.2228
-92,38,-12.68
-90,38,-11.1194
-88,38,-9.77176
-86,38,-8.67671
-84,38,-7.79967
-82,38,-7.08297
-80,38,-6.46752
-78,38,-5.90685
-76,38,-5.37661
-74,38,-4.87491
-72,38,-4.41097
-70,38,-3.98722
-68,38,-3.58388
-66,38,-3.15532
-64,38,-2.64494
-62,38,-2.01567
-60,38,-1.2746
-58,38,-0.468497
-56,38,0.345114
-54,38,1.1252
-52,38,1.85718
-50,38,2.54667
-48,38,3.20459
-46,38,3.83226
-44,38,4.41492
-42,38,4.92674
-40,38,5.34291
-38,38,5.65126
-36,38,5.85827
-34,38,5.98768
-32,38,6.07242
-30,38,6.14282
-28,38,6.21643
-26,38,6.29469
-24,38,6.3676
-22,38,6.4224
-20,38,6.45149
-18,38,6.45756
-16,38,6.45549
-14,38,6.47128
-12,38,6.53648
-10,38,6.67757
-8,38,6.90393
-6,38,7.20155
-4,38,7.53716
-2,38,7.86995
0,38,8.16368
2,38,8.39428
4,38,8.55172
6,38,8.63711
8,38,8.65685
10,38,8.61624
12,38,8.51544
14,38,8.34929
16,38,8.11086
18,38,7.79616
20,38,7.40818
22,38,6.95895
24,38,6.4693
26,38,5.96532
28,38,5.47089
30,38,4.99794
32,38,4.54045
34,38,4.07837
36,38,3.59065
38,38,3.06958
40,38,2.52843
42,38,1.9977
44,38,1.51055
46,38,1.08498
48,38,0.715592
50,38,0.380989
52,38,0.0589534
54,38,-0.262619
56,38,-0.58353
58,38,-0.895406
60,38,-1.18812
62,38,-1.4551
64,38,-1.69527
66,38,-1.91112
68,38,-2.1055
70,38,-2.27974
72,38,-2.43451
74,38,-2.57172
76,38,-2.6951
78,38,-2.80834
80,38,-2.91141
82,38,-2.99723
84,38,-3.05047
86,38,-3.05013
88,38,-2.97598
90,38,-2.81699
92,38,-2.57773
94,38,-2.27911
96,38,-1.95336
98,38,-1.63675
100,38,-1.36347
102,38,-1.16212
104,38,-1.05413
106,38,-1.05245
108,38,-1.15976
110,38,-1.36603
112,38,-1.64694
114,38,-1.96611
116,38,-2.28409
118,38,-2.57274
120,38,-2.82649
122,38,-3.05978
124,38,-3.28959
126,38,-3.51241
128,38,-3.69006
130,38,-3.76134
132,38,-3.68806
134,38,-3.50475
136,38,-3.31719
138,38,-3.25154
140,38,-3.4095
142,38,-3.85556
144,38,-4.62299
146,38,-5.71983
148,38,-7.1249
150,38,-8.76843
152,38,-10.4979
154,38,-12.0658
156,38,-13.2458
158,38,-14.0736
160,38,-14.8857
162,38,-16.1051
164,38,-18.0624
166,38,-20.3994
168,38,-19.9652
170,38,-16.3407
172,38,-12.9537
174,38,-10.4537
176,38,-8.71057
178,38,-7.57441
180,38,-6.92188
-180,40,-6.92188
-178,40,-6.61994
-176,40,-6.57579
-174,40,-6.67714
-172,40,-6.84144
-170,40,-7.0323
-168,40,-7.25433
-166,40,-7.53053
-164,40,-7.88043
-162,40,-8.3099
-160,40,-8.81335
-158,40,-9.38605
-156,40,-10.0414
-154,40,-10.8217
-152,40,-11.7939
-150,40,-13.0328
-148,40,-14.6033
-146,40,-16.5138
-144,40,-18.4161
-142,40,-18.7548
-140,40,-16.4806
-138,40,-13.4817
-136,40,-10.9665
-134,40,-9.12
-132,40,-7.88992
-130,40,-7.19757
-128,40,-6.98021
-126,40,-7.20486
-124,40,-7.87527
-122,40,-9.0329
-120,40,-10.75
-118,40,-13.0933
-116,40,-15.9143
-114,40,-18.0555
-112,40,-17.7343
-110,40,-16.1284
-108,40,-14.8144
-106,40,-14.1137
-104,40,-13.9677
-102,40,-14.2263
-100,40,-14.6253
-98,40,-14.7356
-96,40,-14.1684
-94,40,-12.9802
-92,40,-11.5597
-90,40,-10.2142
-88,40,-9.06954
-86,40,-8.14376
-84,40,-7.40748
-82,40,-6.81253
-80,40,-6.30734
-78,40,-5.84936
-76,40,-5.41451
-74,40,-4.99857
-72,40,-4.60703
-70,40,-4.238
-68,40,-3.86751
-66,40,-3.44779
-64,40,-2.92545
-62,40,-2.27315
-60,40,-1.50984
-58,40,-0.689605
-56,40,0.12964
-54,40,0.910805
-52,40,1.64395
-50,40,2.33768
-48,40,3.00338
-46,40,3.64102
-44,40,4.23437
-42,40,4.75753
-40,40,5.18746
-38,40,5.51483
-36,40,5.74862
-34,40,5.91331
-32,40,6.03982
-30,40,6.1539
-28,40,6.26759
-26,40,6.37803
-24,40,6.47316
-22,40,6.53993
-20,40,6.57133
-18,40,6.57075
-16,40,6.55393
-14,40,6.54841
-12,40,6.58844
-10,40,6.7044
-8,40,6.9099
-6,40,7.1941
-4,40,7.52494
-2,40,7.86086
0,40,8.16368
2,40,8.40705
4,40,8.5787
6,40,8.67778
8,40,8.70904
10,40,8.67651
12,40,8.57931
14,40,8.41152
16,40,8.16538
18,40,7.83592
20,40,7.42478
22,40,6.94236
24,40,6.40812
26,40,5.84794
28,40,5.28768
30,40,4.74367
32,40,4.21545
34,40,3.68753
36,40,3.14089
38,40,2.56766
40,40,1.98049
42,40,1.41153
44,40,0.900399
46,40,0.476689
48,40,0.148642
50,40,-0.094654
52,40,-0.272351
54,40,-0.402361
56,40,-0.497365
58,40,-0.564496
60,40,-0.606747
62,40,-0.625482
64,40,-0.62304
66,40,-0.604006
68,40,-0.574665
70,40,-0.541658
72,40,-0.510988
74,40,-0.487678
76,40,-0.475558
78,40,-0.476574
80,40,-0.489563
82,40,-0.509009
84,40,-0.524671
86,40,-0.522969
88,40,-0.49048
90,40,-0.418801
92,40,-0.308853
94,40,-0.172493
96,40,-0.0306502
98,40,0.0907994
100,40,0.165399
102,40,0.169361
104,40,0.0836953
106,40,-0.103906
108,40,-0.39636
110,40,-0.783192
112,40,-1.2363
114,40,-1.70936
116,40,-2.14705
118,40,-2.50699
120,40,-2.7833
122,40,-3.01054
124,40,-3.23953
126,40,-3.50007
128,40,-3.77076
130,40,-3.97521
132,40,-4.02671
134,40,-3.90961
136,40,-3.7161
138,40,-3.59341
140,40,-3.67166
142,40,-4.03506
144,40,-4.72599
146,40,-5.75264
148,40,-7.08497
150,40,-8.63318
152,40,-10.2154
154,40,-11.5699
156,40,-12.5167
158,40,-13.1701
160,40,-13.8892
162,40,-15.0738
164,40,-17.0839
166,40,-19.9216
168,40,-20.6417
170,40,-16.9628
172,40,-13.2813
174,40,-10.6171
176,40,-8.78738
178,40,-7.60294
180,40,-6.92188
-180,42,-6.92188
-178,42,-6.60429
-176,42,-6.55491
-174,42,-6.66135
-172,42,-6.83956
-170,42,-7.04868
-168,42,-7.28653
-166,42,-7.56842
-164,42,-7.90625
-162,42,-8.29932
-160,42,-8.73887
-158,42,-9.22352
-156,42,-9.77717
-154,42,-10.4555
-152,42,-11.3332
-150,42,-12.4792
-148,42,-13.9249
-146,42,-15.5886
-144,42,-16.9912
-142,42,-16.9279
-140,42,-14.992
-138,42,-12.4958
-136,42,-10.3474
-134,42,-8.77323
-132,42,-7.77266
-130,42,-7.29202
-128,42,-7.27363
-126,42,-7.67627
-124,42,-8.48805
-122,42,-9.72822
-120,42,-11.424
-118,42,-13.5168
-116,42,-15.5784
-114,42,-16.5533
-112,42,-16.007
-110,42,-14.9422
-108,42,-14.1304
-106,42,-13.7559
-104,42,-13.7653
-102,42,-13.9922
-100,42,-14.1577
-98,42,-13.9331
-96,42,-13.1706
-94,42,-12.0345
-92,42,-10.8022
-90,42,-9.66301
-88,42,-8.69592
-86,42,-7.91194
-84,42,-7.2875
-82,42,-6.78271
-80,42,-6.3536
-78,42,-5.96342
-76,42,-5.59118
-74,42,-5.2322
-72,42,-4.88804
-70,42,-4.5504
-68,42,-4.18877
-66,42,-3.75279
-64,42,-3.19484
-62,42,-2.50142
-60,42,-1.70583
-58,42,-0.868916
-56,42,-0.0467845
-54,42,0.729669
-52,42,1.45684
-50,42,2.14738
-48,42,2.81377
-46,42,3.45499
-44,42,4.05364
-42,42,4.58414
-40,42,5.02547
-38,42,5.37121
-36,42,5.63255
-34,42,5.83402
-32,42,6.00363
-30,42,6.16193
-28,42,6.31545
-26,42,6.4575
-24,42,6.57448
-22,42,6.65346
-20,42,6.68806
-18,42,6.68221
-16,42,6.65225
-14,42,6.62688
-12,42,6.64271
-10,42,6.73383
-8,42,6.91815
-6,42,7.18828
-4,42,7.51366
-2,42,7.85215
0,42,8.16368
2,42,8.41949
4,42,8.60494
6,42,8.71711
8,42,8.75903
10,42,8.73339
12,42,8.63836
14,42,8.46731
16,42,8.21179
18,42,7.86593
20,42,7.4301
22,42,6.91319
24,42,6.33329
26,42,5.71606
28,42,5.08945
30,42,4.47494
32,42,3.87943
34,42,3.29478
36,42,2.7072
38,42,2.11128
40,42,1.52022
42,42,0.966991
44,42,0.495125
46,42,0.142653
48,42,-0.0721174
50,42,-0.155103
52,42,-0.131015
54,42,-0.0334506
56,42,0.104867
58,42,0.258925
60,42,0.413502
62,42,0.560704
64,42,0.69569
66,42,0.813827
68,42,0.910512
70,42,0.982604
72,42,1.0296
74,42,1.05355
76,42,1.05798
78,42,1.04674
80,42,1.02352
82,42,0.99238
84,42,0.958479
86,42,0.928246
88,42,0.908206
90,42,0.902506
92,42,0.910073
94,42,0.922799
96,42,0.925681
98,42,0.898821
100,42,0.820279
102,42,0.668765
104,42,0.425863
106,42,0.078348
108,42,-0.378269
110,42,-0.933848
112,42,-1.55566
114,42,-2.18281
116,42,-2.73433
118,42,-3.14251
120,42,-3.398
122,42,-3.56314
124,42,-3.73294
126,42,-3.97611
128,42,-4.29053
130,42,-4.58694
132,42,-4.72756
134,42,-4.63716
136,42,-4.39123
138,42,-4.16561
140,42,-4.12622
142,42,-4.37892
144,42,-4.97357
146,42,-5.91555
148,42,-7.16219
150,42,-8.5986
152,42,-10.0101
154,42,-11.1289
156,42,-11.837
158,42,-12.3234
160,42,-12.9533
162,42,-14.0919
164,42,-16.0965
166,42,-19.2116
168,42,-21.16
170,42,-17.6164
172,42,-13.6193
174,42,-10.782
176,42,-8.8638
178,42,-7.63102
180,42,-6.92188
-180,44,-6.92188
-178,44,-6.5893
-176,44,-6.53553
-174,44,-6.64816
-172,44,-6.84169
-170,44,-7.07073
-168,44,-7.32607
-166,44,-7.61509
-164,44,-7.94194
-162,44,-8.29966
-160,44,-8.67708
-158,44,-9.07699
-156,44,-9.53356
-154,44,-10.1132
-152,44,-10.8942
-150,44,-11.9337
-148,44,-13.2242
-146,44,-14.601
-144,44,-15.5385
-142,44,-15.2061
-140,44,-13.5633
-138,44,-11.5202
-136,44,-9.74409
-134,44,-8.46778
-132,44,-7.73152
-130,44,-7.50789
-128,44,-7.74542
-126,44,-8.38822
-124,44,-9.38871
-122,44,-10.7061
-120,44,-12.26
-118,44,-13.7984
-116,44,-14.7778
-114,44,-14.7689
-112,44,-14.0981
-110,44,-13.3751
-108,44,-12.9187
-106,44,-12.7911
-104,44,-12.9206
-102,44,-13.1425
-100,44,-13.2213
-98,44,-12.9441
-96,44,-12.2675
-94,44,-11.336
-92,44,-10.3412
-90,44,-9.41595
-88,44,-8.62098
-86,44,-7.96768
-84,44,-7.43846
-82,44,-7.00072
-80,44,-6.61834
-78,44,-6.2624
-76,44,-5.9181
-74,44,-5.58294
-72,44,-5.25529
-70,44,-4.9194
-68,44,-4.53697
-66,44,-4.05603
-64,44,-3.43856
-62,44,-2.68893
-60,44,-1.85557
-58,44,-1.00379
-56,44,-0.184766
-54,44,0.57926
-52,44,1.2926
-50,44,1.97278
-48,44,2.63365
-46,44,3.27325
-44,44,3.87314
-42,44,4.40823
-40,44,4.85977
-38,44,5.22415
-36,44,5.51435
-34,44,5.75411
-32,44,5.96768
-30,44,6.16995
-28,44,6.36218
-26,44,6.53446
-24,44,6.67231
-22,44,6.76323
-20,44,6.8015
-18,44,6.79146
-16,44,6.74977
-14,44,6.70598
-12,44,6.69869
-10,44,6.76544
-8,44,6.92842
-6,44,7.18398
-4,44,7.50329
-2,44,7.84383
0,44,8.16368
2,44,8.43158
4,44,8.63042
6,44,8.75506
8,44,8.80675
10,44,8.78684
12,44,8.69262
14,44,8.51681
16,44,8.25042
18,44,7.88683
20,44,7.42537
22,44,6.87369
24,44,6.24882
26,44,5.5765
28,44,4.88729
30,44,4.20885
32,44,3.55758
34,44,2.9359
36,44,2.33881
38,44,1.76556
40,44,1.22909
42,44,0.758063
44,44,0.390453
46,44,0.160711
48,44,0.0854685
50,44,0.155067
52,44,0.335969
54,44,0.58268
56,44,0.852129
58,44,1.11309
60,44,1.34771
62,44,1.54731
64,44,1.70702
66,44,1.82271
68,44,1.8914
70,44,1.91312
72,44,1.89249
74,44,1.83833
76,44,1.76155
78,44,1.67246
80,44,1.57864
82,44,1.48449
84,44,1.39223
86,44,1.30332
88,44,1.21909
90,44,1.13991
92,44,1.06329
94,44,0.981869
96,44,0.882596
98,44,0.747448
100,44,0.55537
102,44,0.284592
104,44,-0.0851346
106,44,-0.569963
108,44,-1.17765
110,44,-1.89938
112,44,-2.69637
114,44,-3.48529
116,44,-4.14234
118,44,-4.55696
120,44,-4.7189
122,44,-4.74189
124,44,-4.78567
126,44,-4.96303
128,44,-5.28747
130,44,-5.65042
132,44,-5.85021
134,44,-5.73638
136,44,-5.37124
138,44,-4.97927
140,44,-4.77459
142,44,-4.88499
144,44,-5.36328
146,44,-6.20702
148,44,-7.35534
150,44,-8.66176
152,44,-9.8761
154,44,-10.7376
156,44,-11.2061
158,44,-11.5362
160,44,-12.0841
162,44,-13.1744
164,44,-15.1453
166,44,-18.3781
168,44,-21.4514
170,44,-18.3012
172,44,-13.9677
174,44,-10.9481
176,44,-8.93965
178,44,-7.65859
180,44,-6.92188
-180,46,-6.92188
-178,46,-6.57497
-176,46,-6.51757
-174,46,-6.63731
-172,46,-6.84736
-170,46,-7.09777
-168,46,-7.37216
-166,46,-7.66983
-164,46,-7.98722
-162,46,-8.31144
-160,46,-8.62973
-158,46,-8.94959
-156,46,-9.31474
-154,46,-9.80004
-152,46,-10.4842
-150,46,-11.4108
-148,46,-12.5374
-146,46,-13.6439
-144,46,-14.2277
-142,46,-13.7464
-140,46,-12.3278
-138,46,-10.6408
-136,46,-9.19096
-134,46,-8.19935
-132,46,-7.73471
-130,46,-7.79681
-128,46,-8.34667
-126,46,-9.3119
-124,46,-10.5792
-122,46,-11.9714
-120,46,-13.2049
-118,46,-13.9009
-116,46,-13.8387
-114,46,-13.2289
-112,46,-12.4892
-110,46,-11.9093
-108,46,-11.601
-106,46,-11.5598
-104,46,-11.705
-102,46,-11.8966
-100,46,-11.9649
-98,46,-11.7795
-96,46,-11.322
-94,46,-10.6811
-92,46,-9.97779
-90,46,-9.30458
-88,46,-8.70963
-86,46,-8.20466
-84,46,-7.77695
-82,46,-7.40095
-80,46,-7.04986
-78,46,-6.70584
-76,46,-6.364
-74,46,-6.02664
-72,46,-5.6896
-70,46,-5.32886
-68,46,-4.89816
-66,46,-4.34654
-64,46,-3.65059
-62,46,-2.83581
-60,46,-1.96474
-58,46,-1.10361
-56,46,-0.295378
-54,46,0.448545
-52,46,1.14154
-50,46,1.80639
-48,46,2.45811
-46,46,3.09347
-44,46,3.69284
-42,46,4.23175
-40,46,4.69383
-38,46,5.07819
-36,46,5.39901
-34,46,5.67839
-32,46,5.93604
-30,46,6.18108
-28,46,6.40994
-26,46,6.61031
-24,46,6.76743
-22,46,6.86953
-20,46,6.91155
-18,46,6.89809
-16,46,6.84592
-14,46,6.78506
-12,46,6.75578
-10,46,6.79877
-8,46,6.94047
-6,46,7.18106
-4,46,7.49378
-2,46,7.83591
0,46,8.16368
2,46,8.44331
4,46,8.65509
6,46,8.79157
8,46,8.85215
10,46,8.83686
12,46,8.74213
14,46,8.56019
16,46,8.28163
18,46,7.89933
20,46,7.41193
22,46,6.8263
24,46,6.15907
26,46,5.43688
28,46,4.6939
30,46,3.96545
32,46,3.2796
34,46,2.652
36,46,2.08809
38,46,1.59041
40,46,1.16554
42,46,0.827172
44,46,0.59482
46,46,0.487778
48,46,0.514582
50,46,0.663369
52,46,0.901117
54,46,1.18386
56,46,1.47071
58,46,1.73281
60,46,1.9539
62,46,2.12554
64,46,2.24177
66,46,2.29683
68,46,2.28637
70,46,2.21042
72,46,2.07546
74,46,1.89447
76,46,1.68448
78,46,1.46269
80,46,1.2428
82,46,1.03307
84,46,0.836792
86,46,0.654262
88,46,0.484579
90,46,0.325804
92,46,0.173401
94,46,0.0180494
96,46,-0.155653
98,46,-0.368731
100,46,-0.64588
102,46,-1.01301
104,46,-1.49495
106,46,-2.11302
108,46,-2.88036
110,46,-3.79129
112,46,-4.79933
114,46,-5.78459
116,46,-6.54492
118,46,-6.89332
120,46,-6.83915
122,46,-6.60569
124,46,-6.44895
126,46,-6.52369
128,46,-6.8472
130,46,-7.27594
132,46,-7.51269
134,46,-7.29935
136,46,-6.70535
138,46,-6.05171
140,46,-5.61878
142,46,-5.5503
144,46,-5.89195
146,46,-6.62507
148,46,-7.6628
150,46,-8.81875
152,46,-9.80642
154,46,-10.3905
156,46,-10.6224
158,46,-10.8085
160,46,-11.2824
162,46,-12.3265
164,46,-14.2519
166,46,-17.5055
168,46,-21.4753
170,46,-19.0158
172,46,-14.3266
174,46,-11.1151
176,46,-9.01475
178,46,-7.68559
180,46,-6.92188
-180,48,-6.92188
-178,48,-6.5613
-176,48,-6.50094
-174,48,-6.62856
-172,48,-6.85609
-170,48,-7.12909
-168,48,-7.42398
-166,48,-7.73187
-164,48,-8.04162
-162,48,-8.33495
-160,48,-8.59816
-158,48,-8.84374
-156,48,-9.12395
-154,48,-9.51992
-152,48,-10.1089
-150,48,-10.9217
-148,48,-11.8893
-146,48,-12.7664
-144,48,-13.1083
-142,48,-12.5662
-140,48,-11.3289
-138,48,-9.9167
-136,48,-8.73404
-134,48,-7.98963
-132,48,-7.77491
-130,48,-8.12109
-128,48,-9.01692
-126,48,-10.3893
-124,48,-12.0302
-122,48,-13.48
-120,48,-14.127
-118,48,-13.8055
-116,48,-12.956
-114,48,-12.0347
-112,48,-11.2737
-110,48,-10.7595
-108,48,-10.5035
-106,48,-10.4673
-104,48,-10.5704
-102,48,-10.7012
-100,48,-10.7454
-98,48,-10.6301
-96,48,-10.3536
-94,48,-9.97041
-92,48,-9.54994
-90,48,-9.14464
-88,48,-8.7797
-86,48,-8.45561
-84,48,-8.15587
-82,48,-7.85765
-80,48,-7.5435
-78,48,-7.20952
-76,48,-6.86412
-74,48,-6.51626
-72,48,-6.15902
-70,48,-5.75894
-68,48,-5.26222
-66,48,-4.62299
-64,48,-3.8381
-62,48,-2.9564
-60,48,-2.05216
-58,48,-1.18878
-56,48,-0.398279
-54,48,0.320267
-52,48,0.989869
-50,48,1.63835
-48,48,2.28119
-46,48,2.91317
-44,48,3.51315
-42,48,4.0574
-40,48,4.53203
-38,48,4.93866
-36,48,5.29206
-34,48,5.61188
-32,48,5.91281
-30,48,6.19831
-28,48,6.46077
-26,48,6.68634
-24,48,6.8606
-22,48,6.97267
-20,48,7.01817
-18,48,7.0018
-16,48,6.94016
-14,48,6.86352
-12,48,6.81342
-10,48,6.83341
-8,48,6.95403
-6,48,7.17942
-4,48,7.48511
-2,48,7.82838
0,48,8.16368
2,48,8.45465
4,48,8.6789
6,48,8.82659
8,48,8.89522
10,48,8.88347
12,48,8.78702
14,48,8.59769
16,48,8.30586
18,48,7.90422
20,48,7.39118
22,48,6.77357
24,48,6.06863
26,48,5.30527
28,48,4.52289
30,48,3.76626
32,48,3.0766
34,48,2.48283
36,48,1.99769
38,48,1.61954
40,48,1.33811
42,48,1.14243
44,48,1.02818
46,48,0.998939
48,48,1.05867
50,48,1.20015
52,48,1.3997
54,48,1.62328
56,48,1.83811
58,48,2.0209
60,48,2.15836
62,48,2.2425
64,48,2.26556
66,48,2.21835
68,48,2.09247
70,48,1.88435
72,48,1.59854
74,48,1.24853
76,48,0.854976
78,48,0.441679
80,48,0.0309747
82,48,-0.359795
84,48,-0.719358
86,48,-1.04153
88,48,-1.324
90,48,-1.56882
92,48,-1.78448
94,48,-1.98817
96,48,-2.2059
98,48,-2.47002
100,48,-2.81544
102,48,-3.27629
104,48,-3.88399
106,48,-4.66592
108,48,-5.64176
110,48,-6.81062
112,48,-8.11492
114,48,-9.36745
116,48,-10.2039
118,48,-10.3058
120,48,-9.80809
122,48,-9.16869
124,48,-8.75265
126,48,-8.72764
128,48,-9.097
130,48,-9.6608
132,48,-9.94733
134,48,-9.50128
136,48,-8.47548
138,48,-7.4074
140,48,-6.66104
142,48,-6.37146
144,48,-6.55658
146,48,-7.16862
148,48,-8.08397
150,48,-9.06587
152,48,-9.79376
154,48,-10.0825
156,48,-10.0845
158,48,-10.1392
160,48,-10.547
162,48,-11.5483
164,48,-13.4249
166,48,-16.6464
168,48,-21.2401
170,48,-19.757
172,48,-14.6959
174,48,-11.2826
176,48,-9.08891
178,48,-7.71198
180,48,-6.92188
-180,50,-6.92188
-178,50,-6.54827
-176,50,-6.48555
-174,50,-6.62165
-172,50,-6.86738
-170,50,-7.16396
-168,50,-7.48062
-166,50,-7.80032
-164,50,-8.10455
-162,50,-8.3702
-160,50,-8.58326
-158,50,-8.76123
-156,50,-8.96367
-154,50,-9.27606
-152,50,-9.77302
-150,50,-10.4747
-148,50,-11.2958
-146,50,-11.99
-144,50,-12.1818
-142,50,-11.6445
-140,50,-10.5724
-138,50,-9.38399
-136,50,-8.41878
-134,50,-7.87736
-132,50,-7.87106
-130,50,-8.46523
-128,50,-9.69313
-126,50,-11.5157
-124,50,-13.625
-122,50,-15.0471
-120,50,-14.7909
-118,50,-13.5091
-116,50,-12.1851
-114,50,-11.1442
-112,50,-10.4194
-110,50,-9.98248
-108,50,-9.78945
-106,50,-9.77748
-104,50,-9.85977
-102,50,-9.93654
-100,50,-9.92606
-98,50,-9.79821
-96,50,-9.57991
-94,50,-9.32696
-92,50,-9.08975
-90,50,-8.89461
-88,50,-8.74075
-86,50,-8.60558
-84,50,-8.45495
-82,50,-8.25765
-80,50,-7.99997
-78,50,-7.69141
-76,50,-7.35497
-74,50,-7.00651
-72,50,-6.63475
-70,50,-6.19471
-68,50,-5.62574
-66,50,-4.89218
-64,50,-4.01689
-62,50,-3.07294
-60,50,-2.14309
-58,50,-1.28448
-56,50,-0.516227
-54,50,0.175592
-52,50,0.823493
-50,50,1.45945
-48,50,2.09814
-46,50,2.73128
-44,50,3.33593
-42,50,3.88916
-40,50,4.3797
-38,50,4.81148
-36,50,5.19924
-34,50,5.55952
-32,50,5.90174
-30,50,6.22427
-28,50,6.51641
-26,50,6.76368
-24,50,6.95245
-22,50,7.07296
-20,50,7.12136
-18,50,7.10229
-16,50,7.03204
-14,50,6.9408
-12,50,6.87108
-10,50,6.86895
-8,50,6.96883
-6,50,7.17891
-4,50,7.47724
-2,50,7.82123
0,50,8.16368
2,50,8.46559
4,50,8.70182
6,50,8.86009
8,50,8.93593
10,50,8.92672
12,50,8.8274
14,50,8.62956
16,50,8.3236
18,50,7.90233
20,50,7.36458
22,50,6.71806
24,50,5.98209
26,50,5.18972
28,50,4.38771
30,50,3.63178
32,50,2.97568
34,50,2.457
36,50,2.08653
38,50,1.84727
40,50,1.70456
42,50,1.62269
44,50,1.57928
46,50,1.56936
48,50,1.59736
50,50,1.66348
52,50,1.75512
54,50,1.84937
56,50,1.9226
58,50,1.95824
60,50,1.94759
62,50,1.88498
64,50,1.76223
66,50,1.56672
68,50,1.28428
70,50,0.904606
72,50,0.426023
74,50,-0.142094
76,50,-0.779724
78,50,-1.45875
80,50,-2.14651
82,50,-2.80912
84,50,-3.41381
86,50,-3.93165
88,50,-4.34307
90,50,-4.64621
92,50,-4.86363
94,50,-5.0412
96,50,-5.23836
98,50,-5.51607
100,50,-5.92816
102,50,-6.51773
104,50,-7.31669
106,50,-8.3449
108,50,-9.60361
110,50,-11.0519
112,50,-12.5436
114,50,-13.7245
116,50,-14.1011
118,50,-13.5628
120,50,-12.5892
122,50,-11.7114
124,50,-11.2369
126,50,-11.3166
128,50,-11.9904
130,50,-13.0506
132,50,-13.6419
134,50,-12.7063
136,50,-10.8129
138,50,-9.07336
140,50,-7.90017
142,50,-7.34325
144,50,-7.35443
146,50,-7.83833
148,50,-8.62021
150,50,-9.4
152,50,-9.83091
154,50,-9.80931
156,50,-9.59091
158,50,-9.52667
160,50,-9.87551
162,50,-10.8374
164,50,-12.6659
166,50,-15.8297
168,50,-20.7987
170,50,-20.5188
172,50,-15.0755
174,50,-11.45
176,50,-9.16194
178,50,-7.73769
180,50,-6.92188
-180,52,-6.92188
-178,52,-6.53589
-176,52,-6.47132
-174,52,-6.61632
-172,52,-6.88073
-170,52,-7.2016
-168,52,-7.54112
-166,52,-7.87419
-164,52,-8.17525
-162,52,-8.41695
-160,52,-8.58556
-158,52,-8.70329
-156,52,-8.83574
-154,52,-9.07099
-152,52,-9.4805
-150,52,-10.0762
-148,52,-10.766
-146,52,-11.3204
-144,52,-11.4326
-142,52,-10.9513
-140,52,-10.048
-138,52,-9.0608
-136,52,-8.28186
-134,52,-7.90568
-132,52,-8.05957
-130,52,-8.83868
-128,52,-10.3221
-126,52,-12.5245
-124,52,-15.0445
-122,52,-16.1997
-120,52,-14.9364
-118,52,-13.0315
-116,52,-11.511
-114,52,-10.4739
-112,52,-9.84204
-110,52,-9.53448
-108,52,-9.47486
-106,52,-9.57235
-104,52,-9.71285
-102,52,-9.77915
-100,52,-9.69982
-98,52,-9.48572
-96,52,-9.21095
-94,52,-8.95958
-92,52,-8.78698
-90,52,-8.70866
-88,52,-8.70381
-86,52,-8.72433
-84,52,-8.70991
-82,52,-8.61116
-80,52,-8.41211
-78,52,-8.13439
-76,52,-7.81593
-74,52,-7.47803
-72,52,-7.10129
-70,52,-6.62564
-68,52,-5.9842
-66,52,-5.15736
-64,52,-4.19852
-62,52,-3.20346
-60,52,-2.25877
-58,52,-1.41202
-56,52,-0.668223
-54,52,-0.000473819
-52,52,0.63224
-50,52,1.26429
-48,52,1.90756
-46,52,2.54952
-44,52,3.16506
-42,52,3.73235
-40,52,4.24292
-38,52,4.70275
-36,52,5.12599
-34,52,5.52559
-32,52,5.9059
-30,52,6.26098
-28,52,6.57817
-26,52,6.84313
-24,52,7.04349
-22,52,7.1706
-20,52,7.22107
-18,52,7.19934
-16,52,7.12115
-14,52,7.01642
-12,52,6.92828
-10,52,6.90498
-8,52,6.98461
-6,52,7.17943
-4,52,7.47012
-2,52,7.81448
0,52,8.16368
2,52,8.47611
4,52,8.72383
6,52,8.89203
8,52,8.97429
10,52,8.96667
12,52,8.86345
14,52,8.65613
16,52,8.33535
18,52,7.89452
20,52,7.33355
22,52,6.66227
24,52,5.90383
26,52,5.0977
28,52,4.30015
30,52,3.57812
32,52,2.99374
34,52,2.58342
36,52,2.34367
38,52,2.23429
40,52,2.19778
42,52,2.18259
44,52,2.15839
46,52,2.11806
48,52,2.06814
50,52,2.01447
52,52,1.95224
54,52,1.86646
56,52,1.74023
58,52,1.56271
60,52,1.33088
62,52,1.04452
64,52,0.699024
66,52,0.281446
68,52,-0.22727
70,52,-0.845743
72,52,-1.58514
74,52,-2.44451
76,52,-3.40882
78,52,-4.44835
80,52,-5.51668
82,52,-6.54555
84,52,-7.44058
86,52,-8.0947
88,52,-8.43706
90,52,-8.49136
92,52,-8.37676
94,52,-8.2469
96,52,-8.23316
98,52,-8.42615
100,52,-8.8792
102,52,-9.61078
104,52,-10.5913
106,52,-11.7041
108,52,-12.7001
110,52,-13.2583
112,52,-13.2502
114,52,-12.8726
116,52,-12.4032
118,52,-11.9987
120,52,-11.7172
122,52,-11.6157
124,52,-11.817
126,52,-12.5255
128,52,-14.0268
130,52,-16.6403
132,52,-19.5732
134,52,-17.8785
136,52,-13.9159
138,52,-11.0614
140,52,-9.32293
142,52,-8.45537
144,52,-8.28216
146,52,-8.63694
148,52,-9.27525
150,52,-9.81817
152,52,-9.91018
154,52,-9.56695
156,52,-9.14013
158,52,-8.96887
160,52,-9.26491
162,52,-10.1907
164,52,-11.9734
166,52,-15.069
168,52,-20.2239
170,52,-21.2915
172,52,-15.4652
174,52,-11.617
176,52,-9.23364
178,52,-7.76268
180,52,-6.92188
-180,54,-6.92188
-178,54,-6.52413
-176,54,-6.45815
-174,54,-6.61231
-172,54,-6.89562
-170,54,-7.24123
-168,54,-7.60447
-166,54,-7.9524
-164,54,-8.25281
-162,54,-8.47474
-160,54,-8.60517
-158,54,-8.6707
-156,54,-8.74148
-154,54,-8.90671
-152,54,-9.23435
-150,54,-9.7307
-148,54,-10.3047
-146,54,-10.7545
-144,54,-10.8385
-142,54,-10.4535
-140,54,-9.73575
-138,54,-8.95063
-136,54,-8.34726
-134,54,-8.11175
-132,54,-8.38087
-130,54,-9.267
-128,54,-10.8709
-126,54,-13.2152
-124,54,-15.7463
-122,54,-16.3372
-120,54,-14.4981
-118,54,-12.4263
-116,54,-10.9067
-114,54,-9.9418
-112,54,-9.43562
-110,54,-9.30282
-108,54,-9.45693
-106,54,-9.77959
-104,54,-10.1024
-102,54,-10.2425
-100,54,-10.1066
-98,54,-9.75849
-96,54,-9.35245
-94,54,-9.02418
-92,54,-8.84387
-90,54,-8.81939
-88,54,-8.90972
-86,54,-9.03783
-84,54,-9.11194
-82,54,-9.06204
-80,54,-8.87457
-78,54,-8.59147
-76,54,-8.26944
-74,54,-7.93241
-72,54,-7.54643
-70,54,-7.03168
-68,54,-6.31692
-66,54,-5.40432
-64,54,-4.37856
-62,54,-3.35192
-60,54,-2.40826
-58,54,-1.58223
-56,54,-0.864015
-54,54,-0.214669
-52,54,0.413266
-50,54,1.05367
-48,54,1.71301
-46,54,2.37311
-44,54,3.00667
-42,54,3.59346
-40,54,4.12802
-38,54,4.61812
-36,54,5.07684
-34,54,5.51333
-32,54,5.92733
-30,54,6.30966
-28,54,6.64674
-26,54,6.92514
-24,54,7.13398
-22,54,7.2657
-20,54,7.31726
-18,54,7.29271
-16,54,7.20711
-14,54,7.08991
-12,54,6.98455
-10,54,6.94111
-8,54,7.00113
-6,54,7.18083
-4,54,7.46372
-2,54,7.80812
0,54,8.16368
2,54,8.48619
4,54,8.74488
6,54,8.9224
8,54,9.01031
10,54,9.00339
12,54,8.89536
14,54,8.67772
16,54,8.34166
18,54,7.88164
20,54,7.29951
22,54,6.60855
24,54,5.83776
26,54,5.03544
28,54,4.2688
30,54,3.61389
32,54,3.13307
34,54,2.84912
36,54,2.73479
38,54,2.727
40,54,2.75424
42,54,2.75995
44,54,2.71337
46,54,2.60818
48,54,2.45226
50,54,2.25373
52,54,2.01089
54,54,1.71125
56,54,1.33889
58,54,0.883327
60,54,0.343428
62,54,-0.275866
64,54,-0.971668
66,54,-1.75042
68,54,-2.62881
70,54,-3.62684
72,54,-4.75583
74,54,-6.00493
76,54,-7.32716
78,54,-8.62445
80,54,-9.73689
82,54,-10.4628
84,54,-10.6513
86,54,-10.3245
88,54,-9.67593
90,54,-8.94031
92,54,-8.29638
94,54,-7.85286
96,54,-7.66777
98,54,-7.76532
100,54,-8.13937
102,54,-8.73999
104,54,-9.44254
106,54,-10.0253
108,54,-10.243
110,54,-10.0252
112,54,-9.55202
114,54,-9.07584
116,54,-8.763
118,54,-8.67692
120,54,-8.82139
122,54,-9.19351
124,54,-9.83856
126,54,-10.9001
128,54,-12.6785
130,54,-15.8175
132,54,-22.3716
134,54,-29.6252
136,54,-17.9478
138,54,-13.3144
140,54,-10.8881
142,54,-9.6867
144,54,-9.33364
146,54,-9.56882
148,54,-10.0548
150,54,-10.316
152,54,-10.0223
154,54,-9.35111
156,54,-8.73016
158,54,-8.4633
160,54,-8.71199
162,54,-9.60448
164,54,-11.3442
166,54,-14.3692
168,54,-19.5825
170,54,-22.06
172,54,-15.8647
174,54,-11.783
176,54,-9.30381
178,54,-7.78688
180,54,-6.92188
-180,56,-6.92188
-178,56,-6.513
-176,56,-6.44596
-174,56,-6.60936
-172,56,-6.91156
-170,56,-7.28202
-168,56,-7.66959
-166,56,-8.03377
-164,56,-8.33617
-162,56,-8.54287
-160,56,-8.64195
-158,56,-8.6638
-156,56,-8.68175
-154,56,-8.78469
-152,56,-9.03685
-150,56,-9.44107
-148,56,-9.91294
-146,56,-10.2843
-144,56,-10.3744
-142,56,-10.1155
-140,56,-9.60677
-138,56,-9.04289
-136,56,-8.62448
-134,56,-8.5207
-132,56,-8.86765
-130,56,-9.77705
-128,56,-11.33
-126,56,-13.466
-124,56,-15.4513
-122,56,-15.4902
-120,56,-13.6926
-118,56,-11.7839
-116,56,-10.3773
-114,56,-9.51026
-112,56,-9.12775
-110,56,-9.17325
-108,56,-9.57834
-106,56,-10.2207
-104,56,-10.8731
-102,56,-11.2256
-100,56,-11.0922
-98,56,-10.5993
-96,56,-10.0326
-94,56,-9.60485
-92,56,-9.4026
-90,56,-9.41962
-88,56,-9.58463
-86,56,-9.77805
-84,56,-9.86558
-82,56,-9.7623
-80,56,-9.48188
-78,56,-9.11033
-76,56,-8.72938
-74,56,-8.35828
-72,56,-7.93934
-70,56,-7.3704
-68,56,-6.5813
-66,56,-5.60008
-64,56,-4.53636
-62,56,-3.50757
-60,56,-2.58689
-58,56,-1.79308
-56,56,-1.10154
-54,56,-0.463046
-52,56,0.172985
-50,56,0.835844
-48,56,1.52341
-46,56,2.2107
-44,56,2.8687
-42,56,3.47944
-40,56,4.04081
-38,56,4.56207
-36,56,5.05481
-34,56,5.52444
-32,56,5.9668
-30,56,6.37057
-28,56,6.72221
-26,56,7.00976
-24,56,7.22394
-22,56,7.35826
-20,56,7.40981
-18,56,7.38217
-16,56,7.2896
-14,56,7.16086
-12,56,7.03947
-10,56,6.977
-8,56,7.01814
-6,56,7.18299
-4,56,7.45799
-2,56,7.80214
0,56,8.16368
2,56,8.49582
4,56,8.76495
6,56,8.95116
8,56,9.04401
10,56,9.037
12,56,8.92333
14,56,8.69469
16,56,8.34308
18,56,7.86454
20,56,7.26376
22,56,6.55898
24,56,5.78714
26,56,5.00737
28,56,4.2978
30,56,3.73852
32,56,3.38139
34,56,3.22499
36,56,3.21599
38,56,3.27543
40,56,3.32795
42,56,3.31948
44,56,3.22245
46,56,3.03194
48,56,2.75578
50,56,2.40182
52,56,1.9678
54,56,1.43879
56,56,0.792817
58,56,0.00955582
60,56,-0.923479
62,56,-2.01032
64,56,-3.25055
66,56,-4.6431
68,56,-6.18003
70,56,-7.81483
72,56,-9.39017
74,56,-10.5664
76,56,-10.9668
78,56,-10.5826
80,56,-9.76993
82,56,-8.84567
84,56,-7.95061
86,56,-7.127
88,56,-6.39364
90,56,-5.77564
92,56,-5.30601
94,56,-5.01739
96,56,-4.93413
98,56,-5.06593
100,56,-5.40039
102,56,-5.89097
104,56,-6.44208
106,56,-6.90839
108,56,-7.14392
110,56,-7.09844
112,56,-6.86104
114,56,-6.58896
116,56,-6.41453
118,56,-6.4115
120,56,-6.60822
122,56,-7.01852
124,56,-7.67786
126,56,-8.6791
128,56,-10.2099
130,56,-12.628
132,56,-16.7225
134,56,-24.2467
136,56,-21.6608
138,56,-15.573
140,56,-12.5003
142,56,-10.9955
144,56,-10.4951
146,56,-10.638
148,56,-10.9649
150,56,-10.8844
152,56,-10.1549
154,56,-9.15648
156,56,-8.35825
158,56,-8.00698
160,56,-8.21331
162,56,-9.07503
164,56,-10.7748
166,56,-13.7307
168,56,-18.9245
170,56,-22.803
172,56,-16.2733
174,56,-11.9474
176,56,-9.37223
178,56,-7.81025
180,56,-6.92188
-180,58,-6.92188
-178,58,-6.50248
-176,58,-6.43467
-174,58,-6.60724
-172,58,-6.92802
-170,58,-7.32317
-168,58,-7.73537
-166,58,-8.11705
-164,58,-8.42414
-162,58,-8.62045
-160,58,-8.69543
-158,58,-8.68261
-156,58,-8.65697
-154,58,-8.70579
-152,58,-8.8893
-150,58,-9.20841
-148,58,-9.58892
-146,58,-9.89857
-144,58,-10.0134
-142,58,-9.89796
-140,58,-9.62177
-138,58,-9.31128
-136,58,-9.10641
-134,58,-9.14194
-132,58,-9.53726
-130,58,-10.3838
-128,58,-11.7093
-126,58,-13.3395
-124,58,-14.5524
-122,58,-14.2917
-120,58,-12.8217
-118,58,-11.2134
-116,58,-9.97194
-114,58,-9.20828
-112,58,-8.92748
-110,58,-9.11444
-108,58,-9.7369
-106,58,-10.7043
-104,58,-11.7773
-102,58,-12.5046
-100,58,-12.4983
-98,58,-11.9099
-96,58,-11.2096
-94,58,-10.7148
-92,58,-10.5277
-90,58,-10.618
-88,58,-10.8642
-86,58,-11.0733
-84,58,-11.0509
-82,58,-10.7288
-80,58,-10.2086
-78,58,-9.65019
-76,58,-9.1515
-74,58,-8.70761
-72,58,-8.22658
-70,58,-7.58736
-68,58,-6.73063
-66,58,-5.71025
-64,58,-4.64796
-62,58,-3.65285
-60,58,-2.78041
-58,58,-2.03145
-56,58,-1.36717
-54,58,-0.730653
-52,58,-0.072763
-50,58,0.626166
-48,58,1.35227
-46,58,2.07339
-44,58,2.75979
-42,58,3.39679
-40,58,3.98581
-38,58,4.53731
-36,58,5.06106
-34,58,5.55894
-32,58,6.02373
-30,58,6.44298
-28,58,6.804
-26,58,7.09661
-24,58,7.31319
-22,58,7.44812
-20,58,7.49858
-18,58,7.46752
-16,58,7.3683
-14,58,7.22889
-12,58,7.09264
-10,58,7.0123
-8,58,7.03539
-6,58,7.18579
-4,58,7.4529
-2,58,7.79655
0,58,8.16368
2,58,8.50498
4,58,8.78402
6,58,8.97831
8,58,9.07543
10,58,9.06761
12,58,8.94759
14,58,8.70742
16,58,8.34017
18,58,7.84403
20,58,7.2275
22,58,6.51533
24,58,5.7543
26,58,5.01564
28,58,4.38631
30,58,3.94279
32,58,3.71606
34,58,3.67542
36,58,3.74592
38,58,3.84175
40,58,3.89097
42,58,3.84557
44,58,3.68201
46,58,3.39637
48,58,2.99554
50,58,2.48595
52,58,1.86359
54,58,1.10956
56,58,0.192883
58,58,-0.922903
60,58,-2.27382
62,58,-3.89136
64,58,-5.79291
66,58,-7.93704
68,58,-10.0621
70,58,-11.4086
72,58,-11.207
74,58,-9.93493
76,58,-8.48551
78,58,-7.23429
80,58,-6.2344
82,58,-5.44046
84,58,-4.79092
86,58,-4.23813
88,58,-3.76049
90,58,-3.36305
92,58,-3.06882
94,58,-2.90678
96,58,-2.9016
98,58,-3.06641
100,58,-3.39686
102,58,-3.86381
104,58,-4.4049
106,58,-4.92229
108,58,-5.30378
110,58,-5.47624
112,58,-5.45492
114,58,-5.33299
116,58,-5.22335
118,58,-5.21348
120,58,-5.35752
122,58,-5.69218
124,58,-6.2606
126,58,-7.13612
128,58,-8.44551
130,58,-10.4019
132,58,-13.3697
134,58,-17.822
136,58,-20.9427
138,58,-17.2238
140,58,-13.9788
142,58,-12.3027
144,58,-11.7338
146,58,-11.8415
148,58,-12.006
150,58,-11.5048
152,58,-10.2912
154,58,-8.97652
156,58,-8.02084
158,58,-7.59652
160,58,-7.76531
162,58,-8.59858
164,58,-10.2611
166,58,-13.1516
168,58,-18.282
170,58,-23.4924
172,58,-16.6905
174,58,-12.1096
176,58,-9.43869
178,58,-7.83273
180,58,-6.92188
-180,60,-6.92188
-178,60,-6.49257
-176,60,-6.42419
-174,60,-6.60571
-172,60,-6.94451
-170,60,-7.36382
-168,60,-7.80067
-166,60,-8.20088
-164,60,-8.51543
-162,60,-8.70644
-160,60,-8.76493
-158,60,-8.72674
-156,60,-8.66706
-154,60,-8.67014
-152,60,-8.79176
-150,60,-9.03181
-148,60,-9.32819
-146,60,-9.5843
-144,60,-9.72849
-142,60,-9.75921
-140,60,-9.73066
-138,60,-9.71071
-136,60,-9.7651
-134,60,-9.96511
-132,60,-10.386
-130,60,-11.0815
-128,60,-12.0291
-126,60,-13.0241
-124,60,-13.5773
-122,60,-13.2082
-120,60,-12.0893
-118,60,-10.8059
-116,60,-9.75652
-114,60,-9.10633
-112,60,-8.91412
-110,60,-9.20149
-108,60,-9.96782
-106,60,-11.161
-104,60,-12.5761
-102,60,-13.7042
-100,60,-13.9476
-98,60,-13.3964
-96,60,-12.6823
-94,60,-12.2285
-92,60,-12.1522
-90,60,-12.3874
-88,60,-12.7227
-86,60,-12.8335
-84,60,-12.4762
-82,60,-11.7219
-80,60,-10.8461
-78,60,-10.0634
-76,60,-9.43864
-74,60,-8.91445
-72,60,-8.36064
-70,60,-7.64954
-68,60,-6.7445
-66,60,-5.72138
-64,60,-4.70053
-62,60,-3.77244
-60,60,-2.97046
-58,60,-2.27626
-56,60,-1.63755
-54,60,-0.992958
-52,60,-0.300341
-50,60,0.445107
-48,60,1.21566
-46,60,1.9728
-44,60,2.68785
-42,60,3.35042
-40,60,3.96552
-38,60,4.5444
-36,60,5.09473
-34,60,5.61519
-32,60,6.09629
-30,60,6.52533
-28,60,6.89097
-26,60,7.18497
-24,60,7.40129
-22,60,7.53505
-20,60,7.58334
-18,60,7.5485
-16,60,7.44293
-14,60,7.29367
-12,60,7.14372
-10,60,7.0467
-8,60,7.05266
-6,60,7.1891
-4,60,7.44839
-2,60,7.79134
0,60,8.16368
2,60,8.51365
4,60,8.80205
6,60,9.00385
8,60,9.10461
10,60,9.09534
12,60,8.9684
14,60,8.71629
16,60,8.33349
18,60,7.82089
20,60,7.19179
22,60,6.47893
24,60,5.74056
26,60,5.05999
28,60,4.52885
30,60,4.21129
32,60,4.11018
34,60,4.16665
36,60,4.29191
38,60,4.40078
40,60,4.42843
42,60,4.33372
44,60,4.09669
46,60,3.71377
48,60,3.19045
50,60,2.53184
52,60,1.73341
54,60,0.775751
56,60,-0.374007
58,60,-1.75445
60,60,-3.39452
62,60,-5.2764
64,60,-7.23187
66,60,-8.74656
68,60,-9.09177
70,60,-8.2712
72,60,-7.01249
74,60,-5.82244
76,60,-4.86176
78,60,-4.13919
80,60,-3.61237
82,60,-3.22281
84,60,-2.91215
86,60,-2.63599
88,60,-2.37508
90,60,-2.13815
92,60,-1.95412
94,60,-1.85921
96,60,-1.88551
98,60,-2.05411
100,60,-2.37103
102,60,-2.8234
104,60,-3.37406
106,60,-3.95661
108,60,-4.4791
110,60,-4.84961
112,60,-5.02196
114,60,-5.02624
116,60,-4.95098
118,60,-4.89785
120,60,-4.95165
122,60,-5.17733
124,60,-5.63268
126,60,-6.38557
128,60,-7.5324
130,60,-9.21957
132,60,-11.6656
134,60,-15.0823
136,60,-18.4552
138,60,-17.6776
140,60,-15.058
142,60,-13.4673
144,60,-12.974
146,60,-13.1516
148,60,-13.1604
150,60,-12.1408
152,60,-10.4096
154,60,-8.80353
156,60,-7.71367
158,60,-7.2281
160,60,-7.36427
162,60,-8.17144
164,60,-9.79944
166,60,-12.6287
168,60,-17.674
170,60,-24.0952
172,60,-17.1154
174,60,-12.2689
176,60,-9.50298
178,60,-7.85427
180,60,-6.92188
-180,62,-6.92188
-178,62,-6.48325
-176,62,-6.41445
-174,62,-6.60452
-172,62,-6.96055
-170,62,-7.40316
-168,62,-7.8643
-166,62,-8.28389
-164,62,-8.60862
-162,62,-8.79962
-160,62,-8.84948
-158,62,-8.79547
-156,62,-8.71133
-154,62,-8.67687
-152,62,-8.74272
-150,62,-8.90812
-148,62,-9.12377
-146,62,-9.32705
-144,62,-9.49372
-142,62,-9.6576
-140,62,-9.87496
-138,62,-10.1751
-136,62,-10.5449
-134,62,-10.9524
-132,62,-11.3816
-130,62,-11.8374
-128,62,-12.3053
-126,62,-12.6869
-124,62,-12.7771
-122,62,-12.388
-120,62,-11.5702
-118,62,-10.6037
-116,62,-9.77705
-114,62,-9.27405
-112,62,-9.19013
-110,62,-9.57119
-108,62,-10.4293
-106,62,-11.7183
-104,62,-13.2371
-102,62,-14.4828
-100,62,-14.8683
-98,62,-14.4896
-96,62,-13.9807
-94,62,-13.7676
-92,62,-13.9542
-90,62,-14.4053
-88,62,-14.7353
-86,62,-14.4538
-84,62,-13.4805
-82,62,-12.2272
-80,62,-11.0774
-78,62,-10.1769
-76,62,-9.5039
-74,62,-8.94142
-72,62,-8.3341
-70,62,-7.5677
-68,62,-6.63978
-66,62,-5.645
-64,62,-4.69443
-62,62,-3.85536
-60,62,-3.13703
-58,62,-2.50099
-56,62,-1.88225
-54,62,-1.21894
-52,62,-0.481909
-50,62,0.314628
-48,62,1.12903
-46,62,1.91884
-44,62,2.65851
-42,62,3.34279
-40,62,3.98004
-38,62,4.58168
-36,62,5.15309
-34,62,5.6901
-32,62,6.18165
-30,62,6.61537
-28,62,6.98156
-26,62,7.27387
-24,62,7.48767
-22,62,7.61868
-20,62,7.66387
-18,62,7.62489
-16,62,7.51321
-14,62,7.35488
-12,62,7.19237
-10,62,7.07989
-8,62,7.06974
-6,62,7.1928
-4,62,7.44444
-2,62,7.78651
0,62,8.16368
2,62,8.52184
4,62,8.81904
6,62,9.02775
8,62,9.13159
10,62,9.12032
12,62,8.986
14,62,8.7217
16,62,8.32361
18,62,7.79586
20,62,7.15753
22,62,6.4507
24,62,5.7461
26,62,5.13784
28,62,4.71642
30,62,4.52573
32,62,4.53783
34,62,4.67115
36,62,4.83086
38,62,4.93708
40,62,4.93321
42,62,4.78433
44,62,4.47324
46,62,3.99611
48,62,3.35686
50,62,2.55989
52,62,1.6028
54,62,0.472931
56,62,-0.84734
58,62,-2.35952
60,62,-3.99723
62,62,-5.52446
64,62,-6.4695
66,62,-6.44678
68,62,-5.66264
70,62,-4.62689
72,62,-3.66962
74,62,-2.91493
76,62,-2.38654
78,62,-2.06656
80,62,-1.91594
82,62,-1.88118
84,62,-1.90049
86,62,-1.91599
88,62,-1.89081
90,62,-1.82178
92,62,-1.73772
94,62,-1.68467
96,62,-1.70903
98,62,-1.84668
100,62,-2.11873
102,62,-2.5301
104,62,-3.06708
106,62,-3.69194
108,62,-4.33632
110,62,-4.90288
112,62,-5.29195
114,62,-5.45474
116,62,-5.43178
118,62,-5.33262
120,62,-5.28158
122,62,-5.38204
124,62,-5.71298
126,62,-6.34335
128,62,-7.35203
130,62,-8.84734
132,62,-10.9737
134,62,-13.8184
136,62,-16.7099
138,62,-17.1401
140,62,-15.4885
142,62,-14.2746
144,62,-14.0559
146,62,-14.4728
148,62,-14.3611
150,62,-12.7302
152,62,-10.485
154,62,-8.62932
156,62,-7.43204
158,62,-6.89769
160,62,-7.00646
162,62,-7.79004
164,62,-9.38612
166,62,-12.1589
168,62,-17.11
170,62,-24.5783
172,62,-17.5465
174,62,-12.4245
176,62,-9.56487
178,62,-7.87482
180,62,-6.92188
-180,64,-6.92188
-178,64,-6.47452
-176,64,-6.40538
-174,64,-6.60348
-172,64,-6.97566
-170,64,-7.44037
-168,64,-7.92511
-166,64,-8.36465
-164,64,-8.70224
-162,64,-8.89861
-160,64,-8.94787
-158,64,-8.88758
-156,64,-8.78835
-154,64,-8.7239
-152,64,-8.73878
-150,64,-8.83164
-148,64,-8.96626
-146,64,-9.11176
-144,64,-9.28574
-142,64,-9.55616
-140,64,-9.99519
-138,64,-10.6209
-136,64,-11.3555
-134,64,-12.026
-132,64,-12.4514
-130,64,-12.5867
-128,64,-12.5353
-126,64,-12.4033
-124,64,-12.1893
-122,64,-11.814
-120,64,-11.2476
-118,64,-10.595
-116,64,-10.0427
-114,64,-9.75947
-112,64,-9.85532
-110,64,-10.3846
-108,64,-11.3462
-106,64,-12.6441
-104,64,-13.9915
-102,64,-14.8933
-100,64,-15.0597
-98,64,-14.809
-96,64,-14.6434
-94,64,-14.827
-92,64,-15.3501
-90,64,-15.8889
-88,64,-15.8163
-86,64,-14.8072
-84,64,-13.311
-82,64,-11.8805
-80,64,-10.7499
-78,64,-9.93344
-76,64,-9.3367
-74,64,-8.80568
-72,64,-8.18124
-70,64,-7.38249
-68,64,-6.45159
-66,64,-5.5021
-64,64,-4.63425
-62,64,-3.89165
-60,64,-3.25876
-58,64,-2.67629
-56,64,-2.06799
-54,64,-1.37644
-52,64,-0.591074
-50,64,0.253264
-48,64,1.10369
-46,64,1.91734
-44,64,2.67385
-42,64,3.37337
-40,64,4.02696
-38,64,4.64555
-36,64,5.23199
-34,64,5.77961
-32,64,6.27634
-30,64,6.71045
-28,64,7.07393
-26,64,7.36213
-24,64,7.57163
-22,64,7.69861
-20,64,7.73987
-18,64,7.69646
-16,64,7.57891
-14,64,7.41226
-12,64,7.23831
-10,64,7.11162
-8,64,7.08642
-6,64,7.19677
-4,64,7.44099
-2,64,7.78205
0,64,8.16368
2,64,8.52951
4,64,8.83495
6,64,9.05003
8,64,9.15642
10,64,9.14272
12,64,9.00067
14,64,8.72407
16,64,8.31107
18,64,7.7696
20,64,7.12541
22,64,6.43105
24,64,5.77006
26,64,5.24472
28,64,4.93798
30,64,4.86785
32,64,4.9771
34,64,5.16862
36,64,5.34761
38,64,5.44165
40,64,5.40202
42,64,5.19898
44,64,4.81727
46,64,4.2524
48,64,3.50677
50,64,2.58486
52,64,1.4894
54,64,0.223009
56,64,-1.19585
58,64,-2.68828
60,64,-4.03424
62,64,-4.84223
64,64,-4.81438
66,64,-4.11222
68,64,-3.15382
70,64,-2.24012
72,64,-1.50444
74,64,-0.989316
76,64,-0.698923
78,64,-0.619445
80,64,-0.723641
82,64,-0.969202
84,64,-1.2967
86,64,-1.63314
88,64,-1.90714
90,64,-2.07421
92,64,-2.13638
94,64,-2.1386
96,64,-2.1455
98,64,-2.21792
100,64,-2.40115
102,64,-2.72295
104,64,-3.19441
106,64,-3.80778
108,64,-4.52769
110,64,-5.27678
112,64,-5.92972
114,64,-6.34915
116,64,-6.47515
118,64,-6.3858
120,64,-6.24662
122,64,-6.21786
124,64,-6.41357
126,64,-6.91173
128,64,-7.781
130,64,-9.10306
132,64,-10.9683
134,64,-13.3583
136,64,-15.6273
138,64,-16.1715
140,64,-15.209
142,64,-14.5002
144,64,-14.7157
146,64,-15.5681
148,64,-15.4385
150,64,-13.1823
152,64,-10.492
154,64,-8.44624
156,64,-7.1712
158,64,-6.60117
160,64,-6.68813
162,64,-7.45088
164,64,-9.01769
166,64,-11.7385
168,64,-16.5942
170,64,-24.9166
172,64,-17.9824
174,64,-12.5758
176,64,-9.62416
178,64,-7.89433
180,64,-6.92188
-180,66,-6.92188
-178,66,-6.46638
-176,66,-6.39691
-174,66,-6.60237
-172,66,-6.98942
-170,66,-7.47467
-168,66,-7.98192
-166,66,-8.4417
-164,66,-8.79472
-162,66,-9.00188
-160,66,-9.05854
-158,66,-9.00131
-156,66,-8.89577
-154,66,-8.8077
-152,66,-8.77444
-150,66,-8.79415
-148,66,-8.84423
-146,66,-8.92358
-144,66,-9.08563
-142,66,-9.42757
-140,66,-10.0427
-138,66,-10.9612
-136,66,-12.0742
-134,66,-13.055
-132,66,-13.4717
-130,66,-13.2373
-128,66,-12.698
-126,66,-12.177
-124,66,-11.767
-122,66,-11.4161
-120,66,-11.0632
-118,66,-10.731
-116,66,-10.5283
-114,66,-10.5866
-112,66,-11.0062
-110,66,-11.8245
-108,66,-12.9736
-106,66,-14.1902
-104,66,-14.997
-102,66,-15.0953
-100,66,-14.7791
-98,66,-14.5485
-96,66,-14.6881
-94,66,-15.2324
-92,66,-15.9288
-90,66,-16.1386
-88,66,-15.3042
-86,66,-13.7652
-84,66,-12.1979
-82,66,-10.9359
-80,66,-10.0392
-78,66,-9.44317
-76,66,-9.01203
-74,66,-8.5669
-72,66,-7.95401
-70,66,-7.1376
-68,66,-6.21162
-66,66,-5.31011
-64,66,-4.5234
-62,66,-3.8723
-60,66,-3.31639
-58,66,-2.77578
-56,66,-2.16606
-54,66,-1.44019
-52,66,-0.609962
-50,66,0.271024
-48,66,1.14364
-46,66,1.9685
-44,66,2.73176
-42,66,3.43857
-40,66,4.10174
-38,66,4.73093
-36,66,5.32636
-34,66,5.87916
-32,66,6.37661
-30,66,6.8078
-28,66,7.16618
-26,66,7.44856
-24,66,7.65244
-22,66,7.77439
-20,66,7.81108
-18,66,7.76298
-16,66,7.6398
-14,66,7.46556
-12,66,7.28127
-10,66,7.14163
-8,66,7.10251
-6,66,7.20092
-4,66,7.43801
-2,66,7.77797
0,66,8.16368
2,66,8.53666
4,66,8.84978
6,66,9.07068
8,66,9.17917
10,66,9.16267
12,66,9.01267
14,66,8.72381
16,66,8.29641
18,66,7.74271
20,66,7.09594
22,66,6.41991
24,66,5.81055
26,66,5.37477
28,66,5.1819
30,66,5.22136
32,66,5.41106
34,66,5.64514
36,66,5.8327
38,66,5.90931
40,66,5.83317
42,66,5.57868
44,66,5.13194
46,66,4.48784
48,66,3.64769
50,66,2.6173
52,66,1.4079
54,66,0.0460003
56,66,-1.39571
58,66,-2.73736
60,66,-3.65041
62,66,-3.82033
64,66,-3.28419
66,66,-2.39062
68,66,-1.4584
70,66,-0.654627
72,66,-0.0456744
74,66,0.347144
76,66,0.520512
78,66,0.479781
80,66,0.237992
82,66,-0.180787
84,66,-0.735406
86,66,-1.36113
88,66,-1.96914
90,66,-2.46328
92,66,-2.77783
94,66,-2.91304
96,66,-2.93311
98,66,-2.92932
100,66,-2.9846
102,66,-3.1597
104,66,-3.49433
106,66,-4.01073
108,66,-4.71077
110,66,-5.56117
112,66,-6.46628
114,66,-7.25104
116,66,-7.72036
118,66,-7.81541
120,66,-7.68547
122,66,-7.56138
124,66,-7.6221
126,66,-7.97403
128,66,-8.68598
130,66,-9.81862
132,66,-11.4078
134,66,-13.3158
136,66,-14.8516
138,66,-15.0438
140,66,-14.3758
142,66,-14.0703
144,66,-14.6994
146,66,-16.0489
148,66,-16.0879
150,66,-13.396
152,66,-10.411
154,66,-8.24838
156,66,-6.92684
158,66,-6.33455
160,66,-6.40565
162,66,-7.15063
164,66,-8.69091
166,66,-11.3644
168,66,-16.1278
170,66,-25.1
172,66,-18.4209
174,66,-12.7219
176,66,-9.68061
178,66,-7.91276
180,66,-6.92188
-180,68,-6.92188
-178,68,-6.45881
-176,68,-6.38898
-174,68,-6.60101
-172,68,-7.0014
-170,68,-7.50533
-168,68,-8.03361
-166,68,-8.51359
-164,68,-8.88441
-162,68,-9.10767
-160,68,-9.17957
-158,68,-9.13429
-156,68,-9.03024
-154,68,-8.92318
-152,68,-8.84213
-150,68,-8.78534
-148,68,-8.7452
-146,68,-8.7492
-144,68,-8.88053
-142,68,-9.25769
-140,68,-9.9912
-138,68,-11.1316
-136,68,-12.5725
-134,68,-13.8646
-132,68,-14.2808
-130,68,-13.702
-128,68,-12.7787
-126,68,-11.9937
-124,68,-11.4608
-122,68,-11.1353
-120,68,-10.9633
-118,68,-10.9521
-116,68,-11.1758
-114,68,-11.7375
-112,68,-12.7163
-110,68,-14.0817
-108,68,-15.4982
-106,68,-16.1783
-104,68,-15.6957
-102,68,-14.7335
-100,68,-14.0268
-98,68,-13.8569
-96,68,-14.2482
-94,68,-15.0262
-92,68,-15.6537
-90,68,-15.3181
-88,68,-13.9462
-86,68,-12.292
-84,68,-10.8861
-82,68,-9.87963
-80,68,-9.2514
-78,68,-8.89889
-76,68,-8.65343
-74,68,-8.30644
-72,68,-7.70755
-70,68,-6.87146
-68,68,-5.94659
-66,68,-5.08619
-64,68,-4.37009
-62,68,-3.79674
-60,68,-3.30135
-58,68,-2.78548
-56,68,-2.16204
-54,68,-1.40038
-52,68,-0.535363
-50,68,0.365924
-48,68,1.24411
-46,68,2.06645
-44,68,2.82609
-42,68,3.53221
-40,68,4.19824
-38,68,4.83191
-36,68,5.43077
-34,68,5.98411
-32,68,6.47882
-30,68,6.90473
-28,68,7.25649
-26,68,7.53197
-24,68,7.72938
-22,68,7.84559
-20,68,7.87719
-18,68,7.82425
-16,68,7.69569
-14,68,7.51457
-12,68,7.32104
-10,68,7.16971
-8,68,7.11784
-6,68,7.20513
-4,68,7.43546
-2,68,7.77425
0,68,8.16368
2,68,8.54327
4,68,8.8635
6,68,9.08972
8,68,9.19989
10,68,9.18033
12,68,9.02229
14,68,8.72131
16,68,8.28014
18,68,7.71573
20,68,7.06943
22,68,6.41675
24,68,5.86494
26,68,5.52141
28,68,5.43707
30,68,5.57287
32,68,5.82745
34,68,6.09165
36,68,6.28049
38,68,6.33709
40,68,6.22544
42,68,5.9233
44,68,5.41796
46,68,4.70415
48,68,3.78331
50,68,2.66494
52,68,1.37347
54,68,-0.0312591
56,68,-1.41071
58,68,-2.50035
60,68,-2.97717
62,68,-2.73263
64,68,-1.9989
66,68,-1.09942
68,68,-0.245415
70,68,0.464457
72,68,0.990817
74,68,1.31881
76,68,1.44289
78,68,1.36162
80,68,1.07727
82,68,0.597973
84,68,-0.0573088
86,68,-0.850411
88,68,-1.71293
90,68,-2.53951
92,68,-3.20349
94,68,-3.60995
96,68,-3.75567
98,68,-3.7306
100,68,-3.66043
102,68,-3.65491
104,68,-3.79283
106,68,-4.12745
108,68,-4.6925
110,68,-5.49792
112,68,-6.50884
114,68,-7.60591
116,68,-8.5592
118,68,-9.12081
120,68,-9.25092
122,68,-9.16902
124,68,-9.1434
126,68,-9.34989
128,68,-9.88184
130,68,-10.7863
132,68,-12.0349
134,68,-13.3594
136,68,-14.0907
138,68,-13.8234
140,68,-13.2216
142,68,-13.1363
144,68,-13.9974
146,68,-15.6517
148,68,-16.0152
150,68,-13.3033
152,68,-10.2336
154,68,-8.03261
156,68,-6.69543
158,68,-6.09413
160,68,-6.15554
162,68,-6.88612
164,68,-8.40274
166,68,-11.0332
168,68,-15.7097
170,68,-25.1376
172,68,-18.8594
174,68,-12.8619
176,68,-9.73403
178,68,-7.93005
180,68,-6.92188
-180,70,-6.92188
-178,70,-6.45182
-176,70,-6.38153
-174,70,-6.59924
-172,70,-7.01126
-170,70,-7.53165
-168,70,-8.07912
-166,70,-8.57889
-164,70,-8.96961
-162,70,-9.21405
-160,70,-9.30864
-158,70,-9.28344
-156,70,-9.18729
-154,70,-9.06373
-152,70,-8.93259
-150,70,-8.79376
-148,70,-8.65735
-146,70,-8.57875
-144,70,-8.6648
-142,70,-9.04615
-140,70,-9.84058
-138,70,-11.1117
-136,70,-12.767
-134,70,-14.2958
-132,70,-14.7417
-130,70,-13.9484
-128,70,-12.7981
-126,70,-11.8613
-124,70,-11.2542
-122,70,-10.9467
-120,70,-10.9154
-118,70,-11.193
-116,70,-11.8703
-114,70,-13.0731
-112,70,-14.9007
-110,70,-17.1295
-108,70,-18.3038
-106,70,-17.0123
-104,70,-14.9684
-102,70,-13.4847
-100,70,-12.7658
-98,70,-12.7574
-96,70,-13.3338
-94,70,-14.1885
-92,70,-14.6266
-90,70,-13.9547
-88,70,-12.4789
-86,70,-10.959
-84,70,-9.77722
-82,70,-9.0136
-80,70,-8.62245
-78,70,-8.48258
-76,70,-8.39405
-74,70,-8.11451
-72,70,-7.50029
-70,70,-6.62446
-68,70,-5.68818
-66,70,-4.85675
-64,70,-4.19561
-62,70,-3.68018
-60,70,-3.22276
-58,70,-2.71094
-56,70,-2.06229
-54,70,-1.26719
-52,70,-0.380658
-50,70,0.523891
-48,70,1.39226
-46,70,2.20027
-44,70,2.94763
-42,70,3.64639
-40,70,4.30947
-38,70,4.94229
-36,70,5.53992
-34,70,6.09016
-32,70,6.57968
-30,70,6.99889
-28,70,7.34325
-26,70,7.61133
-24,70,7.8018
-22,70,7.91181
-20,70,7.93796
-18,70,7.88006
-16,70,7.74641
-14,70,7.55911
-12,70,7.3574
-10,70,7.19566
-8,70,7.13225
-6,70,7.20932
-4,70,7.43331
-2,70,7.7709
0,70,8.16368
2,70,8.54935
4,70,8.8761
6,70,9.10713
8,70,9.21865
10,70,9.19585
12,70,9.0298
14,70,8.71699
16,70,8.26276
18,70,7.68911
20,70,7.04598
22,70,6.42064
24,70,5.92996
26,70,5.67787
28,70,5.69364
30,70,5.91198
32,70,6.21783
34,70,6.50254
36,70,6.68773
38,70,6.72322
40,70,6.57774
42,70,6.23184
44,70,5.67418
46,70,4.90035
48,70,3.91407
50,70,2.73239
52,70,1.39989
54,70,0.019399
56,70,-1.20517
58,70,-1.9787
60,70,-2.09204
62,70,-1.6288
64,70,-0.866854
66,70,-0.04685
68,70,0.698592
70,70,1.30996
72,70,1.76178
74,70,2.04179
76,70,2.14238
78,70,2.05777
80,70,1.78369
82,70,1.31847
84,70,0.665908
86,70,-0.159147
88,70,-1.12061
90,70,-2.14616
92,70,-3.11458
94,70,-3.87055
96,70,-4.29461
98,70,-4.38898
100,70,-4.27769
102,70,-4.12299
104,70,-4.05915
106,70,-4.17905
108,70,-4.54421
110,70,-5.19217
112,70,-6.13109
114,70,-7.31482
116,70,-8.59748
118,70,-9.71001
120,70,-10.3862
122,70,-10.6166
124,70,-10.6534
126,70,-10.765
128,70,-11.1107
130,70,-11.7425
132,70,-12.5652
134,70,-13.2175
136,70,-13.1981
138,70,-12.5532
140,70,-11.9417
142,70,-11.9447
144,70,-12.8628
146,70,-14.5603
148,70,-15.2354
150,70,-12.9116
152,70,-9.96577
154,70,-7.79918
156,70,-6.47453
158,70,-5.87668
160,70,-5.93459
162,70,-6.65438
164,70,-8.15034
166,70,-10.7421
168,70,-15.3384
170,70,-25.0544
172,70,-19.2945
174,70,-12.995
176,70,-9.7842
178,70,-7.94618
180,70,-6.92188
-180,72,-6.92188
-178,72,-6.44538
-176,72,-6.37452
-174,72,-6.59692
-172,72,-7.01865
-170,72,-7.55304
-168,72,-8.11746
-166,72,-8.63622
-164,72,-9.04857
-162,72,-9.31884
-160,72,-9.44294
-158,72,-9.44492
-156,72,-9.36146
-154,72,-9.22153
-152,72,-9.03564
-150,72,-8.80843
-148,72,-8.57146
-146,72,-8.40736
-144,72,-8.44023
-142,72,-8.8037
-140,72,-9.61148
-138,72,-10.9251
-136,72,-12.6567
-134,72,-14.2943
-132,72,-14.8179
-130,72,-14.0122
-128,72,-12.8058
-126,72,-11.8059
-124,72,-11.1484
-122,72,-10.8346
-120,72,-10.8812
-118,72,-11.3598
-116,72,-12.4006
-114,72,-14.1856
-112,72,-16.8411
-110,72,-19.4111
-108,72,-18.4788
-106,72,-15.5305
-104,72,-13.2604
-102,72,-11.9377
-100,72,-11.4229
-98,72,-11.5798
-96,72,-12.237
-94,72,-13.0299
-92,72,-13.2857
-90,72,-12.55
-88,72,-11.2309
-86,72,-9.95353
-84,72,-9.01558
-82,72,-8.47938
-80,72,-8.29618
-78,72,-8.33072
-76,72,-8.34824
-74,72,-8.07366
-72,72,-7.38837
-70,72,-6.43951
-68,72,-5.47412
-66,72,-4.65654
-64,72,-4.03125
-62,72,-3.5496
-60,72,-3.10387
-58,72,-2.57449
-56,72,-1.89134
-54,72,-1.06739
-52,72,-0.171905
-50,72,0.722335
-48,72,1.56998
-46,72,2.35595
-44,72,3.08553
-42,72,3.77242
-40,72,4.4283
-38,72,5.05619
-36,72,5.64903
-34,72,6.1936
-32,72,6.67645
-30,72,7.08835
-28,72,7.42516
-26,72,7.68576
-24,72,7.86913
-22,72,7.97267
-20,72,7.99314
-18,72,7.93027
-16,72,7.79183
-14,72,7.59905
-12,72,7.3902
-10,72,7.2193
-8,72,7.14559
-6,72,7.21338
-4,72,7.43152
-2,72,7.7679
0,72,8.16368
2,72,8.55487
4,72,8.88757
6,72,9.12294
8,72,9.2355
10,72,9.20939
12,72,9.03547
14,72,8.71124
16,72,8.24474
18,72,7.66325
20,72,7.02553
22,72,6.43029
24,72,6.00205
26,72,5.83763
28,72,5.94331
30,72,6.23094
32,72,6.57665
34,72,6.87455
36,72,7.05277
38,72,7.06676
40,72,6.88913
42,72,6.50289
44,72,5.89845
46,72,5.07371
48,72,4.03751
50,72,2.81957
52,72,1.49258
54,72,0.208326
56,72,-0.783696
58,72,-1.23011
60,72,-1.081
62,72,-0.53108
64,72,0.174058
66,72,0.872998
68,72,1.48763
70,72,1.98467
72,72,2.34888
74,72,2.5707
76,72,2.64185
78,72,2.55414
80,72,2.2996
82,72,1.87115
84,72,1.26417
86,72,0.479792
88,72,-0.468524
90,72,-1.54303
92,72,-2.66327
94,72,-3.69018
96,72,-4.44608
98,72,-4.80694
100,72,-4.8045
102,72,-4.6057
104,72,-4.40137
106,72,-4.33698
108,72,-4.5072
110,72,-4.9704
112,72,-5.75649
114,72,-6.85951
116,72,-8.20952
118,72,-9.62739
120,72,-10.8201
122,72,-11.5419
124,72,-11.8293
126,72,-11.9442
128,72,-12.1248
130,72,-12.4545
132,72,-12.7973
134,72,-12.7922
136,72,-12.1947
138,72,-11.3031
140,72,-10.6706
142,72,-10.6955
144,72,-11.5796
146,72,-13.1814
148,72,-14.0587
150,72,-12.2997
152,72,-9.62579
154,72,-7.55161
156,72,-6.26293
158,72,-5.67951
160,72,-5.73988
162,72,-6.45265
164,72,-7.93111
166,72,-10.4884
168,72,-15.0115
170,72,-24.8836
172,72,-19.7223
174,72,-13.1203
176,72,-9.83091
178,72,-7.96108
180,72,-6.92188
-180,74,-6.92188
-178,74,-6.43951
-176,74,-6.36791
-174,74,-6.59393
-172,74,-7.02332
-170,74,-7.56897
-168,74,-8.14775
-166,74,-8.68428
-164,74,-9.11951
-162,74,-9.41963
-160,74,-9.57921
-158,74,-9.61419
-156,74,-9.54634
-154,74,-9.38803
-152,74,-9.14135
-150,74,-8.82048
-148,74,-8.48262
-146,74,-8.23588
-144,74,-8.21474
-142,74,-8.54748
-140,74,-9.33406
-138,74,-10.6197
-136,74,-12.3085
-134,74,-13.9306
-132,74,-14.5725
-130,74,-13.9511
-128,74,-12.8385
-126,74,-11.8344
-124,74,-11.1216
-122,74,-10.752
-120,74,-10.7863
-118,74,-11.3241
-116,74,-12.5023
-114,74,-14.4632
-112,74,-17.0342
-110,74,-18.2536
-108,74,-16.2108
-106,74,-13.5947
-104,74,-11.761
-102,74,-10.7532
-100,74,-10.4509
-98,74,-10.7286
-96,74,-11.3979
-94,74,-12.0779
-92,74,-12.1969
-90,74,-11.5041
-88,74,-10.3983
-86,74,-9.37429
-84,74,-8.67349
-82,74,-8.3508
-80,74,-8.35411
-78,74,-8.52609
-76,74,-8.58554
-74,74,-8.23131
-72,74,-7.4056
-70,74,-6.34757
-68,74,-5.33484
-66,74,-4.51423
-64,74,-3.90283
-62,74,-3.42836
-60,74,-2.96808
-58,74,-2.40317
-56,74,-1.68107
-54,74,-0.8346
-52,74,0.0599913
-50,74,0.935814
-48,74,1.75772
-46,74,2.51887
-44,74,3.22883
-42,74,3.90187
-40,74,4.54809
-38,74,5.16833
-36,74,5.75405
-34,74,6.29142
-32,74,6.76699
-30,74,7.17162
-28,74,7.50119
-26,74,7.75459
-24,74,7.93091
-22,74,8.02786
-20,74,8.04254
-18,74,7.97474
-16,74,7.83184
-14,74,7.63425
-12,74,7.4193
-10,74,7.2405
-8,74,7.15775
-6,74,7.21725
-4,74,7.43005
-2,74,7.76527
0,74,8.16368
2,74,8.55983
4,74,8.8979
6,74,9.13715
8,74,9.25051
10,74,9.22109
12,74,9.03957
14,74,8.70446
16,74,8.22654
18,74,7.63847
20,74,7.00785
22,74,6.44419
24,74,6.07749
26,74,5.99474
28,74,6.17933
30,74,6.52422
32,74,6.9004
34,74,7.20599
36,74,7.37496
38,74,7.36741
40,74,7.15909
42,74,6.73524
44,74,6.08856
46,74,5.2207
48,74,4.14861
50,74,2.91989
52,74,1.64157
54,74,0.51134
56,74,-0.212024
58,74,-0.371063
60,74,-0.053439
62,74,0.510187
64,74,1.12671
66,74,1.69323
68,74,2.16803
70,74,2.53688
72,74,2.79392
74,74,2.93391
76,74,2.95009
78,74,2.83415
80,74,2.57663
82,74,2.16768
84,74,1.59808
86,74,0.861456
88,74,-0.0416286
90,74,-1.09565
92,74,-2.25565
94,74,-3.42555
96,74,-4.44317
98,74,-5.11807
100,74,-5.35351
102,74,-5.24066
104,74,-4.99015
106,74,-4.8031
108,74,-4.81782
110,74,-5.11766
112,74,-5.74822
114,74,-6.72291
116,74,-8.01084
118,74,-9.50291
120,74,-10.9685
122,74,-12.0877
124,74,-12.6689
126,74,-12.8369
128,74,-12.8615
130,74,-12.8733
132,74,-12.7409
134,74,-12.1871
136,74,-11.1942
138,74,-10.1496
140,74,-9.49389
142,74,-9.50886
144,74,-10.3276
146,74,-11.802
148,74,-12.7891
150,74,-11.5731
152,74,-9.23975
154,74,-7.29603
156,74,-6.06062
158,74,-5.50059
160,74,-5.56886
162,74,-6.27841
164,74,-7.74262
166,74,-10.2695
168,74,-14.7269
170,74,-24.6588
172,74,-20.1377
174,74,-13.237
176,74,-9.87398
178,74,-7.97473
180,74,-6.92188
-180,76,-6.92188
-178,76,-6.43419
-176,76,-6.36167
-174,76,-6.59016
-172,76,-7.02505
-170,76,-7.57901
-168,76,-8.16924
-166,76,-8.72188
-164,76,-9.18063
-162,76,-9.51381
-160,76,-9.7137
-158,76,-9.78602
-156,76,-9.7349
-154,76,-9.55453
-152,76,-9.24114
-150,76,-8.82447
-148,76,-8.39076
-146,76,-8.07001
-144,76,-7.99983
-142,76,-8.29625
-140,76,-9.03846
-138,76,-10.2469
-136,76,-11.8126
-134,76,-13.3367
-132,76,-14.1067
-130,76,-13.7962
-128,76,-12.8877
-126,76,-11.9095
-124,76,-11.1113
-122,76,-10.6212
-120,76,-10.5484
-118,76,-11.0016
-116,76,-12.0756
-114,76,-13.7666
-112,76,-15.558
-110,76,-15.826
-108,76,-14.1379
-106,76,-12.1851
-104,76,-10.7986
-102,76,-10.0784
-100,76,-9.96172
-98,76,-10.3398
-96,76,-11.0143
-94,76,-11.6071
-92,76,-11.6458
-90,76,-11.0156
-88,76,-10.093
-86,76,-9.28403
-84,76,-8.78996
-82,76,-8.65574
-80,76,-8.81673
-78,76,-9.07743
-76,76,-9.09573
-74,76,-8.56626
-72,76,-7.53984
-70,76,-6.34972
-68,76,-5.27705
-66,76,-4.43612
-64,76,-3.81473
-62,76,-3.3212
-60,76,-2.82539
-58,76,-2.21629
-56,76,-1.45905
-54,76,-0.599251
-52,76,0.287083
-50,76,1.14147
-48,76,1.93797
-46,76,2.67602
-44,76,3.36778
-42,76,4.02728
-40,76,4.66303
-38,76,5.27429
-36,76,5.85171
-34,76,6.38133
-32,76,6.84974
-30,76,7.24767
-28,76,7.57064
-26,76,7.81729
-24,76,7.98676
-22,76,8.07713
-20,76,8.086
-18,76,8.01335
-16,76,7.86636
-14,76,7.66464
-12,76,7.44458
-10,76,7.25912
-8,76,7.16861
-6,76,7.22085
-4,76,7.42889
-2,76,7.76299
0,76,8.16368
2,76,8.56422
4,76,8.90708
6,76,9.14976
8,76,9.26373
10,76,9.2311
12,76,9.04237
14,76,8.69702
16,76,8.20858
18,76,7.61505
20,76,6.99261
22,76,6.46066
24,76,6.15265
26,76,6.14395
28,76,6.39641
30,76,6.78793
32,76,7.18705
34,76,7.49618
36,76,7.65437
38,76,7.62547
40,76,7.38773
42,76,6.92845
44,76,6.24295
46,76,5.33782
48,76,4.24055
50,76,3.02035
52,76,1.82069
54,76,0.872969
56,76,0.408402
58,76,0.473126
60,76,0.891131
62,76,1.43724
64,76,1.96467
66,76,2.40871
68,76,2.75045
70,76,2.98857
72,76,3.12508
74,76,3.15988
76,76,3.08971
78,76,2.90852
80,76,2.60797
82,76,2.17796
84,76,1.6075
86,76,0.886327
88,76,0.00800418
90,76,-1.02461
92,76,-2.18904
94,76,-3.42493
96,76,-4.60945
98,76,-5.55246
100,76,-6.0723
102,76,-6.14405
104,76,-5.9397
106,76,-5.69763
108,76,-5.60526
110,76,-5.77777
112,76,-6.27773
114,76,-7.13103
116,76,-8.32673
118,76,-9.79554
120,76,-11.3618
122,76,-12.7042
124,76,-13.4805
126,76,-13.647
128,76,-13.4708
130,76,-13.1421
132,76,-12.5685
134,76,-11.5808
136,76,-10.3096
138,76,-9.1525
140,76,-8.46267
142,76,-8.44758
144,76,-9.19343
146,76,-10.5503
148,76,-11.5941
150,76,-10.8228
152,76,-8.83541
154,76,-7.04019
156,76,-5.8686
158,76,-5.33851
160,76,-5.41938
162,76,-6.12939
164,76,-7.58266
166,76,-10.0833
168,76,-14.4821
170,76,-24.4093
172,76,-20.5349
174,76,-13.3441
176,76,-9.91321
178,76,-7.9871
180,76,-6.92188
-180,78,-6.92188
-178,78,-6.42942
-176,78,-6.35576
-174,78,-6.58556
-172,78,-7.02367
-170,78,-7.58284
-168,78,-8.18136
-166,78,-8.748
-164,78,-9.2302
-162,78,-9.59863
-160,78,-9.84228
-158,78,-9.95465
-156,78,-9.91972
-154,78,-9.71291
-152,78,-9.32868
-150,78,-8.81878
-148,78,-8.29981
-146,78,-7.91817
-144,78,-7.80762
-142,78,-8.06676
-140,78,-8.75013
-138,78,-9.85125
-136,78,-11.2532
-134,78,-12.6434
-132,78,-13.5234
-130,78,-13.5617
-128,78,-12.9159
-126,78,-11.9709
-124,78,-11.0523
-122,78,-10.3944
-120,78,-10.1608
-118,78,-10.4571
-116,78,-11.3231
-114,78,-12.6395
-112,78,-13.8343
-110,78,-13.8604
-108,78,-12.6485
-106,78,-11.2256
-104,78,-10.2055
-102,78,-9.73115
-100,78,-9.78079
-98,78,-10.2609
-96,78,-10.9745
-94,78,-11.5601
-92,78,-11.6132
-90,78,-11.08
-88,78,-10.312
-86,78,-9.66859
-84,78,-9.33064
-82,78,-9.33375
-80,78,-9.59206
-78,78,-9.8588
-76,78,-9.73537
-74,78,-8.9614
-72,78,-7.72337
-70,78,-6.41102
-68,78,-5.27776
-66,78,-4.40109
-64,78,-3.74617
-62,78,-3.21184
-60,78,-2.67014
-58,78,-2.02156
-56,78,-1.24297
-54,78,-0.382665
-52,78,0.489275
-50,78,1.32261
-48,78,2.09774
-46,78,2.81745
-44,78,3.49466
-42,78,4.14257
-40,78,4.76836
-38,78,5.37048
-36,78,5.93949
-34,78,6.46166
-32,78,6.92365
-30,78,7.31578
-28,78,7.63298
-26,78,7.87346
-24,78,8.03637
-22,78,8.12027
-20,78,8.12336
-18,78,8.04605
-16,78,7.89533
-14,78,7.69016
-12,78,7.46598
-10,78,7.27507
-8,78,7.17807
-6,78,7.22411
-4,78,7.428
-2,78,7.76106
0,78,8.16368
2,78,8.56804
4,78,8.91509
6,78,9.16079
8,78,9.27522
10,78,9.23956
12,78,9.04411
14,78,8.68928
16,78,8.19126
18,78,7.5932
20,78,6.9794
22,78,6.478
24,78,6.22414
26,78,6.28081
28,78,6.59051
30,78,7.01947
32,78,7.4355
34,78,7.74514
36,78,7.89167
38,78,7.84189
40,78,7.57602
42,78,7.08316
44,78,6.36134
46,78,5.42259
48,78,4.30615
50,78,3.10439
52,78,1.99507
54,78,1.2278
56,78,0.983787
58,78,1.21153
60,78,1.68891
62,78,2.21047
64,78,2.66359
66,78,3.00719
68,78,3.23553
70,78,3.35481
72,78,3.37187
74,78,3.29051
76,78,3.11101
78,78,2.83082
80,78,2.44477
82,78,1.94521
84,78,1.32234
86,78,0.565559
88,78,-0.334033
90,78,-1.37908
92,78,-2.55809
94,78,-3.83114
96,78,-5.10694
98,78,-6.2227
100,78,-6.97641
102,78,-7.25919
104,78,-7.17143
106,78,-6.94987
108,78,-6.81598
110,78,-6.91402
112,78,-7.3221
114,78,-8.07456
116,78,-9.1723
118,78,-10.5737
120,78,-12.151
122,78,-13.6068
124,78,-14.4897
126,78,-14.579
128,78,-14.1377
130,78,-13.4428
132,78,-12.4596
134,78,-11.1102
136,78,-9.61162
138,78,-8.34592
140,78,-7.60332
142,78,-7.54097
144,78,-8.21245
146,78,-9.46941
148,78,-10.5422
150,78,-10.1112
152,78,-8.43795
154,78,-6.79237
156,78,-5.68866
158,78,-5.19245
160,78,-5.28968
162,78,-6.00361
164,78,-7.44924
166,78,-9.92761
168,78,-14.275
170,78,-24.1574
172,78,-20.9071
174,78,-13.441
176,78,-9.94844
178,78,-7.99814
180,78,-6.92188
-180,80,-6.92188
-178,80,-6.42521
-176,80,-6.35018
-174,80,-6.58008
-172,80,-7.01911
-170,80,-7.58028
-168,80,-8.18369
-166,80,-8.76179
-164,80,-9.26661
-162,80,-9.67124
-160,80,-9.96051
-158,80,-10.1139
-156,80,-10.0933
-154,80,-9.85609
-152,80,-9.4002
-150,80,-8.80491
-148,80,-8.21571
-146,80,-7.78879
-144,80,-7.64823
-142,80,-7.872
-140,80,-8.48916
-138,80,-9.46992
-136,80,-10.7012
-134,80,-11.9596
-132,80,-12.9261
-130,80,-13.2865
-128,80,-12.911
-126,80,-11.9935
-124,80,-10.9395
-122,80,-10.1112
-120,80,-9.72479
-118,80,-9.87684
-116,80,-10.5647
-114,80,-11.616
-112,80,-12.5094
-110,80,-12.5128
-108,80,-11.6197
-106,80,-10.5397
-104,80,-9.76873
-102,80,-9.4639
-100,80,-9.62855
-98,80,-10.1884
-96,80,-10.9708
-94,80,-11.6557
-92,80,-11.8695
-90,80,-11.5228
-88,80,-10.9097
-86,80,-10.3751
-84,80,-10.1067
-82,80,-10.1404
-80,80,-10.3726
-78,80,-10.5242
-76,80,-10.1982
-74,80,-9.22143
-72,80,-7.8552
-70,80,-6.47478
-68,80,-5.29501
-66,80,-4.37169
-64,80,-3.66432
-62,80,-3.07653
-60,80,-2.49163
-58,80,-1.82062
-56,80,-1.04195
-54,80,-0.196317
-52,80,0.655702
-50,80,1.47003
-48,80,2.22946
-46,80,2.93686
-44,80,3.6041
-42,80,4.24313
-40,80,4.86032
-38,80,5.45407
-36,80,6.01544
-34,80,6.53121
-32,80,6.98797
-30,80,7.37547
-28,80,7.68786
-26,80,7.92279
-24,80,8.07948
-22,80,8.15708
-20,80,8.15454
-18,80,8.07277
-16,80,7.91874
-14,80,7.71078
-12,80,7.48341
-10,80,7.28827
-8,80,7.18605
-6,80,7.22699
-4,80,7.42737
-2,80,7.75948
0,80,8.16368
2,80,8.57127
4,80,8.92193
6,80,9.17024
8,80,9.28502
10,80,9.24659
12,80,9.04501
14,80,8.68159
16,80,8.17496
18,80,7.57312
20,80,6.96777
22,80,6.49456
24,80,6.28891
26,80,6.40164
28,80,6.75856
30,80,7.2171
32,80,7.64528
34,80,7.95333
36,80,8.08793
38,80,8.01816
40,80,7.72578
42,80,7.20132
44,80,6.44515
46,80,5.47452
48,80,4.3402
50,80,3.15695
52,80,2.13248
54,80,1.52264
56,80,1.45309
58,80,1.79791
60,80,2.31395
62,80,2.81614
64,80,3.21538
66,80,3.48516
68,80,3.62717
70,80,3.65124
72,80,3.56617
74,80,3.37711
76,80,3.08593
78,80,2.69223
80,80,2.19375
82,80,1.58612
84,80,0.862794
86,80,0.0159134
88,80,-0.96128
90,80,-2.06992
92,80,-3.29789
94,80,-4.607
96,80,-5.91358
98,80,-7.07212
100,80,-7.90119
102,80,-8.29239
104,80,-8.31789
106,80,-8.18513
108,80,-8.10267
110,80,-8.21039
112,80,-8.58163
114,80,-9.2464
116,80,-10.2115
118,80,-11.4683
120,80,-12.9634
122,80,-14.4871
124,80,-15.5384
126,80,-15.6357
128,80,-14.952
130,80,-13.8928
132,80,-12.5202
134,80,-10.8405
136,80,-9.12619
138,80,-7.73941
140,80,-6.92348
142,80,-6.79888
144,80,-7.39554
146,80,-8.56816
148,80,-9.65458
150,80,-9.47591
152,80,-8.06785
154,80,-6.56047
156,80,-5.52299
158,80,-5.06212
160,80,-5.1784
162,80,-5.89935
164,80,-7.34055
166,80,-9.80063
168,80,-14.1037
170,80,-23.9192
172,80,-21.2468
174,80,-13.5267
176,80,-9.97952
178,80,-8.00783
180,80,-6.92188
-180,82,-6.92188
-178,82,-6.42154
-176,82,-6.34491
-174,82,-6.5737
-172,82,-7.01132
-170,82,-7.57125
-168,82,-8.17601
-166,82,-8.76264
-164,82,-9.28842
-162,82,-9.72883
-160,82,-10.0638
-158,82,-10.2574
-156,82,-10.2485
-154,82,-9.97827
-152,82,-9.4541
-150,82,-8.78595
-148,82,-8.14419
-146,82,-7.68817
-144,82,-7.52827
-142,82,-7.7208
-140,82,-8.27142
-138,82,-9.13471
-136,82,-10.2139
-134,82,-11.3691
-132,82,-12.4121
-130,82,-13.0477
-128,82,-12.9179
-126,82,-12.0184
-124,82,-10.8383
-122,82,-9.87259
-120,82,-9.37775
-118,82,-9.43858
-116,82,-10.027
-114,82,-10.9552
-112,82,-11.7479
-110,82,-11.7931
-108,82,-11.0655
-106,82,-10.1385
-104,82,-9.46081
-102,82,-9.19914
-100,82,-9.37576
-98,82,-9.94331
-96,82,-10.7784
-94,82,-11.6318
-92,82,-12.1419
-90,82,-12.0843
-88,82,-11.6189
-86,82,-11.0902
-84,82,-10.7349
-82,82,-10.6204
-80,82,-10.662
-78,82,-10.6204
-76,82,-10.1756
-74,82,-9.18911
-72,82,-7.85846
-70,82,-6.4927
-68,82,-5.29014
-66,82,-4.31609
-64,82,-3.54678
-62,82,-2.90464
-60,82,-2.28943
-58,82,-1.6183
-56,82,-0.861441
-54,82,-0.0443418
-52,82,0.78349
-50,82,1.58139
-48,82,2.33069
-46,82,3.03134
-44,82,3.6928
-42,82,4.32563
-40,82,4.93597
-38,82,5.52281
-36,82,6.07808
-34,82,6.58906
-32,82,7.04216
-30,82,7.42637
-28,82,7.73493
-26,82,7.96497
-24,82,8.11584
-22,82,8.18738
-20,82,8.17943
-18,82,8.0935
-16,82,7.93659
-14,82,7.72649
-12,82,7.49687
-10,82,7.29864
-8,82,7.19249
-6,82,7.22943
-4,82,7.42696
-2,82,7.75825
0,82,8.16368
2,82,8.57392
4,82,8.92759
6,82,9.17811
8,82,9.29319
10,82,9.2523
12,82,9.04531
14,82,8.67426
16,82,8.16005
18,82,7.55499
20,82,6.95732
22,82,6.50884
24,82,6.34434
26,82,6.50347
28,82,6.89829
30,82,7.3797
32,82,7.81634
34,82,8.1215
36,82,8.24453
38,82,8.1563
40,82,7.83966
42,82,7.2861
44,82,6.49772
46,82,5.49594
48,82,4.34161
50,82,3.16947
52,82,2.21266
54,82,1.72778
56,82,1.79079
58,82,2.222
60,82,2.76868
62,82,3.26184
64,82,3.62813
66,82,3.85023
68,82,3.93435
70,82,3.89229
72,82,3.73344
74,82,3.46273
76,82,3.08141
78,82,2.58849
80,82,1.98153
82,82,1.25676
84,82,0.409013
86,82,-0.567242
88,82,-1.6751
90,82,-2.9094
92,82,-4.24647
94,82,-5.62785
96,82,-6.941
98,82,-8.01932
100,82,-8.70702
102,82,-8.97843
104,82,-8.97422
106,82,-8.8976
108,82,-8.90624
110,82,-9.08147
112,82,-9.44485
114,82,-9.99152
116,82,-10.7301
118,82,-11.71
120,82,-12.9999
122,82,-14.5706
124,82,-16.0367
126,82,-16.5805
128,82,-15.9022
130,82,-14.53
132,82,-12.7736
134,82,-10.7714
136,82,-8.8408
138,82,-7.32071
140,82,-6.41612
142,82,-6.21916
144,82,-6.74229
146,82,-7.84332
148,82,-8.93412
150,82,-8.93764
152,82,-7.74047
154,82,-6.35142
156,82,-5.37398
158,82,-4.94762
160,82,-5.08456
162,82,-5.81514
164,82,-7.255
166,82,-9.70069
168,82,-13.9662
170,82,-23.7055
172,82,-21.546
174,82,-13.6007
176,82,-10.0063
178,82,-8.01614
180,82,-6.92188
-180,84,-6.92188
-178,84,-6.41843
-176,84,-6.33995
-174,84,-6.56643
-172,84,-7.00036
-170,84,-7.55581
-168,84,-8.15831
-166,84,-8.7502
-164,84,-9.29444
-162,84,-9.76877
-160,84,-10.1476
-158,84,-10.3788
-156,84,-10.3785
-154,84,-10.0749
-152,84,-9.4901
-150,84,-8.76496
-148,84,-8.08898
-146,84,-7.6192
-144,84,-7.45037
-142,84,-7.61833
-140,84,-8.10966
-138,84,-8.87228
-136,84,-9.83469
-134,84,-10.9276
-132,84,-12.0521
-130,84,-12.9236
-128,84,-13.0039
-126,84,-12.1086
-124,84,-10.8201
-122,84,-9.75753
-120,84,-9.20253
-118,84,-9.22836
-116,84,-9.79787
-114,84,-10.7319
-112,84,-11.5841
-110,84,-11.7358
-108,84,-11.0761
-106,84,-10.1386
-104,84,-9.39725
-102,84,-9.04595
-100,84,-9.12938
-98,84,-9.63141
-96,84,-10.4837
-94,84,-11.5121
-92,84,-12.3628
-90,84,-12.6154
-88,84,-12.2075
-86,84,-11.506
-84,84,-10.8742
-82,84,-10.4647
-80,84,-10.2529
-78,84,-10.0765
-76,84,-9.68344
-74,84,-8.88568
-72,84,-7.7327
-70,84,-6.45072
-68,84,-5.24747
-66,84,-4.22617
-64,84,-3.39755
-62,84,-2.71045
-60,84,-2.08105
-58,84,-1.42795
-56,84,-0.707552
-54,84,0.072987
-52,84,0.875119
-50,84,1.65929
-48,84,2.40265
-46,84,3.10042
-44,84,3.75895
-42,84,4.38768
-40,84,4.99301
-38,84,5.57491
-36,84,6.1262
-34,84,6.63448
-32,84,7.08576
-30,84,7.4681
-28,84,7.77383
-26,84,7.99965
-24,84,8.14517
-22,84,8.21101
-20,84,8.19797
-18,84,8.10824
-16,84,7.94891
-14,84,7.73731
-12,84,7.50632
-10,84,7.30617
-8,84,7.19735
-6,84,7.2314
-4,84,7.42678
-2,84,7.75736
0,84,8.16368
2,84,8.57597
4,84,8.93207
6,84,9.18442
8,84,9.29975
10,84,9.2568
12,84,9.04518
14,84,8.66758
16,84,8.14685
18,84,7.539
20,84,6.94769
22,84,6.51956
24,84,6.38829
26,84,6.58404
28,84,7.00806
30,84,7.50654
32,84,7.94881
34,84,8.2505
36,84,8.36303
38,84,8.2586
40,84,7.92082
42,84,7.34165
44,84,6.52407
46,84,5.49227
48,84,4.31475
50,84,3.1428
52,84,2.23123
54,84,1.83759
56,84,1.99903
58,84,2.497
60,84,3.0728
62,84,3.5682
64,84,3.91989
66,84,4.11648
68,84,4.16743
70,84,4.08642
72,84,3.88383
74,84,3.56455
76,84,3.12857
78,84,2.57237
80,84,1.89004
82,84,1.07376
84,84,0.11425
86,84,-0.997894
88,84,-2.26856
90,84,-3.69197
92,84,-5.23363
94,84,-6.79901
96,84,-8.19718
98,84,-9.16677
100,84,-9.55481
102,84,-9.48656
104,84,-9.24847
106,84,-9.07275
108,84,-9.0669
110,84,-9.23564
112,84,-9.52361
114,84,-9.87823
116,84,-10.3235
118,84,-10.9865
120,84,-12.0462
122,84,-13.6293
124,84,-15.5966
126,84,-17.0896
128,84,-16.8916
130,84,-15.2987
132,84,-13.1542
134,84,-10.8431
136,84,-8.71008
138,84,-7.05943
140,84,-6.06309
142,84,-5.79217
144,84,-6.24705
146,84,-7.28845
148,84,-8.37781
150,84,-8.5073
152,84,-7.46663
154,84,-6.1709
156,84,-5.24397
158,84,-4.84938
160,84,-5.00752
162,84,-5.74982
164,84,-7.19119
166,84,-9.62629
168,84,-13.8611
170,84,-23.5233
172,84,-21.7966
174,84,-13.6622
176,84,-10.0286
178,84,-8.02304
180,84,-6.92188
-180,86,-6.92188
-178,86,-6.41586
-176,86,-6.33531
-174,86,-6.55832
-172,86,-6.98632
-170,86,-7.53415
-168,86,-8.13078
-166,86,-8.7244
-164,86,-9.28383
-162,86,-9.78877
-160,86,-10.2076
-158,86,-10.4723
-156,86,-10.4774
-154,86,-10.1427
-152,86,-9.50842
-150,86,-8.7438
-148,86,-8.05104
-146,86,-7.5812
-144,86,-7.41369
-142,86,-7.56688
-140,86,-8.01379
-138,86,-8.70309
-136,86,-9.59084
-134,86,-10.6621
-132,86,-11.8746
-130,86,-12.9448
-128,86,-13.1868
-126,86,-12.2719
-124,86,-10.8908
-122,86,-9.76686
-120,86,-9.19085
-118,86,-9.22625
-116,86,-9.84066
-114,86,-10.8842
-112,86,-11.9381
-110,86,-12.2861
-108,86,-11.637
-106,86,-10.5526
-104,86,-9.61948
-102,86,-9.08622
-100,86,-9.02091
-98,86,-9.43216
-96,86,-10.2931
-94,86,-11.4865
-92,86,-12.6566
-90,86,-13.1509
-88,86,-12.6341
-86,86,-11.5897
-84,86,-10.6003
-82,86,-9.90754
-80,86,-9.51843
-78,86,-9.30629
-76,86,-9.044
-74,86,-8.48641
-72,86,-7.54736
-70,86,-6.37051
-68,86,-5.17774
-66,86,-4.1193
-64,86,-3.24473
-62,86,-2.52779
-60,86,-1.8971
-58,86,-1.26978
-56,86,-0.588476
-54,86,0.15635
-52,86,0.93532
-50,86,1.70859
-48,86,2.44831
-46,86,3.14477
-44,86,3.80155
-42,86,4.42748
-40,86,5.02962
-38,86,5.60891
-36,86,6.15879
-34,86,6.6668
-32,86,7.11825
-30,86,7.50019
-28,86,7.80412
-26,86,8.02646
-24,86,8.16718
-22,86,8.22779
-20,86,8.2101
-18,86,8.11699
-16,86,7.95574
-14,86,7.74328
-12,86,7.51179
-10,86,7.31082
-8,86,7.20058
-6,86,7.23288
-4,86,7.4268
-2,86,7.75681
0,86,8.16368
2,86,8.57742
4,86,8.93536
6,86,9.18916
8,86,9.30474
10,86,9.26016
12,86,9.04479
14,86,8.66182
16,86,8.13567
18,86,7.52532
20,86,6.93863
22,86,6.52575
24,86,6.41912
26,86,6.64164
28,86,7.08669
30,86,7.59718
32,86,8.04293
34,86,8.34122
36,86,8.44497
38,86,8.3274
40,86,7.97259
42,86,7.37257
44,86,6.53037
46,86,5.47137
48,86,4.26902
50,86,3.087
52,86,2.19844
54,86,1.86499
56,86,2.09725
58,86,2.64832
60,86,3.25356
62,86,3.7604
64,86,4.11131
66,86,4.29858
68,86,4.33423
70,86,4.23432
72,86,4.01131
74,86,3.67124
76,86,3.2135
78,86,2.63179
80,86,1.9152
82,86,1.049
84,86,0.015138
86,86,-1.20679
88,86,-2.63703
90,86,-4.28797
92,86,-6.14153
94,86,-8.08794
96,86,-9.80973
98,86,-10.7811
100,86,-10.7675
102,86,-10.1837
104,86,-9.55482
106,86,-9.14123
108,86,-8.99219
110,86,-9.04009
112,86,-9.16708
114,86,-9.29642
116,86,-9.48331
118,86,-9.9119
120,86,-10.8102
122,86,-12.3722
124,86,-14.6462
126,86,-17.0568
128,86,-17.6989
130,86,-15.989
132,86,-13.4929
134,86,-10.9435
136,86,-8.6643
138,86,-6.91315
140,86,-5.83966
142,86,-5.50442
144,86,-5.90225
146,86,-6.89714
148,86,-7.98161
150,86,-8.19033
152,86,-7.25346
154,86,-6.02321
156,86,-5.13506
158,86,-4.76805
160,86,-4.94692
162,86,-5.70245
164,86,-7.14793
166,86,-9.57615
168,86,-13.7867
170,86,-23.3766
172,86,-21.9914
174,86,-13.7108
176,86,-10.0464
178,86,-8.02853
180,86,-6.92188
-180,88,-6.92188
-178,88,-6.41384
-176,88,-6.33101
-174,88,-6.54942
-172,88,-6.96936
-170,88,-7.50656
-168,88,-8.09383
-166,88,-8.6855
-164,88,-9.25615
-162,88,-9.78703
-160,88,-10.2403
-158,88,-10.5326
-156,88,-10.5404
-154,88,-10.1793
-152,88,-9.50923
-150,88,-8.72273
-148,88,-8.02873
-146,88,-7.57065
-144,88,-7.41479
-142,88,-7.56645
-140,88,-7.99058
-138,88,-8.64039
-136,88,-9.4948
-134,88,-10.574
-132,88,-11.8646
-130,88,-13.0701
-128,88,-13.3905
-126,88,-12.424
-124,88,-10.9744
-122,88,-9.82482
-120,88,-9.25739
-118,88,-9.32701
-116,88,-10.0124
-114,88,-11.202
-112,88,-12.5133
-110,88,-13.1011
-108,88,-12.419
-106,88,-11.1092
-104,88,-9.94047
-102,88,-9.21958
-100,88,-9.02372
-98,88,-9.36955
-96,88,-10.2515
-94,88,-11.5878
-92,88,-13.0131
-90,88,-13.6442
-88,88,-12.9054
-86,88,-11.5089
-84,88,-10.2481
-82,88,-9.38703
-80,88,-8.91889
-78,88,-8.71779
-76,88,-8.56197
-74,88,-8.17506
-72,88,-7.38947
-70,88,-6.28987
-68,88,-5.10677
-66,88,-4.02609
-64,88,-3.12555
-62,88,-2.39506
-60,88,-1.7699
-58,88,-1.16501
-56,88,-0.513383
-54,88,0.205586
-52,88,0.968206
-50,88,1.73371
-48,88,2.47033
-46,88,3.16497
-44,88,3.81976
-42,88,4.44362
-40,88,5.04441
-38,88,5.62373
-36,88,6.17507
-34,88,6.6854
-32,88,7.13906
-30,88,7.52208
-28,88,7.82527
-26,88,8.04492
-24,88,8.18153
-22,88,8.23754
-20,88,8.21576
-18,88,8.1198
-16,88,7.95714
-14,88,7.74444
-12,88,7.51329
-10,88,7.3126
-8,88,7.20217
-6,88,7.23384
-4,88,7.42701
-2,88,7.75661
0,88,8.16368
2,88,8.57828
4,88,8.93745
6,88,9.19233
8,88,9.30817
10,88,9.26244
12,88,9.04427
14,88,8.65719
16,88,8.12678
18,88,7.51417
20,88,6.93004
22,88,6.52676
24,88,6.43575
26,88,6.67516
28,88,7.13342
30,88,7.65133
32,88,8.09891
34,88,8.39439
36,88,8.4917
38,88,8.3648
40,88,7.99805
42,88,7.38324
44,88,6.52282
46,88,5.44207
48,88,4.21661
50,88,3.01797
52,88,2.13357
54,88,1.83274
56,88,2.11173
58,88,2.70372
60,88,3.33716
62,88,3.86079
64,88,4.21943
66,88,4.40719
68,88,4.4381
70,88,4.33079
72,88,4.10061
74,88,3.7558
76,88,3.29614
78,88,2.71336
80,88,1.99212
82,88,1.11104
84,88,0.043142
86,88,-1.24435
88,88,-2.79069
90,88,-4.64024
92,88,-6.82815
94,88,-9.30708
96,88,-11.6802
98,88,-12.8699
100,88,-12.315
102,88,-11.0631
104,88,-9.98821
106,88,-9.314
108,88,-8.99948
110,88,-8.90553
112,88,-8.86836
114,88,-8.80553
116,88,-8.80291
118,88,-9.0759
120,88,-9.86623
122,88,-11.3856
124,88,-13.762
126,88,-16.6467
128,88,-17.9491
130,88,-16.2244
132,88,-13.5613
134,88,-10.9448
136,88,-8.62954
138,88,-6.83821
140,88,-5.72054
142,88,-5.34217
144,88,-5.70068
146,88,-6.66445
148,88,-7.7424
150,88,-7.98925
152,88,-7.10524
154,88,-5.91138
156,88,-5.04906
158,88,-4.7044
160,88,-4.90268
162,88,-5.67235
164,88,-7.12422
166,88,-9.54915
168,88,-13.7421
170,88,-23.2676
172,88,-22.1241
174,88,-13.7459
176,88,-10.0596
178,88,-8.03257
180,88,-6.92188
-180,90,-6.92188
-178,90,-6.41239
-176,90,-6.32706
-174,90,-6.53981
-172,90,-6.9497
-170,90,-7.47348
-168,90,-8.04806
-166,90,-8.63404
-164,90,-9.21143
-162,90,-9.76241
-160,90,-10.243
-158,90,-10.556
-156,90,-10.564
-154,90,-10.1835
-152,90,-9.49267
-150,90,-8.70091
-148,90,-8.01889
-146,90,-7.58252
-144,90,-7.44876
-142,90,-7.61516
-140,90,-8.04325
-138,90,-8.69043
-136,90,-9.5476
-134,90,-10.6475
-132,90,-11.9766
-130,90,-13.2049
-128,90,-13.4777
-126,90,-12.4405
-124,90,-10.9711
-122,90,-9.83766
-120,90,-9.29837
-118,90,-9.40028
-116,90,-10.1263
-114,90,-11.3794
-112,90,-12.788
-110,90,-13.4457
-108,90,-12.7064
-106,90,-11.2797
-104,90,-10.0146
-102,90,-9.22994
-100,90,-8.99872
-98,90,-9.33626
-96,90,-10.241
-94,90,-11.6376
-92,90,-13.1437
-90,90,-13.7725
-88,90,-12.8989
-86,90,-11.3735
-84,90,-10.042
-82,90,-9.15172
-80,90,-8.68197
-78,90,-8.50295
-76,90,-8.39135
-74,90,-8.06031
-72,90,-7.32005
-70,90,-6.2415
-68,90,-5.06085
-66,90,-3.97566
-64,90,-3.07154
-62,90,-2.3422
-60,90,-1.72394
-58,90,-1.13015
-56,90,-0.490432
-54,90,0.218932
-52,90,0.975166
-50,90,1.73642
-48,90,2.4695
-46,90,3.16073
-44,90,3.81265
-42,90,4.43507
-40,90,5.03654
-38,90,5.61873
-36,90,6.1745
-34,90,6.68976
-32,90,7.14761
-30,90,7.53314
-28,90,7.83666
-26,90,8.05454
-24,90,8.18788
-22,90,8.24008
-20,90,8.21492
-18,90,8.11671
-16,90,7.9532
-14,90,7.74088
-12,90,7.51086
-10,90,7.3115
-8,90,7.20212
-6,90,7.23428
-4,90,7.42741
-2,90,7.75674
0,90,8.16368
2,90,8.57854
4,90,8.93834
6,90,9.19393
8,90,9.31006
10,90,9.26371
12,90,9.04374
14,90,8.65388
16,90,8.12044
18,90,7.50577
20,90,6.92198
22,90,6.52231
24,90,6.43761
26,90,6.68397
28,90,7.14779
30,90,7.66883
32,90,8.1169
34,90,8.41055
36,90,8.50423
38,90,8.37239
40,90,7.99956
42,90,7.37712
44,90,6.50661
46,90,5.41217
48,90,4.16918
50,90,2.9521
52,90,2.05722
54,90,1.76375
56,90,2.06565
58,90,2.68465
60,90,3.34168
62,90,3.88313
64,90,4.2533
66,90,4.44651
68,90,4.47792
70,90,4.36839
72,90,4.1362
74,90,3.79226
76,90,3.33775
78,90,2.76386
80,90,2.05291
82,90,1.17967
84,90,0.112208
86,90,-1.18889
88,90,-2.77295
90,90,-4.70263
92,90,-7.05009
94,90,-9.83824
96,90,-12.7065
98,90,-14.1433
100,90,-13.1937
102,90,-11.5338
104,90,-10.2434
106,90,-9.4684
108,90,-9.10036
110,90,-8.95399
112,90,-8.8351
114,90,-8.65917
116,90,-8.53645
118,90,-8.70498
120,90,-9.4125
122,90,-10.8678
124,90,-13.198
126,90,-16.0645
128,90,-17.3978
130,90,-15.7589
132,90,-13.2417
134,90,-10.7783
136,90,-8.55976
138,90,-6.80415
140,90,-5.68701
142,90,-5.29506
144,90,-5.63725
146,90,-6.58768
148,90,-7.65862
150,90,-7.90495
152,90,-7.02396
154,90,-5.83726
156,90,-4.98742
158,90,-4.65926
160,90,-4.87492
162,90,-5.65905
164,90,-7.11925
166,90,-9.54435
168,90,-13.7261
170,90,-23.1974
172,90,-22.1906
174,90,-13.7674
176,90,-10.068
178,90,-8.03517
180,90,-6.92188
-180,92,-6.92188
-178,92,-6.41148
-176,92,-6.3235
-174,92,-6.52962
-172,92,-6.92762
-170,92,-7.43541
-168,92,-7.99424
-166,92,-8.57087
-164,92,-9.15018
-162,92,-9.71457
-160,92,-10.2139
-158,92,-10.5401
-156,92,-10.5467
-154,92,-10.1552
-152,92,-9.45924
-150,92,-8.67734
-148,92,-8.0182
-146,92,-7.61172
-144,92,-7.51025
-142,92,-7.7095
-140,92,-8.17138
-138,92,-8.85389
-136,92,-9.74459
-134,92,-10.8629
-132,92,-12.1629
-130,92,-13.2682
-128,92,-13.3711
-126,92,-12.2809
-124,92,-10.8562
-122,92,-9.777
-120,92,-9.27253
-118,92,-9.3843
-116,92,-10.0857
-114,92,-11.2516
-112,92,-12.4707
-110,92,-12.9093
-108,92,-12.1398
-106,92,-10.8365
-104,92,-9.70954
-102,92,-9.036
-100,92,-8.88572
-98,92,-9.27167
-96,92,-10.1796
-94,92,-11.5044
-92,92,-12.8404
-90,92,-13.3267
-88,92,-12.5404
-86,92,-11.2073
-84,92,-10.0361
-82,92,-9.25667
-80,92,-8.85573
-78,92,-8.70265
-76,92,-8.56722
-74,92,-8.16962
-72,92,-7.35788
-70,92,-6.24028
-68,92,-5.05567
-66,92,-3.98508
-64,92,-3.09948
-62,92,-2.38403
-60,92,-1.77101
-58,92,-1.17364
-56,92,-0.525046
-54,92,0.19311
-52,92,0.954038
-50,92,1.71498
-48,92,2.44428
-46,92,3.1308
-44,92,3.77941
-42,92,4.40145
-40,92,5.00592
-38,92,5.59389
-36,92,6.15695
-34,92,6.67949
-32,92,7.14334
-30,92,7.53272
-28,92,7.83766
-26,92,8.0548
-24,92,8.1859
-22,92,8.23526
-20,92,8.20755
-18,92,8.10777
-16,92,7.944
-14,92,7.73266
-12,92,7.50457
-10,92,7.30758
-8,92,7.20044
-6,92,7.23419
-4,92,7.428
-2,92,7.75721
0,92,8.16368
2,92,8.57819
4,92,8.93803
6,92,9.19396
8,92,9.31041
10,92,9.26396
12,92,9.04325
14,92,8.65202
16,92,8.11685
18,92,7.50037
20,92,6.91466
22,92,6.51251
24,92,6.42466
26,92,6.66796
28,92,7.12968
30,92,7.64957
32,92,8.09693
34,92,8.38993
36,92,8.48308
38,92,8.35107
40,92,7.97848
42,92,7.35627
44,92,6.48491
46,92,5.38677
48,92,4.13477
50,92,2.90115
52,92,1.9841
54,92,1.67296
56,92,1.97165
58,92,2.60031
60,92,3.27265
62,92,3.82952
64,92,4.21218
66,92,4.41359
68,92,4.44896
70,92,4.34051
72,92,4.10886
74,92,3.76756
76,92,3.32
78,92,2.75866
80,92,2.06631
82,92,1.21783
84,92,0.18184
86,92,-1.07898
88,92,-2.60858
90,92,-4.45712
92,92,-6.66866
94,92,-9.21012
96,92,-11.6913
98,92,-12.9646
100,92,-12.3988
102,92,-11.1335
104,92,-10.0871
106,92,-9.47209
108,92,-9.22489
110,92,-9.17079
112,92,-9.10304
114,92,-8.9253
116,92,-8.75889
118,92,-8.86384
120,92,-9.49782
122,92,-10.8561
124,92,-13.0042
126,92,-15.4492
128,92,-16.3046
130,92,-14.8171
132,92,-12.6566
134,92,-10.4883
136,92,-8.46121
138,92,-6.80543
140,92,-5.73255
142,92,-5.35892
144,92,-5.71038
146,92,-6.66695
148,92,-7.73068
150,92,-7.93734
152,92,-7.0098
154,92,-5.80169
156,92,-4.95124
158,92,-4.63345
160,92,-4.86391
162,92,-5.66228
164,92,-7.13244
166,92,-9.56104
168,92,-13.738
170,92,-23.1658
172,92,-22.1894
174,92,-13.775
176,92,-10.0717
178,92,-8.0363
180,92,-6.92188
-180,94,-6.92188
-178,94,-6.41115
-176,94,-6.32036
-174,94,-6.51896
-172,94,-6.90343
-170,94,-7.39298
-168,94,-7.93331
-166,94,-8.49712
-164,94,-9.07339
-162,94,-9.64401
-160,94,-10.1531
-158,94,-10.4845
-156,94,-10.4891
-154,94,-10.0962
-152,94,-9.41048
-150,94,-8.65201
-148,94,-8.02462
-146,94,-7.65442
-144,94,-7.59434
-142,94,-7.84445
-140,94,-8.37082
-138,94,-9.1276
-136,94,-10.0814
-134,94,-11.2093
-132,94,-12.4051
-130,94,-13.2647
-128,94,-13.1448
-126,94,-12.0472
-124,94,-10.7151
-122,94,-9.708
-120,94,-9.2327
-118,94,-9.3314
-116,94,-9.96456
-114,94,-10.9649
-112,94,-11.8844
-110,94,-12.0409
-108,94,-11.2736
-106,94,-10.1742
-104,94,-9.2755
-102,94,-8.7938
-100,94,-8.78539
-98,94,-9.24905
-96,94,-10.1376
-94,94,-11.2909
-92,94,-12.2998
-90,94,-12.5702
-88,94,-11.9664
-86,94,-11.0035
-84,94,-10.1614
-82,94,-9.6212
-80,94,-9.36686
-78,94,-9.25336
-76,94,-9.0324
-74,94,-8.45689
-72,94,-7.47743
-70,94,-6.27802
-68,94,-5.08977
-66,94,-4.05311
-64,94,-3.2067
-62,94,-2.51702
-60,94,-1.90803
-58,94,-1.29422
-56,94,-0.618656
-54,94,0.124259
-52,94,0.899836
-50,94,1.6648
-48,94,2.39148
-46,94,3.07363
-44,94,3.71986
-42,94,4.34342
-40,94,4.95346
-38,94,5.54994
-36,94,6.12273
-34,94,6.6545
-32,94,7.1258
-30,94,7.52021
-28,94,7.82769
-26,94,8.04524
-24,94,8.17529
-22,94,8.22294
-20,94,8.19366
-18,94,8.09308
-16,94,7.92963
-14,94,7.71988
-12,94,7.49447
-10,94,7.30086
-8,94,7.19715
-6,94,7.23359
-4,94,7.42879
-2,94,7.75802
0,94,8.16368
2,94,8.57724
4,94,8.93651
6,94,9.1924
8,94,9.3092
10,94,9.26322
12,94,9.04284
14,94,8.65169
16,94,8.11616
18,94,7.49824
20,94,6.90845
22,94,6.49785
24,94,6.39743
26,94,6.62755
28,94,7.07928
30,94,7.59357
32,94,8.03892
34,94,8.33246
36,94,8.42824
38,94,8.30089
40,94,7.93497
42,94,7.32105
44,94,6.45848
46,94,5.36737
48,94,4.11614
50,94,2.86947
52,94,1.9193
54,94,1.56369
56,94,1.82913
58,94,2.44619
60,94,3.12264
62,94,3.6908
64,94,4.08639
66,94,4.2995
68,94,4.34429
70,94,4.24335
72,94,4.01876
74,94,3.68636
76,94,3.25224
78,94,2.71173
80,94,2.0505
82,94,1.24689
84,94,0.274341
86,94,-0.896427
88,94,-2.29499
90,94,-3.94499
92,94,-5.84354
94,94,-7.89825
96,94,-9.78582
98,94,-10.8973
100,94,-10.9155
102,94,-10.3218
104,94,-9.72276
106,94,-9.39349
108,94,-9.3605
110,94,-9.5018
112,94,-9.61699
114,94,-9.57488
116,94,-9.46738
118,94,-9.56048
120,94,-10.1243
122,94,-11.3319
124,94,-13.1432
126,94,-14.8927
128,94,-15.1496
130,94,-13.8333
132,94,-12.0535
134,94,-10.1979
136,94,-8.38726
138,94,-6.86261
140,94,-5.86462
142,94,-5.53693
144,94,-5.92276
146,94,-6.90564
148,94,-7.96107
150,94,-8.08543
152,94,-7.06126
154,94,-5.80462
156,94,-4.94124
158,94,-4.62774
160,94,-4.87004
162,94,-5.68199
164,94,-7.16336
166,94,-9.59867
168,94,-13.7773
170,94,-23.1723
172,94,-22.1213
174,94,-13.7686
176,94,-10.0706
178,94,-8.03597
180,94,-6.92188
-180,96,-6.92188
-178,96,-6.41138
-176,96,-6.31768
-174,96,-6.50798
-172,96,-6.87749
-170,96,-7.34687
-168,96,-7.86633
-166,96,-8.41415
-164,96,-8.98254
-162,96,-9.55212
-160,96,-10.0619
-158,96,-10.3912
-156,96,-10.394
-154,96,-10.0101
-152,96,-9.34936
-150,96,-8.62666
-148,96,-8.0384
-146,96,-7.70908
-144,96,-7.69724
-142,96,-8.01362
-140,96,-8.63347
-138,96,-9.50497
-136,96,-10.557
-134,96,-11.6929
-132,96,-12.7275
-130,96,-13.2822
-128,96,-12.9585
-126,96,-11.8952
-124,96,-10.6716
-122,96,-9.73295
-120,96,-9.27528
-118,96,-9.35228
-116,96,-9.92201
-114,96,-10.7907
-112,96,-11.4937
-110,96,-11.4612
-108,96,-10.6892
-106,96,-9.72561
-104,96,-9.00219
-102,96,-8.68793
-100,96,-8.81556
-98,96,-9.35427
-96,96,-10.2053
-94,96,-11.143
-92,96,-11.7838
-90,96,-11.8083
-88,96,-11.3171
-86,96,-10.6923
-84,96,-10.2228
-82,96,-10.0056
-80,96,-9.9808
-78,96,-9.94742
-76,96,-9.61408
-74,96,-8.79966
-72,96,-7.61346
-70,96,-6.32496
-68,96,-5.14355
-66,96,-4.15875
-64,96,-3.36969
-62,96,-2.71818
-60,96,-2.11623
-58,96,-1.48025
-56,96,-0.767678
-54,96,0.00960828
-52,96,0.806873
-50,96,1.58051
-48,96,2.30789
-46,96,2.98851
-44,96,3.63516
-42,96,4.26303
-40,96,4.88125
-38,96,5.48847
-36,96,6.07273
-34,96,6.615
-32,96,7.09477
-30,96,7.49518
-28,96,7.80628
-26,96,8.02549
-24,96,8.15584
-22,96,8.20306
-20,96,8.17328
-18,96,8.07269
-16,96,7.91021
-14,96,7.70263
-12,96,7.48065
-10,96,7.2914
-8,96,7.19228
-6,96,7.2325
-4,96,7.42976
-2,96,7.75917
0,96,8.16368
2,96,8.5757
4,96,8.93378
6,96,9.18925
8,96,9.30642
10,96,9.26144
12,96,9.04249
14,96,8.65291
16,96,8.11848
18,96,7.49961
20,96,6.90387
22,96,6.47916
24,96,6.35696
26,96,6.56365
28,96,6.99715
30,96,7.50098
32,96,7.94269
34,96,8.23776
36,96,8.33915
38,96,8.2211
40,96,7.86805
42,96,7.27019
44,96,6.42578
46,96,5.35214
48,96,4.11113
50,96,2.85458
52,96,1.85954
54,96,1.42977
56,96,1.62719
58,96,2.20736
60,96,2.87474
62,96,3.44996
64,96,3.86042
66,96,4.09187
68,96,4.15653
70,96,4.07653
72,96,3.87466
74,96,3.56848
76,96,3.16672
78,96,2.66807
80,96,2.06213
82,96,1.33184
84,96,0.456495
86,96,-0.585172
88,96,-1.81103
90,96,-3.2284
92,96,-4.81769
94,96,-6.49657
96,96,-8.06317
98,96,-9.19276
100,96,-9.65602
102,96,-9.59365
104,96,-9.37095
106,96,-9.26927
108,96,-9.39847
110,96,-9.72224
112,96,-10.0938
114,96,-10.3507
116,96,-10.4813
118,96,-10.68
120,96,-11.2023
122,96,-12.191
124,96,-13.4986
126,96,-14.4459
128,96,-14.232
130,96,-13.0891
132,96,-11.6283
134,96,-10.0319
136,96,-8.40892
138,96,-7.01252
140,96,-6.10167
142,96,-5.83896
144,96,-6.28137
146,96,-7.31079
148,96,-8.35451
150,96,-8.34698
152,96,-7.17516
154,96,-5.84509
156,96,-4.9578
158,96,-4.6428
160,96,-4.89379
162,96,-5.71826
164,96,-7.21182
166,96,-9.65691
168,96,-13.8437
170,96,-23.2155
172,96,-21.9899
174,96,-13.7484
176,96,-10.0648
178,96,-8.03417
180,96,-6.92188
-180,98,-6.92188
-178,98,-6.41218
-176,98,-6.31551
-174,98,-6.49685
-172,98,-6.8502
-170,98,-7.29782
-168,98,-7.79446
-166,98,-8.32351
-164,98,-8.87951
-162,98,-9.44109
-160,98,-9.94296
-158,98,-10.2637
-156,98,-10.2661
-154,98,-9.90165
-152,98,-9.28032
-150,98,-8.60503
-148,98,-8.0624
-146,98,-7.77688
-144,98,-7.8168
-142,98,-8.2096
-140,98,-8.94673
-138,98,-9.97402
-136,98,-11.1708
-134,98,-12.3314
-132,98,-13.1752
-130,98,-13.4154
-128,98,-12.9287
-126,98,-11.9208
-124,98,-10.8014
-122,98,-9.91899
-120,98,-9.47085
-118,98,-9.53431
-116,98,-10.0805
-114,98,-10.9072
-112,98,-11.5252
-110,98,-11.3855
-108,98,-10.563
-106,98,-9.62514
-104,98,-8.97383
-102,98,-8.75056
-100,98,-8.9635
-98,98,-9.54531
-96,98,-10.3363
-94,98,-11.0457
-92,98,-11.3347
-90,98,-11.1059
-88,98,-10.6096
-86,98,-10.1671
-84,98,-9.96389
-82,98,-10.0347
-80,98,-10.2673
-78,98,-10.378
-76,98,-9.99992
-74,98,-9.01255
-72,98,-7.68017
-70,98,-6.34195
-68,98,-5.18791
-66,98,-4.26827
-64,98,-3.54923
-62,98,-2.94827
-60,98,-2.36309
-58,98,-1.71056
-56,98,-0.962913
-54,98,-0.150409
-52,98,0.671646
-50,98,1.45872
-48,98,2.19232
-46,98,2.87679
-44,98,3.52838
-42,98,4.16394
-40,98,4.79261
-38,98,5.41192
-36,98,6.00838
-34,98,6.56162
-32,98,7.05033
-30,98,7.45744
-28,98,7.77318
-26,98,7.99537
-24,98,8.12744
-22,98,8.1756
-20,98,8.14646
-18,98,8.04673
-16,98,7.88583
-14,98,7.68101
-12,98,7.46318
-10,98,7.27928
-8,98,7.18589
-6,98,7.23094
-4,98,7.43095
-2,98,7.76066
0,98,8.16368
2,98,8.57355
4,98,8.92984
6,98,9.1845
8,98,9.30205
10,98,9.25859
12,98,9.04214
14,98,8.65564
16,98,8.12384
18,98,7.50471
20,98,6.90151
22,98,6.4576
24,98,6.3048
26,98,6.47775
28,98,6.88425
30,98,7.37214
32,98,7.80808
34,98,8.10522
36,98,8.21481
38,98,8.1103
40,98,7.77579
42,98,7.20112
44,98,6.38343
46,98,5.33668
48,98,4.11424
50,98,2.85009
52,98,1.79778
54,98,1.26177
56,98,1.35116
58,98,1.86446
60,98,2.50786
62,98,3.08686
64,98,3.51709
66,98,3.77816
68,98,3.87953
70,98,3.84222
72,98,3.68895
74,98,3.43801
76,98,3.09968
78,98,2.67489
80,98,2.15593
82,98,1.52878
84,98,0.776114
86,98,-0.119532
88,98,-1.17208
90,98,-2.38659
92,98,-3.74923
94,98,-5.20777
96,98,-6.64107
98,98,-7.84291
100,98,-8.59944
102,98,-8.87334
104,98,-8.86346
106,98,-8.8368
108,98,-8.97673
110,98,-9.35056
112,98,-9.92129
114,98,-10.5733
116,98,-11.1868
118,98,-11.75
120,98,-12.3729
122,98,-13.1315
124,98,-13.8595
126,98,-14.1179
128,98,-13.6487
130,98,-12.6854
132,98,-11.4771
134,98,-10.0725
136,98,-8.5871
138,98,-7.29462
140,98,-6.46738
142,98,-6.27944
144,98,-6.7971
146,98,-7.89347
148,98,-8.91787
150,98,-8.71761
152,98,-7.3464
154,98,-5.92135
156,98,-5.00089
158,98,-4.67921
160,98,-4.93569
162,98,-5.77137
164,98,-7.27781
166,98,-9.73564
168,98,-13.9372
170,98,-23.2934
172,98,-21.8007
174,98,-13.7145
176,98,-10.0541
178,98,-8.0309
180,98,-6.92188
-180,100,-6.92188
-178,100,-6.41356
-176,100,-6.31391
-174,100,-6.48574
-172,100,-6.82197
-170,100,-7.24661
-168,100,-7.71892
-166,100,-8.2269
-164,100,-8.76652
-162,100,-9.31386
-160,100,-9.80033
-158,100,-10.1076
-156,100,-10.1117
-154,100,-9.77712
-152,100,-9.20887
-150,100,-8.59241
-148,100,-8.10179
-146,100,-7.86168
-144,100,-7.95287
-142,100,-8.42457
-140,100,-9.29284
-138,100,-10.5124
-136,100,-11.912
-134,100,-13.1358
-132,100,-13.774
-130,100,-13.6953
-128,100,-13.0657
-126,100,-12.1146
-124,100,-11.093
-122,100,-10.2634
-120,100,-9.83009
-118,100,-9.90399
-116,100,-10.484
-114,100,-11.3728
-112,100,-12.0269
-110,100,-11.8124
-108,100,-10.8531
-106,100,-9.81415
-104,100,-9.11656
-102,100,-8.88521
-100,100,-9.10603
-98,100,-9.68009
-96,100,-10.3963
-94,100,-10.9129
-92,100,-10.927
-90,100,-10.4776
-88,100,-9.88873
-86,100,-9.45553
-84,100,-9.32324
-82,100,-9.50673
-80,100,-9.88515
-78,100,-10.1511
-76,100,-9.88341
-74,100,-8.93522
-72,100,-7.61447
-70,100,-6.30366
-68,100,-5.20216
-66,100,-4.35202
-64,100,-3.70533
-62,100,-3.16325
-60,100,-2.6097
-58,100,-1.95798
-56,100,-1.18986
-54,100,-0.350287
-52,100,0.495562
-50,100,1.30046
-48,100,2.04725
-46,100,2.74261
-44,100,3.40465
-42,100,4.05128
-40,100,4.69185
-38,100,5.32342
-36,100,5.93165
-34,100,6.4954
-32,100,6.99292
-30,100,7.40712
-28,100,7.72842
-26,100,7.95488
-24,100,8.09016
-22,100,8.14067
-20,100,8.11332
-18,100,8.01529
-16,100,7.8566
-14,100,7.65512
-12,100,7.44216
-10,100,7.26457
-8,100,7.17804
-6,100,7.22895
-4,100,7.43235
-2,100,7.76249
0,100,8.16368
2,100,8.5708
4,100,8.92469
6,100,9.17812
8,100,9.29603
10,100,9.2546
12,100,9.04171
14,100,8.65979
16,100,8.1322
18,100,7.51372
20,100,6.90206
22,100,6.43459
24,100,6.24304
26,100,6.37191
28,100,6.74205
30,100,7.2077
32,100,7.63499
34,100,7.93414
36,100,8.05399
38,100,7.96663
40,100,7.65562
42,100,7.1104
44,100,6.3269
46,100,5.31522
48,100,4.11858
50,100,2.84901
52,100,1.72858
54,100,1.05436
56,100,0.99048
58,100,1.40044
60,100,2.00217
62,100,2.58289
64,100,3.04154
66,100,3.34875
68,100,3.50969
70,100,3.54309
72,100,3.47
74,100,3.30737
76,100,3.0645
78,100,2.74174
80,100,2.33129
82,100,1.81936
84,100,1.18911
86,100,0.423636
88,100,-0.49093
90,100,-1.5613
92,100,-2.77981
94,100,-4.11005
96,100,-5.46189
98,100,-6.66722
100,100,-7.51253
102,100,-7.88589
104,100,-7.90453
106,100,-7.82576
108,100,-7.87791
110,100,-8.19568
112,100,-8.82734
114,100,-9.74523
116,100,-10.8462
118,100,-11.9685
120,100,-12.9482
122,100,-13.664
124,100,-14.0072
126,100,-13.8966
128,100,-13.3888
130,100,-12.6205
132,100,-11.6199
134,100,-10.3549
136,100,-8.96027
138,100,-7.74113
140,100,-6.98497
142,100,-6.87469
144,100,-7.48387
146,100,-8.66904
148,100,-9.65943
150,100,-9.18908
152,100,-7.56762
154,100,-6.03071
156,100,-5.07014
158,100,-4.73738
160,100,-4.99631
162,100,-5.8417
164,100,-7.36152
166,100,-9.83498
168,100,-14.0579
170,100,-23.4031
172,100,-21.5604
174,100,-13.6673
176,100,-10.0387
178,100,-8.02618
180,100,-6.92188
-180,102,-6.92188
-178,102,-6.41554
-176,102,-6.31293
-174,102,-6.47485
-172,102,-6.79323
-170,102,-7.19403
-168,102,-7.64097
-166,102,-8.12612
-164,102,-8.64604
-162,102,-9.17387
-160,102,-9.63893
-158,102,-9.92926
-156,102,-9.93807
-154,102,-9.643
-152,102,-9.14079
-150,102,-8.59484
-148,102,-8.16317
-146,102,-7.96941
-144,102,-8.10754
-142,102,-8.65134
-140,102,-9.64908
-138,102,-11.0813
-136,102,-12.7412
-134,102,-14.0785
-132,102,-14.488
-130,102,-14.0619
-128,102,-13.2792
-126,102,-12.3735
-124,102,-11.4526
-122,102,-10.6922
-120,102,-10.2981
-118,102,-10.4187
-116,102,-11.0958
-114,102,-12.1584
-112,102,-12.9796
-110,102,-12.7026
-108,102,-11.4888
-106,102,-10.2144
-104,102,-9.35606
-102,102,-9.02118
-100,102,-9.17518
-98,102,-9.7019
-96,102,-10.366
-94,102,-10.7901
-92,102,-10.6578
-90,102,-10.0462
-88,102,-9.31742
-86,102,-8.77134
-84,102,-8.5468
-82,102,-8.66047
-80,102,-9.01469
-78,102,-9.35218
-76,102,-9.27926
-74,102,-8.56761
-72,102,-7.42275
-70,102,-6.21918
-68,102,-5.19029
-66,102,-4.40252
-64,102,-3.81685
-62,102,-3.33214
-60,102,-2.82346
-58,102,-2.19583
-56,102,-1.43033
-54,102,-0.578512
-52,102,0.286598
-50,102,1.11254
-48,102,1.87953
-46,102,2.59303
-44,102,3.27086
-42,102,3.93118
-40,102,4.58393
-38,102,5.22658
-36,102,5.84493
-34,102,6.4178
-32,102,6.9234
-30,102,7.34474
-28,102,7.67233
-26,102,7.90428
-24,102,8.04419
-22,102,8.09842
-20,102,8.07399
-18,102,7.97848
-16,102,7.82262
-14,102,7.62505
-12,102,7.41769
-10,102,7.24737
-8,102,7.16881
-6,102,7.22658
-4,102,7.43398
-2,102,7.76465
0,102,8.16368
2,102,8.56746
4,102,8.91833
6,102,9.17012
8,102,9.28833
10,102,9.24938
12,102,9.04104
14,102,8.66517
16,102,8.14341
18,102,7.52672
20,102,6.90616
22,102,6.41175
24,102,6.17417
26,102,6.24887
28,102,6.57265
30,102,7.00877
32,102,7.42357
34,102,7.72389
36,102,7.85536
38,102,7.78809
40,102,7.50476
42,102,6.99427
44,102,6.25125
46,102,5.28161
48,102,4.11739
50,102,2.84622
52,102,1.65207
54,102,0.812698
56,102,0.546784
58,102,0.807752
60,102,1.34464
62,102,1.92534
64,102,2.42495
66,102,2.79968
68,102,3.04694
70,102,3.1802
72,102,3.21583
74,102,3.16611
76,102,3.03609
78,102,2.82275
80,102,2.51622
82,102,2.10191
84,102,1.56324
86,102,0.884328
88,102,0.0528415
90,102,-0.936021
92,102,-2.07208
94,102,-3.31539
96,102,-4.57134
98,102,-5.66948
100,102,-6.40311
102,102,-6.67643
104,102,-6.6161
106,102,-6.4755
108,102,-6.47863
110,102,-6.76698
112,102,-7.4127
114,102,-8.43178
116,102,-9.77264
118,102,-11.2783
120,102,-12.6578
122,102,-13.5775
124,102,-13.9001
126,102,-13.7648
128,102,-13.3815
130,102,-12.8307
132,102,-12.0242
134,102,-10.8762
136,102,-9.54394
138,102,-8.37293
140,102,-7.67326
142,102,-7.64035
144,102,-8.35749
146,102,-9.65716
148,102,-10.5866
150,102,-9.74647
152,102,-7.82873
154,102,-6.16961
156,102,-5.16478
158,102,-4.8176
160,102,-5.07622
162,102,-5.9298
164,102,-7.46335
166,102,-9.95526
168,102,-14.2063
170,102,-23.5406
172,102,-21.2765
174,102,-13.6071
176,102,-10.0187
178,102,-8.02001
180,102,-6.92188
-180,104,-6.92188
-178,104,-6.41811
-176,104,-6.31263
-174,104,-6.46436
-172,104,-6.76443
-170,104,-7.14089
-168,104,-7.56187
-166,104,-8.02297
-164,104,-8.52067
-162,104,-9.02497
-160,104,-9.46428
-158,104,-9.73583
-156,104,-9.75261
-154,104,-9.50558
-152,104,-9.08135
-150,104,-8.61795
-148,104,-8.25337
-146,104,-8.10709
-144,104,-8.28472
-142,104,-8.88438
-140,104,-9.98958
-138,104,-11.6211
-136,104,-13.5655
-134,104,-15.0506
-132,104,-15.1917
-130,104,-14.3844
-128,104,-13.4331
-126,104,-12.5592
-124,104,-11.7492
-122,104,-11.0877
-120,104,-10.7636
-118,104,-10.9583
-116,104,-11.7721
-114,104,-13.1072
-112,104,-14.2868
-110,104,-14.0385
-108,104,-12.4745
-106,104,-10.8505
-104,104,-9.74411
-102,104,-9.23893
-100,104,-9.27979
-98,104,-9.74712
-96,104,-10.4078
-94,104,-10.8574
-92,104,-10.7018
-90,104,-9.97487
-88,104,-9.07643
-86,104,-8.3486
-84,104,-7.94682
-82,104,-7.89701
-80,104,-8.12691
-78,104,-8.44148
-76,104,-8.51701
-74,104,-8.07967
-72,104,-7.1831
-70,104,-6.13102
-68,104,-5.18094
-66,104,-4.43872
-64,104,-3.89133
-62,104,-3.44982
-60,104,-2.98917
-58,104,-2.40441
-56,104,-1.66492
-54,104,-0.818015
-52,104,0.0593224
-50,104,0.90744
-48,104,1.69986
-46,104,2.43726
-44,104,3.13479
-42,104,3.81006
-40,104,4.4739
-38,104,5.12519
-36,104,5.75093
-34,104,6.3307
-32,104,6.84309
-30,104,7.27124
-28,104,7.60563
-26,104,7.84411
-24,104,7.98993
-22,104,8.04912
-20,104,8.02864
-18,104,7.93644
-16,104,7.78399
-14,104,7.59091
-12,104,7.38988
-10,104,7.22778
-8,104,7.15827
-6,104,7.22387
-4,104,7.43587
-2,104,7.76716
0,104,8.16368
2,104,8.56353
4,104,8.91076
6,104,9.16046
8,104,9.27888
10,104,9.2428
12,104,9.03996
14,104,8.67156
16,104,8.15727
18,104,7.54372
20,104,6.91443
22,104,6.39079
24,104,6.1011
26,104,6.11199
28,104,6.37887
30,104,6.77704
32,104,7.17439
34,104,7.47411
36,104,7.61777
38,104,7.57283
40,104,7.32058
42,104,6.84918
44,104,6.15184
46,104,5.23024
48,104,4.10521
50,104,2.8396
52,104,1.57546
54,104,0.556607
56,104,0.0423881
58,104,0.0977979
60,104,0.536468
62,104,1.11299
64,104,1.66864
66,104,2.13526
68,104,2.49541
70,104,2.75222
72,104,2.91325
74,104,2.98312
76,104,2.96076
78,104,2.83927
80,104,2.60725
82,104,2.25074
84,104,1.7554
86,104,1.10883
88,104,0.303596
90,104,-0.657768
92,104,-1.75314
94,104,-2.92329
96,104,-4.04882
98,104,-4.94792
100,104,-5.45252
102,104,-5.54814
104,104,-5.40641
106,104,-5.26013
108,104,-5.29384
110,104,-5.62422
112,104,-6.31725
114,104,-7.39811
116,104,-8.837
118,104,-10.5008
120,104,-12.0894
122,104,-13.1993
124,104,-13.6537
126,104,-13.6591
128,104,-13.4833
130,104,-13.1841
132,104,-12.604
134,104,-11.5993
136,104,-10.3332
138,104,-9.19886
140,104,-8.5443
142,104,-8.5886
144,104,-9.43324
146,104,-10.8799
148,104,-11.6992
150,104,-10.3638
152,104,-8.1165
154,104,-6.33356
156,104,-5.28369
158,104,-4.92003
160,104,-5.17605
162,104,-6.03635
164,104,-7.5839
166,104,-10.0971
168,104,-14.3832
170,104,-23.7001
172,104,-20.9564
174,104,-13.5344
176,104,-9.99397
178,104,-8.01241
180,104,-6.92188
-180,106,-6.92188
-178,106,-6.42128
-176,106,-6.31308
-174,106,-6.45448
-172,106,-6.73601
-170,106,-7.08798
-168,106,-7.48284
-166,106,-7.91927
-164,106,-8.39308
-162,106,-8.87113
-160,106,-9.28212
-158,106,-9.53454
-156,106,-9.56249
-154,106,-9.37041
-152,106,-9.03462
-150,106,-8.666
-148,106,-8.37819
-146,106,-8.2815
-144,106,-8.48918
-142,106,-9.11998
-140,106,-10.2884
-138,106,-12.056
-136,106,-14.2246
-134,106,-15.8247
-132,106,-15.6828
-130,106,-14.5327
-128,106,-13.4389
-126,106,-12.5947
-124,106,-11.8992
-122,106,-11.3507
-120,106,-11.0988
-118,106,-11.3393
-116,106,-12.2284
-114,106,-13.7889
-112,106,-15.4896
-110,106,-15.6362
-108,106,-13.8326
-106,106,-11.8285
-104,106,-10.4298
-102,106,-9.71679
-100,106,-9.61782
-98,106,-10.0176
-96,106,-10.702
-94,106,-11.253
-92,106,-11.1599
-90,106,-10.3485
-88,106,-9.26271
-86,106,-8.32186
-84,106,-7.71382
-82,106,-7.47448
-80,106,-7.5477
-78,106,-7.78151
-76,106,-7.91467
-74,106,-7.6728
-72,106,-6.99646
-70,106,-6.09173
-68,106,-5.21043
-66,106,-4.49205
-64,106,-3.95542
-62,106,-3.53328
-60,106,-3.10982
-58,106,-2.57329
-56,106,-1.87509
-54,106,-1.04795
-52,106,-0.166819
-50,106,0.701544
-48,106,1.52126
-46,106,2.28527
-44,106,3.0041
-42,106,3.69389
-40,106,4.36648
-38,106,5.02298
-36,106,5.65259
-34,106,6.23639
-32,106,6.75376
-30,106,7.188
-28,106,7.52937
-26,106,7.77515
-24,106,7.92792
-22,106,7.99312
-20,106,7.97749
-18,106,7.88928
-16,106,7.7408
-14,106,7.55279
-12,106,7.35884
-10,106,7.20593
-8,106,7.14653
-6,106,7.22088
-4,106,7.43803
-2,106,7.77002
0,106,8.16368
2,106,8.55901
4,106,8.90198
6,106,9.14913
8,106,9.26763
10,106,9.23474
12,106,9.03824
14,106,8.67863
16,106,8.17345
18,106,7.56457
20,106,6.92737
22,106,6.37342
24,106,6.02704
26,106,5.96533
28,106,6.16441
30,106,6.51504
32,106,6.88865
34,106,7.18488
36,106,7.34052
38,106,7.31946
40,106,7.10102
42,106,6.6723
44,106,6.02502
46,106,5.15687
48,106,4.07851
50,106,2.83001
52,106,1.51172
54,106,0.320276
56,106,-0.473126
58,106,-0.687235
60,106,-0.396507
62,106,0.162892
64,106,0.787783
66,106,1.3691
68,106,1.86296
70,106,2.25541
72,106,2.54211
74,106,2.71938
76,106,2.7811
78,106,2.71843
80,106,2.52063
82,106,2.17649
84,106,1.67602
86,106,1.01286
88,106,0.188198
90,106,-0.781836
92,106,-1.85305
94,106,-2.9342
96,106,-3.87609
98,106,-4.50912
100,106,-4.75158
102,106,-4.68994
104,106,-4.51941
106,106,-4.43046
108,106,-4.55901
110,106,-4.99155
112,106,-5.78001
114,106,-6.94399
116,106,-8.44926
118,106,-10.1515
120,106,-11.7327
122,106,-12.8016
124,106,-13.2584
126,106,-13.3768
128,106,-13.4286
130,106,-13.4413
132,106,-13.195
134,106,-12.4435
136,106,-11.3015
138,106,-10.2149
140,106,-9.60044
142,106,-9.72334
144,106,-10.7194
146,106,-12.3528
148,106,-12.9713
150,106,-10.9983
152,106,-8.4145
154,106,-6.51729
156,106,-5.42544
158,106,-5.04475
160,106,-5.29644
162,106,-6.16216
164,106,-7.72396
166,106,-10.2612
168,106,-14.5895
170,106,-23.8734
172,106,-20.6071
174,106,-13.4499
176,106,-9.96478
178,106,-8.00339
180,106,-6.92188
-180,108,-6.92188
-178,108,-6.42507
-176,108,-6.31433
-174,108,-6.44541
-172,108,-6.7084
-170,108,-7.03607
-168,108,-7.40506
-166,108,-7.81674
-164,108,-8.26588
-162,108,-8.71634
-160,108,-9.09814
-158,108,-9.33232
-156,108,-9.37431
-154,108,-9.24211
-152,108,-9.00312
-150,108,-8.74115
-148,108,-8.54119
-146,108,-8.49757
-144,108,-8.72466
-142,108,-9.35489
-140,108,-10.5222
-138,108,-12.3091
-136,108,-14.524
-134,108,-16.1044
-132,108,-15.7738
-130,108,-14.4573
-128,108,-13.3114
-126,108,-12.5139
-124,108,-11.9227
-122,108,-11.4661
-120,108,-11.2372
-118,108,-11.4162
-116,108,-12.1756
-114,108,-13.6097
-112,108,-15.4821
-110,108,-16.4643
-108,108,-15.2
-106,108,-13.1149
-104,108,-11.4922
-102,108,-10.5715
-100,108,-10.3107
-98,108,-10.6116
-96,108,-11.2902
-94,108,-11.9453
-92,108,-11.9679
-90,108,-11.1244
-88,108,-9.87412
-86,108,-8.72892
-84,108,-7.92016
-82,108,-7.49424
-80,108,-7.40332
-78,108,-7.52004
-76,108,-7.62693
-74,108,-7.47077
-72,108,-6.93431
-70,108,-6.13785
-68,108,-5.30333
-66,108,-4.58686
-64,108,-4.03487
-62,108,-3.60464
-60,108,-3.19631
-58,108,-2.69818
-56,108,-2.04429
-54,108,-1.24647
-52,108,-0.370603
-50,108,0.512401
-48,108,1.35684
-46,108,2.14637
-44,108,2.88537
-42,108,3.58763
-40,108,4.26576
-38,108,4.9235
-36,108,5.55297
-34,108,6.13751
-32,108,6.65762
-30,108,7.09683
-28,108,7.44494
-26,108,7.69841
-24,108,7.85884
-22,108,7.93084
-20,108,7.92076
-18,108,7.83713
-16,108,7.69314
-14,108,7.5108
-12,108,7.32468
-10,108,7.18193
-8,108,7.1337
-6,108,7.21769
-4,108,7.44049
-2,108,7.77322
0,108,8.16368
2,108,8.55392
4,108,8.892
6,108,9.13611
8,108,9.2545
10,108,9.22504
12,108,9.03562
14,108,8.68602
16,108,8.19151
18,108,7.58902
20,108,6.94532
22,108,6.36125
24,108,5.95535
26,108,5.8136
28,108,5.93395
30,108,6.2263
32,108,6.56841
34,108,6.85703
36,108,7.02349
38,108,7.02724
40,108,6.84488
42,108,6.46196
44,108,5.86861
46,108,5.05913
48,108,4.03583
50,108,2.82008
52,108,1.47531
54,108,0.144371
56,108,-0.926092
58,108,-1.46644
60,108,-1.39429
62,108,-0.885689
64,108,-0.190448
66,108,0.518746
68,108,1.1552
70,108,1.68101
72,108,2.07919
74,108,2.33995
76,108,2.45523
78,108,2.41703
80,108,2.21743
82,108,1.84963
84,108,1.30981
86,108,0.600487
88,108,-0.263219
90,108,-1.24269
92,108,-2.26012
94,108,-3.1873
96,108,-3.86823
98,108,-4.20112
100,108,-4.22163
102,108,-4.08263
104,108,-3.95962
106,108,-3.98987
108,108,-4.26586
110,108,-4.84789
112,108,-5.77121
114,108,-7.03672
116,108,-8.57411
118,108,-10.174
120,108,-11.4712
122,108,-12.1867
124,108,-12.4463
126,108,-12.6028
128,108,-12.8837
130,108,-13.2831
132,108,-13.5422
134,108,-13.2639
136,108,-12.3913
138,108,-11.3994
140,108,-10.8278
142,108,-11.0289
144,108,-12.1981
146,108,-14.0523
148,108,-14.3091
150,108,-11.5865
152,108,-8.70366
154,108,-6.71494
156,108,-5.58842
158,108,-5.19176
160,108,-5.43808
162,108,-6.30817
164,108,-7.88453
166,108,-10.4488
168,108,-14.8265
170,108,-24.0493
172,108,-20.2348
174,108,-13.3541
176,108,-9.93119
178,108,-7.99297
180,108,-6.92188
-180,110,-6.92188
-178,110,-6.42948
-176,110,-6.31647
-174,110,-6.43736
-172,110,-6.68205
-170,110,-6.98588
-168,110,-7.32963
-166,110,-7.71703
-164,110,-8.14156
-162,110,-8.56441
-160,110,-8.91773
-158,110,-9.13556
-156,110,-9.19397
-154,110,-9.1244
-152,110,-8.9879
-150,110,-8.84313
-148,110,-8.74286
-146,110,-8.75693
-144,110,-8.99165
-142,110,-9.58369
-140,110,-10.6706
-138,110,-12.3256
-136,110,-14.3382
-134,110,-15.7246
-132,110,-15.4069
-130,110,-14.1899
-128,110,-13.1222
-126,110,-12.406
-124,110,-11.9058
-122,110,-11.5028
-120,110,-11.2274
-118,110,-11.2227
-116,110,-11.6432
-114,110,-12.582
-112,110,-13.9652
-110,110,-15.2538
-108,110,-15.3599
-106,110,-14.1565
-104,110,-12.7255
-102,110,-11.7262
-100,110,-11.3136
-98,110,-11.4629
-96,110,-12.0413
-94,110,-12.7124
-92,110,-12.872
-90,110,-12.1253
-88,110,-10.8272
-86,110,-9.54446
-84,110,-8.56656
-82,110,-7.96375
-80,110,-7.69945
-78,110,-7.66384
-76,110,-7.67226
-74,110,-7.50172
-72,110,-7.01729
-70,110,-6.27807
-68,110,-5.46419
-66,110,-4.73022
-64,110,-4.14096
-62,110,-3.6764
-60,110,-3.25621
-58,110,-2.7761
-56,110,-2.15884
-54,110,-1.39423
-52,110,-0.532845
-50,110,0.355615
-48,110,1.21779
-46,110,2.02798
-44,110,2.7836
-42,110,3.49506
-40,110,4.17511
-38,110,4.83002
-36,110,5.4553
-34,110,6.03703
-32,110,6.55728
-30,110,6.99986
-28,110,7.35402
-26,110,7.61511
-24,110,7.78349
-22,110,7.86273
-20,110,7.85868
-18,110,7.78009
-16,110,7.6411
-14,110,7.46502
-12,110,7.28755
-10,110,7.15595
-8,110,7.11991
-6,110,7.21437
-4,110,7.44327
-2,110,7.77676
0,110,8.16368
2,110,8.54825
4,110,8.88083
6,110,9.12138
8,110,9.23942
10,110,9.21354
12,110,9.03181
14,110,8.69329
16,110,8.21095
18,110,7.61664
20,110,6.96839
22,110,6.35568
24,110,5.88943
26,110,5.66203
28,110,5.6933
30,110,5.91567
32,110,6.21693
34,110,6.49233
36,110,6.66742
38,110,6.69628
40,110,6.55192
42,110,6.21771
44,110,5.68209
46,110,4.93659
48,110,3.97749
50,110,2.81255
52,110,1.47642
54,110,0.0610127
56,110,-1.24085
58,110,-2.13192
60,110,-2.36651
62,110,-1.98141
64,110,-1.24461
66,110,-0.414362
68,110,0.35877
70,110,1.00509
72,110,1.49508
74,110,1.81586
76,110,1.96061
78,110,1.92466
80,110,1.70485
82,110,1.30067
84,110,0.717278
86,110,-0.0288226
88,110,-0.900266
90,110,-1.82569
92,110,-2.69078
94,110,-3.35604
96,110,-3.72158
98,110,-3.79911
100,110,-3.7076
102,110,-3.59934
104,110,-3.60137
106,110,-3.80249
108,110,-4.26191
110,110,-5.01666
112,110,-6.07661
114,110,-7.39729
116,110,-8.82337
118,110,-10.0475
120,110,-10.7594
122,110,-10.978
124,110,-11.0361
126,110,-11.2455
128,110,-11.7532
130,110,-12.5492
132,110,-13.4168
134,110,-13.8627
136,110,-13.5033
138,110,-12.7034
140,110,-12.1808
142,110,-12.4435
144,110,-13.7748
146,110,-15.8145
148,110,-15.4778
150,110,-12.0476
152,110,-8.9639
154,110,-6.92048
156,110,-5.77095
158,110,-5.36108
160,110,-5.60175
162,110,-6.47546
164,110,-8.06683
166,110,-10.6611
168,110,-15.0957
170,110,-24.2129
172,110,-19.8451
174,110,-13.2478
176,110,-9.89333
178,110,-7.98119
180,110,-6.92188
-180,112,-6.92188
-178,112,-6.43452
-176,112,-6.31956
-174,112,-6.43054
-172,112,-6.65737
-170,112,-6.9381
-168,112,-7.25757
-166,112,-7.62161
-164,112,-8.0224
-162,112,-8.41884
-160,112,-8.74578
-158,112,-8.95
-156,112,-9.02668
-154,112,-9.02037
-152,112,-8.98893
-150,112,-8.9695
-148,112,-8.98034
-146,112,-9.05699
-144,112,-9.28567
-142,112,-9.79644
-140,112,-10.717
-138,112,-12.0913
-136,112,-13.6983
-134,112,-14.7926
-132,112,-14.6569
-130,112,-13.7702
-128,112,-12.9162
-126,112,-12.3308
-124,112,-11.9211
-122,112,-11.548
-120,112,-11.1875
-118,112,-10.9462
-116,112,-10.9691
-114,112,-11.3574
-112,112,-12.1221
-110,112,-13.1148
-108,112,-13.9337
-106,112,-14.0847
-104,112,-13.5649
-102,112,-12.8727
-100,112,-12.4264
-98,112,-12.3898
-96,112,-12.7419
-94,112,-13.2741
-92,112,-13.5382
-90,112,-13.0791
-88,112,-11.9709
-86,112,-10.692
-84,112,-9.59946
-82,112,-8.82449
-80,112,-8.36393
-78,112,-8.13358
-76,112,-7.98217
-74,112,-7.7223
-72,112,-7.2222
-70,112,-6.49751
-68,112,-5.68191
-66,112,-4.9148
-64,112,-4.27057
-62,112,-3.74897
-60,112,-3.29061
-58,112,-2.80455
-56,112,-2.21011
-54,112,-1.47819
-52,112,-0.640002
-50,112,0.24236
-48,112,1.112
-46,112,1.93527
-44,112,2.70225
-42,112,3.41898
-40,112,4.09737
-38,112,4.74571
-36,112,5.36289
-34,112,5.93821
-32,112,6.45565
-30,112,6.89954
-28,112,7.25848
-26,112,7.52658
-24,112,7.70273
-22,112,7.78929
-20,112,7.7915
-18,112,7.7183
-16,112,7.58476
-14,112,7.41557
-12,112,7.24758
-10,112,7.12812
-8,112,7.10528
-6,112,7.21101
-4,112,7.44642
-2,112,7.78066
0,112,8.16368
2,112,8.54202
4,112,8.86846
6,112,9.10492
8,112,9.22231
10,112,9.20005
12,112,9.02647
14,112,8.69997
16,112,8.23115
18,112,7.64686
20,112,6.99647
22,112,6.3578
24,112,5.83249
26,112,5.51629
28,112,5.44937
30,112,5.58953
32,112,5.83894
34,112,6.0938
36,112,6.27407
38,112,6.3276
40,112,6.22282
42,112,5.94022
44,112,5.46625
46,112,4.7903
48,112,3.90477
50,112,2.80875
52,112,1.51711
54,112,0.080676
56,112,-1.37318
58,112,-2.58849
60,112,-3.21865
62,112,-3.0891
64,112,-2.39491
66,112,-1.47984
68,112,-0.586323
70,112,0.169059
72,112,0.740567
74,112,1.11305
76,112,1.28308
78,112,1.25186
80,112,1.02391
82,112,0.608952
84,112,0.0268406
86,112,-0.684467
88,112,-1.45885
90,112,-2.19681
92,112,-2.78137
94,112,-3.12724
96,112,-3.23485
98,112,-3.19182
100,112,-3.12092
102,112,-3.1314
104,112,-3.30273
106,112,-3.68826
108,112,-4.32061
110,112,-5.20815
112,112,-6.31434
114,112,-7.51506
116,112,-8.56359
118,112,-9.18457
120,112,-9.3348
122,112,-9.27072
124,112,-9.30202
126,112,-9.62667
128,112,-10.3376
130,112,-11.4508
132,112,-12.8513
134,112,-14.1073
136,112,-14.5113
138,112,-14.0378
140,112,-13.5541
142,112,-13.8077
144,112,-15.1746
146,112,-17.1326
148,112,-16.0858
150,112,-12.3022
152,112,-9.17674
154,112,-7.1282
156,112,-5.97144
158,112,-5.55281
160,112,-5.7883
162,112,-6.66525
164,112,-8.27226
166,112,-10.8998
168,112,-15.3988
170,112,-24.345
172,112,-19.4425
174,112,-13.1316
176,112,-9.85134
178,112,-7.96807
180,112,-6.92188
-180,114,-6.92188
-178,114,-6.4402
-176,114,-6.32367
-174,114,-6.42513
-172,114,-6.63475
-170,114,-6.89336
-168,114,-7.18976
-166,114,-7.53179
-164,114,-7.91043
-162,114,-8.28274
-160,114,-8.58659
-158,114,-8.78064
-156,114,-8.87709
-154,114,-8.93284
-152,114,-9.00579
-150,114,-9.11639
-148,114,-9.24787
-146,114,-9.39104
-144,114,-9.59732
-142,114,-9.97988
-140,114,-10.6524
-138,114,-11.6387
-136,114,-12.7575
-134,114,-13.5577
-132,114,-13.647
-130,114,-13.2058
-128,114,-12.6831
-126,114,-12.2928
-124,114,-11.9937
-122,114,-11.6546
-120,114,-11.2177
-118,114,-10.7649
-116,114,-10.451
-114,114,-10.4103
-112,114,-10.7162
-110,114,-11.3672
-108,114,-12.2587
-106,114,-13.1383
-104,114,-13.6637
-102,114,-13.6884
-100,114,-13.4334
-98,114,-13.2277
-96,114,-13.2562
-94,114,-13.5106
-92,114,-13.7835
-90,114,-13.7139
-88,114,-13.0668
-86,114,-12.0058
-84,114,-10.884
-82,114,-9.94044
-80,114,-9.2529
-78,114,-8.78832
-76,114,-8.43791
-74,114,-8.05087
-72,114,-7.50201
-70,114,-6.76948
-68,114,-5.93887
-66,114,-5.12748
-64,114,-4.41441
-62,114,-3.81739
-60,114,-3.29862
-58,114,-2.78432
-56,114,-2.19718
-54,114,-1.49428
-52,114,-0.686153
-50,114,0.178403
-48,114,1.04405
-46,114,1.87154
-44,114,2.64385
-42,114,3.3618
-40,114,4.03526
-38,114,4.6737
-36,114,5.2792
-34,114,5.84447
-32,114,6.35585
-30,114,6.79845
-28,114,7.16032
-26,114,7.43421
-24,114,7.61742
-22,114,7.711
-20,114,7.71945
-18,114,7.65184
-16,114,7.52418
-14,114,7.36255
-12,114,7.20493
-10,114,7.09864
-8,114,7.08997
-6,114,7.20768
-4,114,7.44995
-2,114,7.78491
0,114,8.16368
2,114,8.53524
4,114,8.85491
6,114,9.08672
8,114,9.20308
10,114,9.18438
12,114,9.01928
14,114,8.70551
16,114,8.25142
18,114,7.67899
20,114,7.0292
22,114,6.3683
24,114,5.7874
26,114,5.38214
28,114,5.21014
30,114,5.25604
32,114,5.4411
34,114,5.6661
36,114,5.84639
38,114,5.92305
40,114,5.85891
42,114,5.63069
44,114,5.22243
46,114,4.62173
48,114,3.81881
50,114,2.80802
52,114,1.59217
54,114,0.192776
56,114,-1.32362
58,114,-2.78891
60,114,-3.87304
62,114,-4.20039
64,114,-3.7287
66,114,-2.81099
68,114,-1.8163
70,114,-0.945217
72,114,-0.275809
74,114,0.170231
76,114,0.393576
78,114,0.404456
80,114,0.219916
82,114,-0.133821
84,114,-0.616052
86,114,-1.16579
88,114,-1.70128
90,114,-2.13443
92,114,-2.40364
94,114,-2.50627
96,114,-2.49995
98,114,-2.47179
100,114,-2.50529
102,114,-2.6648
104,114,-2.99438
106,114,-3.51984
108,114,-4.24571
110,114,-5.14108
112,114,-6.11238
114,114,-6.98213
116,114,-7.54051
118,114,-7.70771
120,114,-7.62941
122,114,-7.55507
124,114,-7.68864
126,114,-8.15638
128,114,-9.03526
130,114,-10.3732
132,114,-12.1517
134,114,-14.0905
136,114,-15.3428
138,114,-15.2762
140,114,-14.7471
142,114,-14.8137
144,114,-15.8922
146,114,-17.2584
148,114,-15.8485
150,114,-12.3045
152,114,-9.32846
154,114,-7.33323
156,114,-6.18854
158,114,-5.76714
160,114,-5.9987
162,114,-6.87893
164,114,-8.50245
166,114,-11.1668
168,114,-15.7376
170,114,-24.423
172,114,-19.0308
174,114,-13.0064
176,114,-9.80539
178,114,-7.95364
180,114,-6.92188
-180,116,-6.92188
-178,116,-6.44653
-176,116,-6.32887
-174,116,-6.42134
-172,116,-6.61456
-170,116,-6.85223
-168,116,-7.127
-166,116,-7.4487
-164,116,-7.80737
-162,116,-8.15873
-160,116,-8.44379
-158,116,-8.63175
-156,116,-8.74931
-154,116,-8.86465
-152,116,-9.03833
-150,116,-9.27959
-148,116,-9.53809
-146,116,-9.74995
-144,116,-9.9154
-142,116,-10.1237
-140,116,-10.4858
-138,116,-11.0396
-136,116,-11.6926
-134,116,-12.2391
-132,116,-12.5027
-130,116,-12.4998
-128,116,-12.3863
-126,116,-12.2697
-124,116,-12.1249
-122,116,-11.8437
-120,116,-11.3623
-118,116,-10.7553
-116,116,-10.1978
-114,116,-9.86298
-112,116,-9.86943
-110,116,-10.2774
-108,116,-11.0876
-106,116,-12.2067
-104,116,-13.3676
-102,116,-14.1228
-100,116,-14.197
-98,116,-13.8409
-96,116,-13.4947
-94,116,-13.4003
-92,116,-13.562
-90,116,-13.7764
-88,116,-13.6956
-86,116,-13.0896
-84,116,-12.0978
-82,116,-11.0412
-80,116,-10.1364
-78,116,-9.44083
-76,116,-8.89993
-74,116,-8.39495
-72,116,-7.80163
-70,116,-7.06161
-68,116,-6.21401
-66,116,-5.35306
-64,116,-4.56193
-62,116,-3.87647
-60,116,-3.28101
-58,116,-2.72079
-56,116,-2.12643
-54,116,-1.44652
-52,116,-0.672046
-50,116,0.165197
-48,116,1.01628
-46,116,1.83931
-44,116,2.61091
-42,116,3.32609
-40,116,3.99165
-38,116,4.61727
-36,116,5.20773
-34,116,5.75928
-32,116,6.26102
-30,116,6.69919
-28,116,7.06149
-26,116,7.33936
-24,116,7.52843
-22,116,7.62832
-20,116,7.64274
-18,116,7.58082
-16,116,7.45947
-14,116,7.3061
-12,116,7.15977
-10,116,7.06768
-8,116,7.07412
-6,116,7.20448
-4,116,7.45391
-2,116,7.78951
0,116,8.16368
2,116,8.5279
4,116,8.84018
6,116,9.06676
8,116,9.18166
10,116,9.16634
12,116,9.00985
14,116,8.70936
16,116,8.27101
18,116,7.71217
20,116,7.06595
22,116,6.38746
24,116,5.75647
26,116,5.26522
28,116,4.98447
30,116,4.92528
32,116,5.0324
34,116,5.21594
36,116,5.38883
38,116,5.48533
40,116,5.46174
42,116,5.29003
44,116,4.95126
46,116,4.43134
48,116,3.71947
50,116,2.80813
52,116,1.6938
54,116,0.379561
56,116,-1.11459
58,116,-2.71793
60,116,-4.22934
62,116,-5.23972
64,116,-5.34184
66,116,-4.62552
68,116,-3.56913
70,116,-2.54582
72,116,-1.71807
74,116,-1.13177
76,116,-0.78504
78,116,-0.655916
80,116,-0.710153
82,116,-0.901375
84,116,-1.17024
86,116,-1.44827
88,116,-1.67118
90,116,-1.79972
92,116,-1.8354
94,116,-1.81747
96,116,-1.80382
98,116,-1.85088
100,116,-2.00274
102,116,-2.28867
104,116,-2.72347
106,116,-3.30549
108,116,-4.00868
110,116,-4.76847
112,116,-5.47182
114,116,-5.98124
116,116,-6.21496
118,116,-6.2229
120,116,-6.16128
122,116,-6.20192
124,116,-6.47863
126,116,-7.08749
128,116,-8.10736
130,116,-9.61486
132,116,-11.663
134,116,-14.1105
136,116,-16.0822
138,116,-16.2816
140,116,-15.4736
142,116,-15.1001
144,116,-15.5623
146,116,-16.1516
148,116,-14.9206
150,116,-12.0655
152,116,-9.41274
154,116,-7.53209
156,116,-6.42131
158,116,-6.00448
160,116,-6.23404
162,116,-7.11803
164,116,-8.75925
166,116,-11.4642
168,116,-16.1141
170,116,-24.4222
172,116,-18.6132
174,116,-12.8728
176,116,-9.75564
178,116,-7.93793
180,116,-6.92188
-180,118,-6.92188
-178,118,-6.45352
-176,118,-6.33523
-174,118,-6.41936
-172,118,-6.59716
-170,118,-6.81521
-168,118,-7.06996
-166,118,-7.37325
-164,118,-7.71459
-162,118,-8.04892
-160,118,-8.3203
-158,118,-8.50682
-156,118,-8.64701
-154,118,-8.81876
-152,118,-9.08727
-150,118,-9.45578
-148,118,-9.84393
-146,118,-10.1252
-144,118,-10.2326
-142,118,-10.2305
-140,118,-10.2519
-138,118,-10.3881
-136,118,-10.6479
-134,118,-10.9847
-132,118,-11.3444
-130,118,-11.6938
-128,118,-12.0103
-126,118,-12.2505
-124,118,-12.3287
-122,118,-12.137
-120,118,-11.6308
-118,118,-10.9097
-116,118,-10.1817
-114,118,-9.65357
-112,118,-9.47103
-110,118,-9.71923
-108,118,-10.4342
-106,118,-11.5849
-104,118,-12.9829
-102,118,-14.1308
-100,118,-14.4164
-98,118,-13.902
-96,118,-13.2244
-94,118,-12.8205
-92,118,-12.803
-90,118,-13.0735
-88,118,-13.3525
-86,118,-13.2618
-84,118,-12.6308
-82,118,-11.6705
-80,118,-10.6958
-78,118,-9.87653
-76,118,-9.22623
-74,118,-8.66045
-72,118,-8.05752
-70,118,-7.32939
-68,118,-6.4749
-66,118,-5.56787
-64,118,-4.69707
-62,118,-3.9179
-60,118,-3.23722
-58,118,-2.61978
-56,118,-2.00662
-54,118,-1.34233
-52,118,-0.601441
-50,118,0.202506
-48,118,1.03067
-46,118,1.84153
-44,118,2.60665
-42,118,3.31513
-40,118,3.96985
-38,118,4.57982
-36,118,5.15196
-34,118,5.68602
-32,118,6.17417
-30,118,6.60425
-28,118,6.96389
-26,118,7.24333
-24,118,7.43655
-22,118,7.54168
-20,118,7.56157
-18,118,7.50535
-16,118,7.39072
-14,118,7.24635
-12,118,7.1123
-10,118,7.03546
-8,118,7.05792
-6,118,7.20153
-4,118,7.45833
-2,118,7.79447
0,118,8.16368
2,118,8.52004
4,118,8.8243
6,118,9.04502
8,118,9.15796
10,118,9.14572
12,118,8.99783
14,118,8.71092
16,118,8.28911
18,118,7.74547
20,118,7.10588
22,118,6.41509
24,118,5.74133
26,118,5.17056
28,118,4.78159
30,118,4.60917
32,118,4.62454
34,118,4.75267
36,118,4.90771
38,118,5.01797
40,118,5.03261
42,118,4.91792
44,118,4.65132
46,118,4.21707
48,118,3.60419
50,118,2.8054
52,118,1.81551
54,118,0.628957
56,118,-0.761141
58,118,-2.35478
60,118,-4.1075
62,118,-5.82363
64,118,-7.00462
66,118,-7.08381
68,118,-6.1938
70,118,-4.98013
72,118,-3.87148
74,118,-3.0127
76,118,-2.41896
78,118,-2.0578
80,118,-1.87668
82,118,-1.81201
84,118,-1.79696
86,118,-1.77435
88,118,-1.71226
90,118,-1.61294
92,118,-1.50731
94,118,-1.43915
96,118,-1.44947
98,118,-1.56765
100,118,-1.80866
102,118,-2.17339
104,118,-2.64858
106,118,-3.20485
108,118,-3.79283
110,118,-4.34207
112,118,-4.77368
114,118,-5.03399
116,118,-5.13249
118,118,-5.14728
120,118,-5.19176
122,118,-5.37746
124,118,-5.79936
126,118,-6.54176
128,118,-7.69271
130,118,-9.35756
132,118,-11.6485
134,118,-14.5205
136,118,-16.9607
138,118,-16.9174
140,118,-15.4935
142,118,-14.5663
144,118,-14.431
146,118,-14.5315
148,118,-13.6926
150,118,-11.6442
152,118,-9.43173
154,118,-7.72303
156,118,-6.66927
158,118,-6.26541
160,118,-6.4956
162,118,-7.38425
164,118,-9.04474
166,118,-11.7945
168,118,-16.5297
170,118,-24.32
172,118,-18.1921
174,118,-12.7317
176,118,-9.70228
178,118,-7.92099
180,118,-6.92188
-180,120,-6.92188
-178,120,-6.46117
-176,120,-6.34282
-174,120,-6.41937
-172,120,-6.58286
-170,120,-6.78274
-168,120,-7.01917
-166,120,-7.30614
-164,120,-7.63313
-162,120,-7.95487
-160,120,-8.21827
-158,120,-8.40856
-156,120,-8.57329
-154,120,-8.79828
-152,120,-9.15433
-150,120,-9.6434
-148,120,-10.1605
-146,120,-10.5124
-144,120,-10.5516
-142,120,-10.3225
-140,120,-10.0091
-138,120,-9.77936
-136,120,-9.72583
-134,120,-9.88828
-132,120,-10.2772
-130,120,-10.8685
-128,120,-11.5786
-126,120,-12.2436
-124,120,-12.6397
-122,120,-12.5769
-120,120,-12.0331
-118,120,-11.1918
-116,120,-10.3252
-114,120,-9.66427
-112,120,-9.35788
-110,120,-9.48799
-108,120,-10.0868
-106,120,-11.1209
-104,120,-12.4059
-102,120,-13.46
-100,120,-13.6774
-98,120,-13.0877
-96,120,-12.3037
-94,120,-11.7682
-92,120,-11.6152
-90,120,-11.7954
-88,120,-12.1237
-86,120,-12.3038
-84,120,-12.0791
-82,120,-11.457
-80,120,-10.6676
-78,120,-9.92157
-76,120,-9.29716
-74,120,-8.75585
-72,120,-8.19352
-70,120,-7.50816
-68,120,-6.66857
-66,120,-5.73117
-64,120,-4.79123
-62,120,-3.92443
-60,120,-3.1602
-58,120,-2.48233
-56,120,-1.84336
-54,120,-1.18765
-52,120,-0.477453
-50,120,0.290714
-48,120,1.09007
-46,120,1.88219
-44,120,2.63525
-42,120,3.3328
-40,120,3.97344
-38,120,4.56472
-36,120,5.11513
-34,120,5.62773
-32,120,6.09802
-30,120,6.51586
-28,120,6.8692
-26,120,7.14727
-24,120,7.34249
-22,120,7.45147
-20,120,7.47615
-18,120,7.42553
-16,120,7.31803
-14,120,7.18348
-12,120,7.06274
-10,120,7.00221
-8,120,7.04155
-6,120,7.1989
-4,120,7.46324
-2,120,7.79979
0,120,8.16368
2,120,8.51165
4,120,8.80727
6,120,9.0215
8,120,9.13191
10,120,9.12233
12,120,8.98283
14,120,8.70961
16,120,8.30489
18,120,7.77786
20,120,7.14793
22,120,6.45053
24,120,5.74276
26,120,5.10226
28,120,4.61056
30,120,4.32114
32,120,4.23223
34,120,4.28898
36,120,4.41191
38,120,4.52569
40,120,4.57248
42,120,4.51222
44,120,4.31818
46,120,3.97306
48,120,3.46657
50,120,2.7936
52,120,1.95118
54,120,0.933889
56,120,-0.271649
58,120,-1.69091
60,120,-3.3589
62,120,-5.29497
64,120,-7.40157
66,120,-9.18568
68,120,-9.67207
70,120,-8.68636
72,120,-7.19389
74,120,-5.84788
76,120,-4.81101
78,120,-4.06288
80,120,-3.53368
82,120,-3.14412
84,120,-2.8236
86,120,-2.5254
88,120,-2.23639
90,120,-1.97445
92,120,-1.77472
94,120,-1.67354
96,120,-1.69722
98,120,-1.85663
100,120,-2.14539
102,120,-2.5396
104,120,-2.99876
106,120,-3.46931
108,120,-3.89306
110,120,-4.22157
112,120,-4.43292
114,120,-4.54221
116,120,-4.59854
118,120,-4.67088
120,120,-4.83327
122,120,-5.15766
124,120,-5.71609
126,120,-6.58976
128,120,-7.88268
130,120,-9.73781
132,120,-12.3372
134,120,-15.6947
136,120,-18.189
138,120,-16.9822
140,120,-14.7917
142,120,-13.4669
144,120,-12.9945
146,120,-12.9119
148,120,-12.4429
150,120,-11.1168
152,120,-9.39512
154,120,-7.90617
156,120,-6.93253
158,120,-6.55081
160,120,-6.78482
162,120,-7.6795
164,120,-9.36125
166,120,-12.1605
168,120,-16.9856
170,120,-24.0999
172,120,-17.7698
174,120,-12.5838
176,120,-9.6455
178,120,-7.90286
180,120,-6.92188
-180,122,-6.92188
-178,122,-6.46951
-176,122,-6.35169
-174,122,-6.42153
-172,122,-6.57196
-170,122,-6.75521
-168,122,-6.97507
-166,122,-7.24786
-164,122,-7.56363
-162,122,-7.87756
-160,122,-8.13911
-158,122,-8.33885
-156,122,-8.53062
-154,122,-8.80615
-152,122,-9.24203
-150,122,-9.84281
-148,122,-10.486
-146,122,-10.9134
-144,122,-10.8883
-142,122,-10.4401
-140,122,-9.82578
-138,122,-9.29355
-136,122,-8.99307
-134,122,-9.00622
-132,122,-9.37714
-130,122,-10.1098
-128,122,-11.1356
-126,122,-12.2519
-124,122,-13.0774
-122,122,-13.2043
-120,122,-12.5848
-118,122,-11.5739
-116,122,-10.5631
-114,122,-9.79703
-112,122,-9.39813
-110,122,-9.41746
-108,122,-9.85426
-106,122,-10.6366
-104,122,-11.556
-102,122,-12.2165
-100,122,-12.2482
-98,122,-11.7263
-96,122,-11.0612
-94,122,-10.5718
-92,122,-10.3778
-90,122,-10.4608
-88,122,-10.7051
-86,122,-10.9205
-84,122,-10.9139
-82,122,-10.615
-80,122,-10.1182
-78,122,-9.5748
-76,122,-9.0779
-74,122,-8.62628
-72,122,-8.14311
-70,122,-7.52826
-68,122,-6.73108
-66,122,-5.79133
-64,122,-4.80744
-62,122,-3.87295
-60,122,-3.03835
-58,122,-2.30545
-56,122,-1.63891
-54,122,-0.986155
-52,122,-0.302051
-50,122,0.430746
-48,122,1.1977
-46,122,1.96557
-44,122,2.70101
-42,122,3.38296
-40,122,4.00573
-38,122,4.57491
-36,122,5.09994
-34,122,5.58692
-32,122,6.03481
-30,122,6.43589
-28,122,6.77883
-26,122,7.05217
-24,122,7.24686
-22,122,7.35804
-20,122,7.38664
-18,122,7.34149
-16,122,7.24157
-14,122,7.11768
-12,122,7.01133
-10,122,6.96816
-8,122,7.02518
-6,122,7.19673
-4,122,7.46868
-2,122,7.80547
0,122,8.16368
2,122,8.50275
4,122,8.78912
6,122,8.99619
8,122,9.10344
10,122,9.09598
12,122,8.96449
14,122,8.70482
16,122,8.31749
18,122,7.80825
20,122,7.19088
22,122,6.49272
24,122,5.76071
26,122,5.06312
28,122,4.47944
30,122,4.07524
32,122,3.87296
34,122,3.84155
36,122,3.91393
38,122,4.01538
40,122,4.0826
42,122,4.06922
44,122,3.94428
46,122,3.68923
48,122,3.29545
50,122,2.76151
52,122,2.08941
54,122,1.27963
56,122,0.325709
58,122,-0.790381
60,122,-2.10124
62,122,-3.65392
64,122,-5.50037
66,122,-7.65069
68,122,-9.8932
70,122,-11.402
72,122,-11.1874
74,122,-9.80001
76,122,-8.29373
78,122,-7.04811
80,122,-6.07952
82,122,-5.3136
84,122,-4.67427
86,122,-4.11379
88,122,-3.6208
90,122,-3.21283
92,122,-2.92031
94,122,-2.77126
96,122,-2.78126
98,122,-2.94767
100,122,-3.24612
102,122,-3.62884
104,122,-4.0284
106,122,-4.37201
108,122,-4.60668
110,122,-4.72154
112,122,-4.74993
114,122,-4.75056
116,122,-4.78552
118,122,-4.90883
120,122,-5.16693
122,122,-5.60689
124,122,-6.2887
126,122,-7.3
128,122,-8.77484
130,122,-10.9227
132,122,-14.0564
134,122,-18.1981
136,122,-19.5011
138,122,-16.2221
140,122,-13.565
142,122,-12.1204
144,122,-11.5514
146,122,-11.4592
148,122,-11.2916
150,122,-10.5505
152,122,-9.31777
154,122,-8.08347
156,122,-7.2118
158,122,-6.8618
160,122,-7.10334
162,122,-8.00591
164,122,-9.71138
166,122,-12.5651
168,122,-17.4815
170,122,-23.756
172,122,-17.3478
174,122,-12.4298
176,122,-9.58552
178,122,-7.88358
180,122,-6.92188
-180,124,-6.92188
-178,124,-6.47852
-176,124,-6.36193
-174,124,-6.42602
-172,124,-6.56473
-170,124,-6.73295
-168,124,-6.93796
-166,124,-7.19868
-164,124,-7.5064
-162,124,-7.8174
-160,124,-8.08346
-158,124,-8.2987
-156,124,-8.52067
-154,124,-8.84486
-152,124,-9.35317
-150,124,-10.0557
-148,124,-10.8214
-146,124,-11.3357
-144,124,-11.2687
-142,124,-10.6333
-140,124,-9.76581
-138,124,-8.98821
-136,124,-8.48765
-134,124,-8.36601
-132,124,-8.68521
-130,124,-9.47623
-128,124,-10.7151
-126,124,-12.2407
-124,124,-13.584
-122,124,-13.9966
-120,124,-13.269
-118,124,-12.0288
-116,124,-10.857
-114,124,-9.99853
-112,124,-9.52364
-110,124,-9.43192
-108,124,-9.67697
-106,124,-10.1516
-104,124,-10.6614
-102,124,-10.9514
-100,124,-10.8582
-98,124,-10.4573
-96,124,-9.97496
-94,124,-9.60309
-92,124,-9.43044
-90,124,-9.45528
-88,124,-9.60731
-86,124,-9.76841
-84,124,-9.81398
-82,124,-9.67714
-80,124,-9.38444
-78,124,-9.01943
-76,124,-8.65252
-74,124,-8.29526
-72,124,-7.8931
-70,124,-7.35599
-68,124,-6.62221
-66,124,-5.71286
-64,124,-4.72059
-62,124,-3.7492
-60,124,-2.86617
-58,124,-2.08985
-56,124,-1.39762
-54,124,-0.74317
-52,124,-0.079121
-50,124,0.621379
-48,124,1.35472
-46,124,2.09414
-44,124,2.80674
-42,124,3.46819
-40,124,4.0689
-38,124,4.61226
-36,124,5.10815
-34,124,5.5653
-32,124,5.98615
-30,124,6.36574
-28,124,6.6939
-26,124,6.95883
-24,124,7.15019
-22,124,7.26169
-20,124,7.29325
-18,124,7.25338
-16,124,7.1615
-14,124,7.0492
-12,124,6.95836
-10,124,6.9336
-8,124,7.00904
-6,124,7.19512
-4,124,7.4747
-2,124,7.81151
0,124,8.16368
2,124,8.49336
4,124,8.76986
6,124,8.9691
8,124,9.07248
10,124,9.06648
12,124,8.94245
14,124,8.69596
16,124,8.32607
18,124,7.83554
20,124,7.23341
22,124,6.54027
24,124,5.79429
26,124,5.05435
28,124,4.39438
30,124,3.88486
32,124,3.56625
34,124,3.43142
36,124,3.43134
38,124,3.49803
40,124,3.56642
42,124,3.58541
44,124,3.52044
46,124,3.35238
48,124,3.07491
50,124,2.69093
52,124,2.20769
54,124,1.63187
56,124,0.96542
58,124,0.203092
60,124,-0.668534
62,124,-1.67079
64,124,-2.83067
66,124,-4.17407
68,124,-5.70843
70,124,-7.38296
72,124,-9.01352
74,124,-10.2259
76,124,-10.6463
78,124,-10.303
80,124,-9.55105
82,124,-8.67803
84,124,-7.80959
86,124,-6.99436
88,124,-6.26758
90,124,-5.668
92,124,-5.23235
94,124,-4.98622
96,124,-4.93751
98,124,-5.0713
100,124,-5.34452
102,124,-5.68293
104,124,-5.98968
106,124,-6.17573
108,124,-6.20328
110,124,-6.10544
112,124,-5.96155
114,124,-5.85528
116,124,-5.8498
118,124,-5.98555
120,124,-6.29146
122,124,-6.80274
124,124,-7.58202
126,124,-8.74326
128,124,-10.4864
130,124,-13.1769
132,124,-17.5391
134,124,-23.1736
136,124,-19.2418
138,124,-14.64
140,124,-12.0621
142,124,-10.7264
144,124,-10.2114
146,124,-10.1952
148,124,-10.2737
150,124,-9.99376
152,124,-9.2169
154,124,-8.2585
156,124,-7.50839
158,124,-7.19983
160,124,-7.45305
162,124,-8.36586
164,124,-10.098
166,124,-13.0117
168,124,-18.015
170,124,-23.2945
172,124,-16.9275
174,124,-12.2705
176,124,-9.52253
178,124,-7.8632
180,124,-6.92188
-180,126,-6.92188
-178,126,-6.48823
-176,126,-6.37358
-174,126,-6.43297
-172,126,-6.5614
-170,126,-6.71622
-168,126,-6.90806
-166,126,-7.1587
-164,126,-7.46141
-162,126,-7.77425
-160,126,-8.05116
-158,126,-8.28821
-156,126,-8.54417
-154,126,-8.91608
-152,126,-9.49016
-150,126,-10.2843
-148,126,-11.1686
-146,126,-11.7889
-144,126,-11.7228
-142,126,-10.9503
-140,126,-9.87901
-138,126,-8.89837
-136,126,-8.22468
-134,126,-7.97136
-132,126,-8.20928
-130,126,-8.98686
-128,126,-10.3209
-126,126,-12.1266
-124,126,-13.9699
-122,126,-14.7841
-120,126,-13.9867
-118,126,-12.508
-116,126,-11.1801
-114,126,-10.245
-112,126,-9.71235
-110,126,-9.52656
-108,126,-9.60112
-106,126,-9.81689
-104,126,-10.0257
-102,126,-10.0886
-100,126,-9.94601
-98,126,-9.65052
-96,126,-9.31809
-94,126,-9.05359
-92,126,-8.91254
-90,126,-8.89697
-88,126,-8.96387
-86,126,-9.04
-84,126,-9.04796
-82,126,-8.94111
-80,126,-8.72518
-78,126,-8.44525
-76,126,-8.14755
-74,126,-7.84337
-72,126,-7.49292
-70,126,-7.01887
-68,126,-6.35498
-66,126,-5.50224
-64,126,-4.53666
-62,126,-3.56096
-60,126,-2.65327
-58,126,-1.84632
-56,126,-1.1308
-54,126,-0.469628
-52,126,0.182125
-50,126,0.85613
-48,126,1.55741
-46,126,2.26618
-44,126,2.95184
-42,126,3.58837
-40,126,4.16304
-38,126,4.67704
-36,126,5.14022
-34,126,5.56358
-32,126,5.95292
-30,126,6.30631
-28,126,6.61521
-26,126,6.86785
-24,126,7.0529
-22,126,7.16271
-20,126,7.19617
-18,126,7.1614
-16,126,7.07806
-14,126,6.97832
-12,126,6.90413
-10,126,6.8988
-8,126,6.99333
-6,126,7.19418
-4,126,7.48133
-2,126,7.81792
0,126,8.16368
2,126,8.48348
4,126,8.74951
6,126,8.94021
8,126,9.03897
10,126,9.03367
12,126,8.91636
14,126,8.68248
16,126,8.32982
18,126,7.85863
20,126,7.27412
22,126,6.59148
24,126,5.8418
26,126,5.07547
28,126,4.35885
30,126,3.76089
32,126,3.33162
34,126,3.08344
36,126,2.98822
38,126,2.9917
40,126,3.03341
42,126,3.06148
44,126,3.03977
46,126,2.94945
48,126,2.78669
50,126,2.5575
52,126,2.27151
54,126,1.93658
56,126,1.55581
58,126,1.12678
60,126,0.641649
62,126,0.0872249
64,126,-0.554596
66,126,-1.30472
68,126,-2.18271
70,126,-3.20127
72,126,-4.36067
74,126,-5.64304
76,126,-7.0051
78,126,-8.36477
80,126,-9.57954
82,126,-10.4406
84,126,-10.7542
86,126,-10.5091
88,126,-9.91296
90,126,-9.22933
92,126,-8.64605
94,126,-8.2599
96,126,-8.10293
98,126,-8.16143
100,126,-8.38062
102,126,-8.66464
104,126,-8.8902
106,126,-8.95199
108,126,-8.82169
110,126,-8.56167
112,126,-8.27711
114,126,-8.06079
116,126,-7.97103
118,126,-8.03819
120,126,-8.28533
122,126,-8.7557
124,126,-9.54285
126,126,-10.8252
128,126,-12.9372
130,126,-16.6257
132,126,-24.3735
134,126,-24.7043
136,126,-16.5071
138,126,-12.6172
140,126,-10.483
142,126,-9.38438
144,126,-9.00387
146,126,-9.10542
148,126,-9.39216
150,126,-9.47749
152,126,-9.1099
154,126,-8.43622
156,126,-7.82426
158,126,-7.56671
160,126,-7.83614
162,126,-8.76204
164,126,-10.5245
166,126,-13.5035
168,126,-18.5797
170,126,-22.7318
172,126,-16.5101
174,126,-12.1066
176,126,-9.45675
178,126,-7.84176
180,126,-6.92188
-180,128,-6.92188
-178,128,-6.49864
-176,128,-6.38671
-174,128,-6.44255
-172,128,-6.56219
-170,128,-6.70523
-168,128,-6.88549
-166,128,-7.12784
-164,128,-7.42829
-162,128,-7.74746
-160,128,-8.04132
-158,128,-8.30652
-156,128,-8.60075
-154,128,-9.02037
-152,128,-9.6544
-150,128,-10.5298
-148,128,-11.5285
-146,128,-12.2802
-144,128,-12.2764
-142,128,-11.4304
-140,128,-10.1989
-138,128,-9.03935
-136,128,-8.20003
-134,128,-7.80502
-132,128,-7.92836
-130,128,-8.6233
-128,128,-9.92532
-126,128,-11.8066
-124,128,-13.9459
-122,128,-15.2139
-120,128,-14.5561
-118,128,-12.962
-116,128,-11.5307
-114,128,-10.5428
-112,128,-9.97346
-110,128,-9.72911
-108,128,-9.69883
-106,128,-9.76647
-104,128,-9.82397
-102,128,-9.79421
-100,128,-9.65275
-98,128,-9.42864
-96,128,-9.18005
-94,128,-8.96294
-92,128,-8.81046
-90,128,-8.72612
-88,128,-8.68609
-86,128,-8.64816
-84,128,-8.56732
-82,128,-8.41496
-80,128,-8.19154
-78,128,-7.92235
-76,128,-7.63696
-74,128,-7.344
-72,128,-7.01408
-70,128,-6.58307
-68,128,-5.98527
-66,128,-5.20327
-64,128,-4.28936
-62,128,-3.33486
-60,128,-2.42147
-58,128,-1.59364
-56,128,-0.855582
-54,128,-0.181623
-52,128,0.466968
-50,128,1.12256
-48,128,1.79614
-46,128,2.4747
-44,128,3.13131
-42,128,3.73988
-40,128,4.28553
-38,128,4.76741
-36,128,5.19506
-34,128,5.58129
-32,128,5.93514
-30,128,6.25792
-28,128,6.54318
-26,128,6.77966
-24,128,6.95532
-22,128,7.06135
-20,128,7.09562
-18,128,7.06577
-16,128,6.99152
-14,128,6.90536
-12,128,6.849
-10,128,6.86409
-8,128,6.97826
-6,128,7.19404
-4,128,7.4886
-2,128,7.82469
0,128,8.16368
2,128,8.47313
4,128,8.72811
6,128,8.90955
8,128,9.00288
10,128,8.9974
12,128,8.88593
14,128,8.66386
16,128,8.32796
18,128,7.87646
20,128,7.31157
22,128,6.64448
24,128,5.90095
26,128,5.12438
28,128,4.37312
30,128,3.70995
32,128,3.18567
34,128,2.82388
36,128,2.61538
38,128,2.52483
40,128,2.50461
42,128,2.50897
44,128,2.50435
46,128,2.47392
48,128,2.41563
50,128,2.33561
52,128,2.24034
54,128,2.13143
56,128,2.00462
58,128,1.85139
60,128,1.66041
62,128,1.41765
64,128,1.10623
66,128,0.707552
68,128,0.204021
70,128,-0.417689
72,128,-1.16424
74,128,-2.03453
76,128,-3.01917
78,128,-4.09886
80,128,-5.23944
82,128,-6.38232
84,128,-7.43555
86,128,-8.28301
88,128,-8.83287
90,128,-9.08334
92,128,-9.13327
94,128,-9.1209
96,128,-9.15961
98,128,-9.31301
100,128,-9.59645
102,128,-9.98445
104,128,-10.4189
106,128,-10.8224
108,128,-11.1216
110,128,-11.2742
112,128,-11.2807
114,128,-11.1734
116,128,-10.9999
118,128,-10.8197
120,128,-10.7181
122,128,-10.8208
124,128,-11.3007
126,128,-12.3911
128,128,-14.4276
130,128,-17.823
132,128,-20.7955
134,128,-17.3131
136,128,-13.225
138,128,-10.5606
140,128,-8.96046
142,128,-8.14429
144,128,-7.93407
146,128,-8.17171
148,128,-8.64059
150,128,-9.02059
152,128,-9.01285
154,128,-8.62259
156,128,-8.16197
158,128,-7.96465
160,128,-8.25517
162,128,-9.1975
164,128,-10.9943
166,128,-14.0439
168,128,-19.1627
170,128,-22.0905
172,128,-16.0966
174,128,-11.9388
176,128,-9.3884
178,128,-7.81932
180,128,-6.92188
-180,130,-6.92188
-178,130,-6.50976
-176,130,-6.40138
-174,130,-6.45487
-172,130,-6.5673
-170,130,-6.70017
-168,130,-6.87029
-166,130,-7.1059
-164,130,-7.40645
-162,130,-7.7359
-160,130,-8.05237
-158,130,-8.35187
-156,130,-8.689
-154,130,-9.15707
-152,130,-9.84606
-150,130,-10.7925
-148,130,-11.8995
-146,130,-12.8098
-144,130,-12.9456
-142,130,-12.1014
-140,130,-10.744
-138,130,-9.40927
-136,130,-8.39193
-134,130,-7.83058
-132,130,-7.79817
-130,130,-8.34027
-128,130,-9.48614
-126,130,-11.2228
-124,130,-13.3354
-122,130,-14.9454
-120,130,-14.7951
-118,130,-13.393
-116,130,-11.972
-114,130,-10.9605
-112,130,-10.3675
-110,130,-10.0972
-108,130,-10.0347
-106,130,-10.0701
-104,130,-10.1115
-102,130,-10.0944
-100,130,-9.98842
-98,130,-9.79626
-96,130,-9.54601
-94,130,-9.27577
-92,130,-9.0182
-90,130,-8.79047
-88,130,-8.5914
-86,130,-8.40478
-84,130,-8.2074
-82,130,-7.98022
-80,130,-7.71798
-78,130,-7.43095
-76,130,-7.13549
-74,130,-6.83692
-72,130,-6.51365
-70,130,-6.11389
-68,130,-5.57591
-66,130,-4.86824
-64,130,-4.01844
-62,130,-3.1002
-60,130,-2.19296
-58,130,-1.35002
-56,130,-0.588707
-54,130,0.104114
-52,130,0.758596
-50,130,1.40473
-48,130,2.05698
-46,130,2.70828
-44,130,3.33618
-42,130,3.91582
-40,130,4.43109
-38,130,4.87947
-36,130,5.26995
-34,130,5.61676
-32,130,5.93198
-30,130,6.22032
-28,130,6.47787
-26,130,6.69443
-24,130,6.85767
-22,130,6.95785
-20,130,6.99186
-18,130,6.96677
-16,130,6.90223
-14,130,6.83071
-12,130,6.79336
-10,130,6.82979
-8,130,6.96408
-6,130,7.1948
-4,130,7.49656
-2,130,7.83184
0,130,8.16368
2,130,8.46233
4,130,8.70567
6,130,8.87714
8,130,8.96417
10,130,8.95752
12,130,8.85086
14,130,8.6396
16,130,8.31977
18,130,7.88801
20,130,7.34436
22,130,6.69727
24,130,5.96891
26,130,5.19752
28,130,4.43415
30,130,3.73299
32,130,3.13858
34,130,2.67589
36,130,2.34762
38,130,2.13776
40,130,2.01846
42,130,1.95904
44,130,1.93539
46,130,1.93573
48,130,1.95903
50,130,2.00751
52,130,2.07838
54,130,2.16067
56,130,2.23788
58,130,2.29261
60,130,2.30908
62,130,2.27293
64,130,2.17007
66,130,1.98676
68,130,1.71135
70,130,1.33676
72,130,0.862436
74,130,0.295216
76,130,-0.350643
78,130,-1.05391
80,130,-1.78694
82,130,-2.5166
84,130,-3.20661
86,130,-3.8227
88,130,-4.34076
90,130,-4.75538
92,130,-5.08355
94,130,-5.36085
96,130,-5.63214
98,130,-5.9423
100,130,-6.33058
102,130,-6.82873
104,130,-7.4609
106,130,-8.24177
108,130,-9.16771
110,130,-10.1928
112,130,-11.1843
114,130,-11.8924
116,130,-12.0624
118,130,-11.7037
120,130,-11.1301
122,130,-10.7016
124,130,-10.6727
126,130,-11.1971
128,130,-12.311
130,130,-13.6746
132,130,-14.0391
134,130,-12.5387
136,130,-10.4178
138,130,-8.69038
140,130,-7.57167
142,130,-7.0334
144,130,-7.00206
146,130,-7.38035
148,130,-8.01162
150,130,-8.63438
152,130,-8.9399
154,130,-8.82436
156,130,-8.52476
158,130,-8.39634
160,130,-8.71308
162,130,-9.6757
164,130,-11.5113
166,130,-14.6358
168,130,-19.7411
170,130,-21.3948
172,130,-15.6879
174,130,-11.7676
176,130,-9.31772
178,130,-7.79593
180,130,-6.92188
-180,132,-6.92188
-178,132,-6.52158
-176,132,-6.41762
-174,132,-6.47005
-172,132,-6.57689
-170,132,-6.70119
-168,132,-6.86246
-166,132,-7.09254
-164,132,-7.39505
-162,132,-7.73809
-160,132,-8.0821
-158,132,-8.42167
-156,132,-8.8064
-154,132,-9.32431
-152,132,-10.0641
-150,132,-11.0711
-148,132,-12.2775
-146,132,-13.37
-144,132,-13.7328
-142,132,-12.9788
-140,132,-11.5187
-138,132,-9.98943
-136,132,-8.76112
-134,132,-7.99545
-132,132,-7.76072
-130,132,-8.08535
-128,132,-8.97708
-126,132,-10.4138
-124,132,-12.2595
-122,132,-13.999
-120,132,-14.614
-118,132,-13.8408
-116,132,-12.6263
-114,132,-11.634
-112,132,-11.0134
-110,132,-10.7204
-108,132,-10.6618
-106,132,-10.7386
-104,132,-10.8561
-102,132,-10.9265
-100,132,-10.8762
-98,132,-10.6665
-96,132,-10.3095
-94,132,-9.85892
-92,132,-9.38076
-90,132,-8.92646
-88,132,-8.52194
-86,132,-8.16908
-84,132,-7.85333
-82,132,-7.55418
-80,132,-7.25574
-78,132,-6.95315
-76,132,-6.65028
-74,132,-6.3483
-72,132,-6.03114
-70,132,-5.65784
-68,132,-5.17262
-66,132,-4.53516
-64,132,-3.75142
-62,132,-2.87557
-60,132,-1.98068
-58,132,-1.12606
-56,132,-0.341017
-54,132,0.374977
-52,132,1.04246
-50,132,1.68714
-48,132,2.32497
-46,132,2.95366
-44,132,3.55534
-42,132,4.10715
-40,132,4.59258
-38,132,5.0077
-36,132,5.36083
-34,132,5.66723
-32,132,5.94175
-30,132,6.19263
-28,132,6.41897
-26,132,6.61215
-24,132,6.7601
-22,132,6.85242
-20,132,6.88516
-18,132,6.86477
-16,132,6.81059
-14,132,6.75483
-12,132,6.73764
-10,132,6.79625
-8,132,6.95101
-6,132,7.19659
-4,132,7.50525
-2,132,7.83935
0,132,8.16368
2,132,8.4511
4,132,8.68223
6,132,8.843
8,132,8.92282
10,132,8.91395
12,132,8.81091
14,132,8.6093
16,132,8.3046
18,132,7.89234
20,132,7.37113
22,132,6.74782
24,132,6.04252
26,132,5.29016
28,132,4.5359
30,132,3.82486
32,132,3.19124
34,132,2.65337
36,132,2.21651
38,132,1.87841
40,132,1.63252
42,132,1.47029
44,132,1.38502
46,132,1.37484
48,132,1.44027
50,132,1.57667
52,132,1.76804
54,132,1.98818
56,132,2.20798
58,132,2.40242
60,132,2.55335
62,132,2.64805
64,132,2.67668
66,132,2.63115
68,132,2.50579
70,132,2.29912
72,132,2.01517
74,132,1.66401
76,132,1.26094
78,132,0.825005
80,132,0.376843
82,132,-0.0635064
84,132,-0.47874
86,132,-0.856204
88,132,-1.1896
90,132,-1.48042
92,132,-1.73876
94,132,-1.98303
96,132,-2.23832
98,132,-2.53382
100,132,-2.90003
102,132,-3.36644
104,132,-3.95955
106,132,-4.69979
108,132,-5.59396
110,132,-6.61695
112,132,-7.67606
114,132,-8.57253
116,132,-9.04855
118,132,-9.00422
120,132,-8.64271
122,132,-8.29512
124,132,-8.21211
126,132,-8.51215
128,132,-9.1612
130,132,-9.87262
132,132,-10.0605
134,132,-9.36392
136,132,-8.18114
138,132,-7.08458
140,132,-6.3553
142,132,-6.06642
144,132,-6.2068
146,132,-6.72189
148,132,-7.49907
150,132,-8.32576
152,132,-8.90312
154,132,-9.04876
156,132,-8.91658
158,132,-8.86507
160,132,-9.21339
162,132,-10.2006
164,132,-12.0799
166,132,-15.2806
168,132,-20.2781
170,132,-20.6668
172,132,-15.2846
174,132,-11.5939
176,132,-9.24492
178,132,-7.77165
180,132,-6.92188
-180,134,-6.92188
-178,134,-6.53412
-176,134,-6.43551
-174,134,-6.48822
-172,134,-6.59112
-170,134,-6.70841
-168,134,-6.86196
-166,134,-7.08739
-164,134,-7.39315
-162,134,-7.75226
-160,134,-8.12787
-158,134,-8.51261
-156,134,-8.94958
-154,134,-9.51928
-152,134,-10.3067
-150,134,-11.3643
-148,134,-12.6578
-146,134,-13.9457
-144,134,-14.6238
-142,134,-14.064
-140,134,-12.5116
-138,134,-10.7416
-136,134,-9.2516
-134,134,-8.23808
-132,134,-7.76053
-130,134,-7.82445
-128,134,-8.41378
-126,134,-9.49817
-124,134,-11.0051
-122,134,-12.7069
-120,134,-14.0247
-118,134,-14.2712
-116,134,-13.5955
-114,134,-12.7166
-112,134,-12.0494
-110,134,-11.6877
-108,134,-11.5986
-106,134,-11.7095
-104,134,-11.9228
-102,134,-12.1087
-100,134,-12.1157
-98,134,-11.8348
-96,134,-11.2722
-94,134,-10.5396
-92,134,-9.77047
-90,134,-9.05875
-88,134,-8.44749
-86,134,-7.94164
-84,134,-7.523
-82,134,-7.16323
-80,134,-6.8351
-78,134,-6.5208
-76,134,-6.21347
-74,134,-5.90987
-72,134,-5.59746
-70,134,-5.24413
-68,134,-4.80088
-66,134,-4.22302
-64,134,-3.49963
-62,134,-2.66606
-60,134,-1.78645
-58,134,-0.923188
-56,134,-0.115738
-54,134,0.624691
-52,134,1.30907
-50,134,1.95799
-48,134,2.58739
-46,134,3.19857
-44,134,3.77775
-42,134,4.30443
-40,134,4.76212
-38,134,5.14572
-36,134,5.46273
-34,134,5.72907
-32,134,5.96205
-30,134,6.17344
-28,134,6.36573
-26,134,6.53256
-24,134,6.66262
-22,134,6.74525
-20,134,6.77582
-18,134,6.76014
-16,134,6.71708
-14,134,6.67821
-12,134,6.68231
-10,134,6.76386
-8,134,6.9393
-6,134,7.19953
-4,134,7.51469
-2,134,7.84723
0,134,8.16368
2,134,8.43946
4,134,8.65784
6,134,8.80716
8,134,8.87884
10,134,8.86661
12,134,8.76589
14,134,8.57259
16,134,8.28188
18,134,7.88861
20,134,7.39062
22,134,6.79409
24,134,6.11843
26,134,5.39681
28,134,4.67004
30,134,3.97501
32,134,3.33449
34,134,2.75596
36,134,2.23988
38,134,1.78935
40,134,1.41371
42,134,1.12659
44,134,0.942619
46,134,0.874077
48,134,0.925263
50,134,1.08555
52,134,1.32714
54,134,1.61138
56,134,1.89987
58,134,2.16299
60,134,2.38211
62,134,2.54697
64,134,2.65181
66,134,2.69306
68,134,2.66914
70,134,2.58149
72,134,2.43562
74,134,2.24116
76,134,2.01094
78,134,1.75936
80,134,1.50052
82,134,1.24678
84,134,1.00787
86,134,0.790305
88,134,0.59678
90,134,0.425187
92,134,0.2675
94,134,0.109204
96,134,-0.0700593
98,134,-0.294614
100,134,-0.590166
102,134,-0.981196
104,134,-1.48844
106,134,-2.12554
108,134,-2.89255
110,134,-3.76297
112,134,-4.6629
114,134,-5.45494
116,134,-5.97174
118,134,-6.13271
120,134,-6.03857
122,134,-5.90539
124,134,-5.92851
126,134,-6.20829
128,134,-6.71518
130,134,-7.24614
132,134,-7.4527
134,134,-7.12137
136,134,-6.43597
138,134,-5.75601
140,134,-5.32674
142,134,-5.25021
144,134,-5.54686
146,134,-6.18985
148,134,-7.09834
150,134,-8.09919
152,134,-8.91281
154,134,-9.30347
156,134,-9.34215
158,134,-9.3748
160,134,-9.76021
162,134,-10.7766
164,134,-12.7043
166,134,-15.9772
168,134,-20.7213
170,134,-19.9248
172,134,-14.8874
174,134,-11.4181
176,134,-9.17023
178,134,-7.74652
180,134,-6.92188
-180,136,-6.92188
-178,136,-6.54738
-176,136,-6.45507
-174,136,-6.50947
-172,136,-6.61014
-170,136,-6.72192
-168,136,-6.86874
-166,136,-7.09006
-164,136,-7.39975
-162,136,-7.77651
-160,136,-8.18673
-158,136,-8.62088
-156,136,-9.11449
-154,136,-9.73849
-152,136,-10.5715
-150,136,-11.671
-148,136,-13.0364
-146,136,-14.5164
-144,136,-15.5827
-142,136,-15.3346
-140,136,-13.6843
-138,136,-11.6021
-136,136,-9.7949
-134,136,-8.50189
-132,136,-7.76442
-130,136,-7.56077
-128,136,-7.8545
-126,136,-8.61392
-124,136,-9.81234
-122,136,-11.3901
-120,136,-13.1336
-118,136,-14.494
-116,136,-14.841
-114,136,-14.3148
-112,136,-13.5773
-110,136,-13.0291
-108,136,-12.7794
-106,136,-12.8105
-104,136,-13.0379
-102,136,-13.3001
-100,136,-13.3591
-98,136,-13.0055
-96,136,-12.2301
-94,136,-11.2198
-92,136,-10.1838
-90,136,-9.24924
-88,136,-8.46408
-86,136,-7.82841
-84,136,-7.31756
-82,136,-6.89646
-80,136,-6.53031
-78,136,-6.19279
-76,136,-5.86951
-74,136,-5.55362
-72,136,-5.23475
-70,136,-4.88773
-68,136,-4.47016
-66,136,-3.93608
-64,136,-3.26224
-62,136,-2.46704
-60,136,-1.60407
-58,136,-0.735908
-56,136,0.0902459
-54,136,0.853061
-52,136,1.55473
-50,136,2.21063
-48,136,2.83574
-46,136,3.43377
-44,136,3.99441
-42,136,4.49932
-40,136,4.93229
-38,136,5.28713
-36,136,5.57035
-34,136,5.79814
-32,136,5.98988
-30,136,6.16079
-28,136,6.31706
-26,136,6.45513
-24,136,6.5651
-22,136,6.63648
-20,136,6.66418
-18,136,6.65337
-16,136,6.62225
-14,136,6.60143
-12,136,6.62789
-10,136,6.73301
-8,136,6.92918
-6,136,7.20373
-4,136,7.52492
-2,136,7.85547
0,136,8.16368
2,136,8.42741
4,136,8.63251
6,136,8.76966
8,136,8.83223
10,136,8.81544
12,136,8.71565
14,136,8.52918
16,136,8.25113
18,136,7.87607
20,136,7.40163
22,136,6.83412
24,136,6.19319
26,136,5.51148
28,136,4.82679
30,136,4.16908
32,136,3.55065
34,136,2.96783
36,136,2.41338
38,136,1.8895
40,136,1.41319
42,136,1.0126
44,136,0.718621
46,136,0.5553
48,136,0.531133
50,136,0.63379
52,136,0.831674
54,136,1.08299
56,136,1.3477
58,136,1.59612
60,136,1.81098
62,136,1.98443
64,136,2.11349
66,136,2.19689
68,136,2.23416
70,136,2.22634
72,136,2.17691
74,136,2.09205
76,136,1.98011
78,136,1.85058
80,136,1.71309
82,136,1.57672
84,136,1.44959
86,136,1.33829
88,136,1.24672
90,136,1.1744
92,136,1.11466
94,136,1.05391
96,136,0.972425
98,136,0.846667
100,136,0.65219
102,136,0.366466
104,136,-0.0285867
106,136,-0.543532
108,136,-1.17617
110,136,-1.90227
112,136,-2.6627
114,136,-3.35684
116,136,-3.86715
118,136,-4.12975
120,136,-4.19712
122,136,-4.21269
124,136,-4.32349
126,136,-4.61033
128,136,-5.04815
130,136,-5.48369
132,136,-5.68283
134,136,-5.51571
136,136,-5.10283
138,136,-4.69478
140,136,-4.48937
142,136,-4.58704
144,136,-5.02067
146,136,-5.77987
148,136,-6.80625
150,136,-7.95797
152,136,-8.97797
154,136,-9.59655
156,136,-9.80712
158,136,-9.93038
160,136,-10.3583
162,136,-11.4087
164,136,-13.3885
166,136,-16.719
168,136,-21.0064
170,136,-19.1829
172,136,-14.4969
174,136,-11.2408
176,136,-9.09388
178,136,-7.72062
180,136,-6.92188
-180,138,-6.92188
-178,138,-6.56137
-176,138,-6.47635
-174,138,-6.5339
-172,138,-6.63406
-170,138,-6.74185
-168,138,-6.88276
-166,138,-7.10018
-164,138,-7.41388
-162,138,-7.80895
-160,138,-8.25563
-158,138,-8.74245
-156,138,-9.29672
-154,138,-9.97818
-152,138,-10.8566
-150,138,-11.991
-148,138,-13.4107
-146,138,-15.0584
-144,138,-16.5394
-142,138,-16.7113
-140,138,-14.9441
-138,138,-12.4754
-136,138,-10.3215
-134,138,-8.75248
-132,138,-7.77438
-130,138,-7.33376
-128,138,-7.37679
-126,138,-7.87233
-124,138,-8.82039
-122,138,-10.242
-120,138,-12.1303
-118,138,-14.2962
-116,138,-16.0399
-114,138,-16.3876
-112,138,-15.5891
-110,138,-14.6329
-108,138,-13.9914
-106,138,-13.7464
-104,138,-13.834
-102,138,-14.09
-100,138,-14.2316
-98,138,-13.9402
-96,138,-13.1138
-94,138,-11.9549
-92,138,-10.7379
-90,138,-9.63144
-88,138,-8.69775
-86,138,-7.93871
-84,138,-7.32782
-82,138,-6.82728
-80,138,-6.39869
-78,138,-6.01131
-76,138,-5.64652
-74,138,-5.29543
-72,138,-4.94945
-70,138,-4.58884
-68,138,-4.17702
-66,138,-3.66851
-64,138,-3.03118
-62,138,-2.26874
-60,138,-1.4233
-58,138,-0.554923
-56,138,0.284172
-54,138,1.06456
-52,138,1.78087
-50,138,2.44356
-48,138,3.06619
-46,138,3.65398
-44,138,4.19926
-42,138,4.6856
-40,138,5.09699
-38,138,5.42622
-36,138,5.67856
-34,138,5.87011
-32,138,6.02187
-30,138,6.1523
-28,138,6.27145
-26,138,6.37906
-24,138,6.46724
-22,138,6.52618
-20,138,6.55058
-18,138,6.54498
-16,138,6.52672
-14,138,6.52513
-12,138,6.57493
-10,138,6.70408
-8,138,6.9209
-6,138,7.2093
-4,138,7.53598
-2,138,7.86409
0,138,8.16368
2,138,8.41499
4,138,8.6063
6,138,8.73056
8,138,8.78305
10,138,8.76044
12,138,8.66009
14,138,8.47883
16,138,8.21195
18,138,7.85408
20,138,7.4031
22,138,6.86601
24,138,6.2634
26,138,5.62811
28,138,4.99581
30,138,4.39084
32,138,3.81689
34,138,3.26124
36,138,2.70991
38,138,2.1625
40,138,1.63798
42,138,1.16976
44,138,0.793679
46,138,0.534911
48,138,0.399671
50,138,0.374773
52,138,0.433246
54,138,0.542591
56,138,0.672942
58,138,0.80283
60,138,0.920753
62,138,1.02268
64,138,1.10779
66,138,1.17507
68,138,1.22232
70,138,1.24687
72,138,1.24697
74,138,1.22282
76,138,1.17695
78,138,1.11424
80,138,1.04173
82,138,0.968381
84,138,0.90448
86,138,0.860272
88,138,0.843574
90,138,0.856766
92,138,0.894275
94,138,0.941865
96,138,0.978206
98,138,0.97807
100,138,0.91585
102,138,0.768475
104,138,0.51771
106,138,0.152693
108,138,-0.325968
110,138,-0.899424
112,138,-1.5222
114,138,-2.11912
116,138,-2.60244
118,138,-2.91722
120,138,-3.08589
122,138,-3.20154
124,138,-3.37112
126,138,-3.65507
128,138,-4.02788
130,138,-4.36776
132,138,-4.51263
134,138,-4.39553
136,138,-4.12278
138,138,-3.88589
140,138,-3.84165
142,138,-4.07727
144,138,-4.62712
146,138,-5.4894
148,138,-6.62122
150,138,-7.90518
152,138,-9.10686
154,138,-9.93662
156,138,-10.3182
158,138,-10.5376
160,138,-11.0134
162,138,-12.102
164,138,-14.1353
166,138,-17.4899
168,138,-21.0732
170,138,-18.4514
172,138,-14.1138
174,138,-11.0627
176,138,-9.0161
178,138,-7.69399
180,138,-6.92188
-180,140,-6.92188
-178,140,-6.57607
-176,140,-6.49938
-174,140,-6.56159
-172,140,-6.66302
-170,140,-6.76828
-168,140,-6.904
-166,140,-7.11744
-164,140,-7.43469
-162,140,-7.84783
-160,140,-8.33167
-158,140,-8.87332
-156,140,-9.49183
-154,140,-10.2346
-152,140,-11.1601
-150,140,-12.3245
-148,140,-13.7784
-146,140,-15.5417
-144,140,-17.3715
-142,140,-17.9874
-140,140,-16.0959
-138,140,-13.2372
-136,140,-10.7791
-134,140,-8.9888
-132,140,-7.82448
-130,140,-7.20145
-128,140,-7.05196
-126,140,-7.34535
-124,140,-8.09538
-122,140,-9.35629
-120,140,-11.2083
-118,140,-13.7053
-116,140,-16.5969
-114,140,-18.4457
-112,140,-17.754
-110,140,-16.1224
-108,140,-14.8789
-106,140,-14.225
-104,140,-14.0778
-102,140,-14.2767
-100,140,-14.5575
-98,140,-14.5424
-96,140,-13.9439
-94,140,-12.8394
-92,140,-11.5411
-90,140,-10.2972
-88,140,-9.21653
-86,140,-8.31922
-84,140,-7.58421
-82,140,-6.97421
-80,140,-6.44971
-78,140,-5.97834
-76,140,-5.54003
-74,140,-5.12565
-72,140,-4.72863
-70,140,-4.33345
-68,140,-3.90819
-66,140,-3.40833
-64,140,-2.79526
-62,140,-2.06007
-60,140,-1.23317
-58,140,-0.369908
-56,140,0.475089
-54,140,1.26639
-52,140,1.99244
-50,140,2.65933
-48,140,3.27901
-46,140,3.85756
-44,140,4.38933
-42,140,4.85939
-40,140,5.25184
-38,140,5.55833
-36,140,5.78278
-34,140,5.94078
-32,140,6.05448
-30,140,6.14525
-28,140,6.22704
-26,140,6.30328
-24,140,6.36862
-22,140,6.41439
-20,140,6.43538
-18,140,6.43555
-16,140,6.43119
-14,140,6.44998
-12,140,6.52401
-10,140,6.67751
-8,140,6.9147
-6,140,7.21634
-4,140,7.5479
-2,140,7.87307
0,140,8.16368
2,140,8.40221
4,140,8.57926
6,140,8.68992
8,140,8.73133
10,140,8.70162
12,140,8.59917
14,140,8.42143
16,140,8.16407
18,140,7.82211
20,140,7.39406
22,140,6.88801
24,140,6.32579
26,140,5.74074
28,140,5.1669
30,140,4.62395
32,140,4.10894
34,140,3.60285
36,140,3.08763
38,140,2.56145
40,140,2.04349
42,140,1.56685
44,140,1.16336
46,140,0.84897
48,140,0.61857
50,140,0.452437
52,140,0.327071
54,140,0.222984
56,140,0.127885
58,140,0.0370707
60,140,-0.0479812
62,140,-0.122656
64,140,-0.182943
66,140,-0.228157
68,140,-0.261603
70,140,-0.289534
72,140,-0.319309
74,140,-0.357466
76,140,-0.407945
78,140,-0.470593
80,140,-0.540101
82,140,-0.60571
84,140,-0.652185
86,140,-0.662586
88,140,-0.62283
90,140,-0.526909
92,140,-0.380545
94,140,-0.20139
96,140,-0.0157302
98,140,0.146434
100,140,0.255784
102,140,0.28657
104,140,0.21839
106,140,0.0380032
108,140,-0.257595
110,140,-0.65625
112,140,-1.12501
114,140,-1.60854
116,140,-2.04045
118,140,-2.3722
120,140,-2.60441
122,140,-2.78932
124,140,-2.9956
126,140,-3.25975
128,140,-3.55105
130,140,-3.77133
132,140,-3.81592
134,140,-3.67316
136,140,-3.45391
138,140,-3.31514
140,140,-3.38064
142,140,-3.72091
144,140,-4.36604
146,140,-5.31763
148,140,-6.54326
150,140,-7.94443
152,140,-9.30765
154,140,-10.333
156,140,-10.8834
158,140,-11.2033
160,140,-11.7315
162,140,-12.8617
164,140,-14.9441
166,140,-18.2571
168,140,-20.8889
170,140,-17.7374
172,140,-13.7383
174,140,-10.8842
176,140,-8.93711
178,140,-7.6667
180,140,-6.92188
-180,142,-6.92188
-178,142,-6.5915
-176,142,-6.5242
-174,142,-6.59261
-172,142,-6.69711
-170,142,-6.80134
-168,142,-6.9325
-166,142,-7.14167
-164,142,-7.46153
-162,142,-7.89173
-160,142,-8.41232
-158,142,-9.00986
-156,142,-9.69564
-154,142,-10.5041
-152,142,-11.48
-150,142,-12.6708
-148,142,-14.1333
-146,142,-15.9267
-144,142,-17.9014
-142,142,-18.7696
-140,142,-16.8302
-138,142,-13.7636
-136,142,-11.1488
-134,142,-9.24075
-132,142,-7.96603
-130,142,-7.22131
-128,142,-6.93199
-126,142,-7.07015
-124,142,-7.65813
-122,142,-8.76212
-120,142,-10.4849
-118,142,-12.9552
-116,142,-16.2021
-114,142,-19.2108
-112,142,-19.0391
-110,142,-16.9011
-108,142,-15.1871
-106,142,-14.2227
-104,142,-13.8878
-102,142,-14.0282
-100,142,-14.4382
-98,142,-14.7831
-96,142,-14.6393
-94,142,-13.8203
-92,142,-12.5641
-90,142,-11.2187
-88,142,-9.98569
-86,142,-8.92866
-84,142,-8.04156
-82,142,-7.29111
-80,142,-6.63857
-78,142,-6.05199
-76,142,-5.51205
-74,142,-5.01085
-72,142,-4.54382
-70,142,-4.09848
-68,142,-3.64597
-66,142,-3.14245
-64,142,-2.54433
-62,142,-1.83211
-60,142,-1.025
-58,142,-0.172196
-56,142,0.671396
-54,142,1.46624
-52,142,2.19588
-50,142,2.86271
-48,142,3.47709
-46,142,4.04559
-44,142,4.5641
-42,142,5.0189
-40,142,5.39404
-38,142,5.67998
-36,142,5.87912
-34,142,6.0062
-32,142,6.0841
-30,142,6.1367
-28,142,6.18171
-26,142,6.22646
-24,142,6.26859
-22,142,6.30106
-20,142,6.31897
-18,142,6.32573
-16,142,6.33644
-14,142,6.37675
-12,142,6.47574
-10,142,6.6537
-8,142,6.91081
-6,142,7.22497
-4,142,7.56069
-2,142,7.88241
0,142,8.16368
2,142,8.38909
4,142,8.55142
6,142,8.6478
8,142,8.67716
10,142,8.63905
12,142,8.53289
14,142,8.35689
16,142,8.1073
18,142,7.77975
20,142,7.3737
22,142,6.89849
24,142,6.37726
26,142,5.84379
28,142,5.33055
30,142,4.85325
32,142,4.40396
34,142,3.95978
36,142,3.50103
38,142,3.02605
40,142,2.55426
42,142,2.11653
44,142,1.7377
46,142,1.42183
48,142,1.15063
50,142,0.895173
52,142,0.630362
54,142,0.343198
56,142,0.0334367
58,142,-0.290175
60,142,-0.615143
62,142,-0.930022
64,142,-1.22717
66,142,-1.50288
68,142,-1.75596
70,142,-1.98685
72,142,-2.19788
74,142,-2.39349
76,142,-2.57898
78,142,-2.75733
80,142,-2.92524
82,142,-3.07024
84,142,-3.17045
86,142,-3.1987
88,142,-3.13089
90,142,-2.95606
92,142,-2.68277
94,142,-2.33798
96,142,-1.95964
98,142,-1.5881
100,142,-1.26028
102,142,-1.00712
104,142,-0.852884
106,142,-0.81431
108,142,-0.898638
110,142,-1.10018
112,142,-1.3967
114,142,-1.74865
116,142,-2.10621
118,142,-2.42656
120,142,-2.69388
122,142,-2.9246
124,142,-3.14763
126,142,-3.36988
128,142,-3.55119
130,142,-3.61622
132,142,-3.51599
134,142,-3.29173
136,142,-3.06508
138,142,-2.96985
140,142,-3.10292
142,142,-3.51794
144,142,-4.23807
146,142,-5.26527
148,142,-6.57394
150,142,-8.08015
152,142,-9.58882
154,142,-10.796
156,142,-11.5118
158,142,-11.9355
160,142,-12.5194
162,142,-13.6915
164,142,-15.8083
166,142,-18.9638
168,142,-20.464
170,142,-17.0456
172,142,-13.3712
174,142,-10.7059
176,142,-8.85714
178,142,-7.63881
180,142,-6.92188
-180,144,-6.92188
-178,144,-6.60766
-176,144,-6.55085
-174,144,-6.62705
-172,144,-6.73647
-170,144,-6.84115
-168,144,-6.96837
-166,144,-7.17281
-164,144,-7.49402
-162,144,-7.93962
-160,144,-8.4956
-158,144,-9.14904
-156,144,-9.90451
-154,144,-10.7836
-152,144,-11.8143
-150,144,-13.0269
-148,144,-14.4626
-146,144,-16.1633
-144,144,-17.9593
-142,144,-18.6808
-140,144,-16.8851
-138,144,-13.9877
-136,144,-11.4487
-134,144,-9.55573
-132,144,-8.2524
-130,144,-7.4398
-128,144,-7.04754
-126,144,-7.05613
-124,144,-7.49729
-122,144,-8.44109
-120,144,-9.98278
-118,144,-12.2281
-116,144,-15.1884
-114,144,-18.101
-112,144,-18.5181
-110,144,-16.7292
-108,144,-15.0414
-106,144,-14.0166
-104,144,-13.6086
-102,144,-13.7047
-100,144,-14.1653
-98,144,-14.7512
-96,144,-15.055
-94,144,-14.6692
-92,144,-13.6004
-90,144,-12.2217
-88,144,-10.8536
-86,144,-9.63211
-84,144,-8.57963
-82,144,-7.67218
-80,144,-6.87449
-78,144,-6.157
-76,144,-5.50254
-74,144,-4.90499
-72,144,-4.36119
-70,144,-3.86017
-68,144,-3.37475
-66,144,-2.86131
-64,144,-2.27258
-62,144,-1.58058
-60,144,-0.794483
-58,144,0.0431598
-56,144,0.878706
-54,144,1.67005
-52,144,2.39694
-50,144,3.05869
-48,144,3.66424
-46,144,4.22048
-44,144,4.72456
-42,144,5.16377
-40,144,5.52206
-38,144,5.78867
-36,144,5.96438
-34,144,6.06283
-32,144,6.10724
-30,144,6.12358
-28,144,6.13308
-26,144,6.14705
-24,144,6.16642
-22,144,6.18609
-20,144,6.20175
-18,144,6.21626
-16,144,6.2433
-14,144,6.30623
-12,144,6.43076
-10,144,6.63307
-8,144,6.90945
-6,144,7.23527
-4,144,7.57438
-2,144,7.89211
0,144,8.16368
2,144,8.37566
4,144,8.52284
6,144,8.60429
8,144,8.62064
10,144,8.57283
12,144,8.46135
14,144,8.28525
16,144,8.04154
18,144,7.72672
20,144,7.34131
22,144,6.89597
24,144,6.41495
26,144,5.93215
28,144,5.47827
30,144,5.06554
32,144,4.68228
34,144,4.30345
36,144,3.90932
38,144,3.49925
40,144,3.09292
42,144,2.71869
44,144,2.39512
46,144,2.11739
48,144,1.85897
50,144,1.58627
52,144,1.27434
54,144,0.914624
56,144,0.513669
58,144,0.086022
60,144,-0.354741
62,144,-0.802601
64,144,-1.25982
66,144,-1.73177
68,144,-2.21978
70,144,-2.7171
72,144,-3.21017
74,144,-3.68421
76,144,-4.12886
78,144,-4.54009
80,144,-4.91653
82,144,-5.25225
84,144,-5.52998
86,144,-5.71886
88,144,-5.78044
90,144,-5.68302
92,144,-5.41819
94,144,-5.00834
96,144,-4.50019
98,144,-3.95031
100,144,-3.41283
102,144,-2.93336
104,144,-2.54737
106,144,-2.27998
108,144,-2.14527
110,144,-2.14471
112,144,-2.26567
114,144,-2.48147
116,144,-2.75543
118,144,-3.0495
120,144,-3.33431
122,144,-3.59277
124,144,-3.81069
126,144,-3.9589
128,144,-3.98653
130,144,-3.84857
132,144,-3.55841
134,144,-3.20857
136,144,-2.93007
138,144,-2.83721
140,144,-3.00366
142,144,-3.46734
144,144,-4.2438
146,144,-5.33367
148,144,-6.71582
150,144,-8.31745
152,144,-9.95919
154,144,-11.3365
156,144,-12.2138
158,144,-12.7427
160,144,-13.383
162,144,-14.5918
164,144,-16.708
166,144,-19.5246
168,144,-19.8474
170,144,-16.379
172,144,-13.0126
174,144,-10.5282
176,144,-8.77641
178,144,-7.61037
180,144,-6.92188
-180,146,-6.92188
-178,146,-6.62454
-176,146,-6.57933
-174,146,-6.66495
-172,146,-6.78119
-170,146,-6.88789
-168,146,-7.01178
-166,146,-7.211
-164,146,-7.53208
-162,146,-7.99096
-160,146,-8.58023
-158,146,-9.28862
-156,146,-10.1155
-154,146,-11.0699
-152,146,-12.1598
-150,146,-13.3859
-148,146,-14.7448
-146,146,-16.2039
-144,146,-17.5098
-142,146,-17.7934
-140,146,-16.3074
-138,146,-13.936
-136,146,-11.7195
-134,146,-9.98369
-132,146,-8.73053
-130,146,-7.88954
-128,146,-7.40884
-126,146,-7.28753
-124,146,-7.57234
-122,146,-8.33526
-120,146,-9.65011
-118,146,-11.5616
-116,146,-13.9707
-114,146,-16.2265
-112,146,-16.9132
-110,146,-15.9552
-108,146,-14.7231
-106,146,-13.873
-104,146,-13.5059
-102,146,-13.5844
-100,146,-14.0288
-98,146,-14.681
-96,146,-15.2199
-94,146,-15.1892
-92,146,-14.3726
-90,146,-13.043
-88,146,-11.593
-86,146,-10.2378
-84,146,-9.03838
-82,146,-7.98613
-80,146,-7.05279
-78,146,-6.21306
-76,146,-5.45266
-74,146,-4.76698
-72,146,-4.15346
-70,146,-3.60166
-68,146,-3.08522
-66,146,-2.56088
-64,146,-1.97912
-62,146,-1.30581
-60,146,-0.541754
-58,146,0.276982
-56,146,1.09897
-54,146,1.88071
-52,146,2.59908
-50,146,3.25082
-48,146,3.84361
-46,146,4.38461
-44,146,4.87211
-42,146,5.29432
-40,146,5.63512
-38,146,5.88261
-36,146,6.03592
-34,146,6.1075
-32,146,6.12056
-30,146,6.1028
-28,146,6.07868
-26,146,6.06336
-24,146,6.06124
-22,146,6.06938
-20,146,6.08417
-18,146,6.10792
-16,146,6.15271
-14,146,6.23927
-12,146,6.38972
-10,146,6.61604
-8,146,6.91085
-6,146,7.24733
-4,146,7.589
-2,146,7.90217
0,146,8.16368
2,146,8.36193
4,146,8.49358
6,146,8.55947
8,146,8.56187
10,146,8.50308
12,146,8.38467
14,146,8.20661
16,146,7.96684
18,146,7.66285
20,146,7.29636
22,146,6.87917
24,146,6.43632
26,146,6.0013
28,146,5.60279
30,146,5.24981
32,146,4.92795
34,146,4.61114
36,146,4.28029
38,146,3.9359
40,146,3.59766
42,146,3.29165
44,146,3.03193
46,146,2.80881
48,146,2.593
50,146,2.35162
52,146,2.06373
54,146,1.72688
56,146,1.35361
58,146,0.961579
60,146,0.562161
62,146,0.153944
64,146,-0.275003
66,146,-0.737876
68,146,-1.23896
70,146,-1.76808
72,146,-2.30212
74,146,-2.81292
76,146,-3.27839
78,146,-3.6913
80,146,-4.06085
82,146,-4.4064
84,146,-4.74724
86,146,-5.09301
88,146,-5.43655
90,146,-5.7502
92,146,-5.98723
94,146,-6.09245
96,146,-6.02362
98,146,-5.77487
100,146,-5.3848
102,146,-4.92232
104,146,-4.4625
106,146,-4.06843
108,146,-3.78359
110,146,-3.63114
112,146,-3.61589
114,146,-3.72703
116,146,-3.94088
118,146,-4.22334
120,146,-4.53116
122,146,-4.81104
124,146,-4.99806
126,146,-5.0208
128,146,-4.82614
130,146,-4.4213
132,146,-3.89477
134,146,-3.3844
136,146,-3.02214
138,146,-2.90138
140,146,-3.07456
142,146,-3.56539
144,146,-4.3821
146,146,-5.52346
148,146,-6.97129
150,146,-8.66138
152,146,-10.4273
154,146,-11.9655
156,146,-13.0001
158,146,-13.6331
160,146,-14.3259
162,146,-15.5548
164,146,-17.6009
166,146,-19.8385
168,146,-19.1042
170,146,-15.7394
172,146,-12.6631
174,146,-10.3516
176,146,-8.69512
178,146,-7.58145
180,146,-6.92188
-180,148,-6.92188
-178,148,-6.64213
-176,148,-6.60968
-174,148,-6.70638
-172,148,-6.83138
-170,148,-6.94173
-168,148,-7.063
-166,148,-7.25655
-164,148,-7.57597
-162,148,-8.04578
-160,148,-8.66571
-158,148,-9.42728
-156,148,-10.3262
-154,148,-11.3599
-152,148,-12.5118
-150,148,-13.7365
-148,148,-14.9534
-146,148,-16.0273
-144,148,-16.6933
-142,148,-16.536
-140,148,-15.3934
-138,148,-13.7007
-136,148,-12.003
-134,148,-10.5657
-132,148,-9.43708
-130,148,-8.58759
-128,148,-8.00279
-126,148,-7.71948
-124,148,-7.81118
-122,148,-8.3533
-120,148,-9.3926
-118,148,-10.9105
-116,148,-12.734
-114,148,-14.3715
-112,148,-15.1224
-110,148,-14.892
-108,148,-14.286
-106,148,-13.7865
-104,148,-13.5733
-102,148,-13.6834
-100,148,-14.0913
-98,148,-14.696
-96,148,-15.2539
-94,148,-15.3619
-92,148,-14.7242
-90,148,-13.4859
-88,148,-12.0241
-86,148,-10.5967
-84,148,-9.29925
-82,148,-8.14161
-80,148,-7.10554
-78,148,-6.17174
-76,148,-5.32942
-74,148,-4.57546
-72,148,-3.90764
-70,148,-3.3158
-68,148,-2.77445
-66,148,-2.24124
-64,148,-1.66598
-62,148,-1.01062
-60,148,-0.269477
-58,148,0.52734
-56,148,1.33121
-54,148,2.09819
-52,148,2.80306
-50,148,3.44037
-48,148,4.01669
-46,148,4.53935
-44,148,5.00768
-42,148,5.41083
-40,148,5.73268
-38,148,5.96037
-36,148,6.09152
-34,148,6.13736
-32,148,6.12095
-30,148,6.07138
-28,148,6.016
-26,148,5.97368
-24,148,5.95219
-22,148,5.95084
-20,148,5.96675
-18,148,6.0016
-16,148,6.06565
-14,148,6.17676
-12,148,6.35326
-10,148,6.60301
-8,148,6.9152
-6,148,7.26123
-4,148,7.60456
-2,148,7.91258
0,148,8.16368
2,148,8.34793
4,148,8.46369
6,148,8.51345
8,148,8.50101
10,148,8.42999
12,148,8.30306
14,148,8.12118
16,148,7.88332
18,148,7.58812
20,148,7.23842
22,148,6.84701
24,148,6.43915
26,148,6.0474
28,148,5.69807
30,148,5.39731
32,148,5.12872
34,148,4.86588
36,148,4.59058
38,148,4.30416
40,148,4.02601
42,148,3.78035
44,148,3.57847
46,148,3.40874
48,148,3.24226
50,148,3.04912
52,148,2.81305
54,148,2.5364
56,148,2.23494
58,148,1.92641
60,148,1.61925
62,148,1.30821
64,148,0.979453
66,148,0.621139
68,148,0.232897
70,148,-0.170754
72,148,-0.564283
74,148,-0.920965
76,148,-1.22453
78,148,-1.47676
80,148,-1.69707
82,148,-1.91536
84,148,-2.16308
86,148,-2.46633
88,148,-2.84177
90,148,-3.29387
92,148,-3.81195
94,148,-4.36615
96,148,-4.90441
98,148,-5.35627
100,148,-5.65195
102,148,-5.75504
104,148,-5.68671
106,148,-5.51737
108,148,-5.33379
110,148,-5.20979
112,148,-5.19399
114,148,-5.30927
116,148,-5.55442
118,148,-5.90196
120,148,-6.29018
122,148,-6.61503
124,148,-6.74036
126,148,-6.54986
128,148,-6.02509
130,148,-5.27295
132,148,-4.46772
134,148,-3.7739
136,148,-3.30864
138,148,-3.14032
140,148,-3.30143
142,148,-3.80338
144,148,-4.64809
146,148,-5.83254
148,148,-7.34076
150,148,-9.11524
152,148,-11.0001
154,148,-12.6926
156,148,-13.8797
158,148,-14.6117
160,148,-15.3441
162,148,-16.5563
164,148,-18.409
166,148,-19.8273
168,148,-18.2951
170,148,-15.1274
172,148,-12.3229
174,148,-10.1766
176,148,-8.61351
178,148,-7.55211
180,148,-6.92188
-180,150,-6.92188
-178,150,-6.66044
-176,150,-6.6419
-174,150,-6.75138
-172,150,-6.88716
-170,150,-7.00289
-168,150,-7.1224
-166,150,-7.30997
-164,150,-7.62629
-162,150,-8.10463
-160,150,-8.75228
-158,150,-9.56457
-156,150,-10.5353
-154,150,-11.6506
-152,150,-12.8641
-150,150,-14.0641
-148,150,-15.0647
-146,150,-15.6577
-144,150,-15.7163
-142,150,-15.2565
-140,150,-14.4142
-138,150,-13.3804
-136,150,-12.3219
-134,150,-11.3233
-132,150,-10.3925
-130,150,-9.52675
-128,150,-8.78077
-126,150,-8.26836
-124,150,-8.10976
-122,150,-8.3855
-120,150,-9.11402
-118,150,-10.2296
-116,150,-11.5409
-114,150,-12.7133
-112,150,-13.4183
-110,150,-13.6175
-108,150,-13.5489
-106,150,-13.4579
-104,150,-13.4829
-102,150,-13.6857
-100,150,-14.0769
-98,150,-14.5989
-96,150,-15.0716
-94,150,-15.1759
-92,150,-14.6375
-90,150,-13.5136
-88,150,-12.1091
-86,150,-10.68
-84,150,-9.34327
-82,150,-8.12757
-80,150,-7.02724
-78,150,-6.03089
-76,150,-5.13227
-74,150,-4.33036
-72,150,-3.62371
-70,150,-3.00273
-68,150,-2.44307
-66,150,-1.90389
-64,150,-1.33555
-62,150,-0.697975
-60,150,0.0192895
-58,150,0.791433
-56,150,1.57305
-54,150,2.32062
-52,150,3.00751
-50,150,3.62651
-48,150,4.18307
-46,150,4.68457
-44,150,5.13121
-42,150,5.513
-40,150,5.814
-38,150,6.0206
-36,150,6.12916
-34,150,6.14985
-32,150,6.10553
-30,150,6.02649
-28,150,5.94267
-26,150,5.87633
-24,150,5.83846
-22,150,5.83048
-20,150,5.85014
-18,150,5.89828
-16,150,5.98317
-14,150,6.11959
-12,150,6.32203
-10,150,6.59435
-8,150,6.92268
-6,150,7.27703
-4,150,7.62107
-2,150,7.92333
0,150,8.16368
2,150,8.33369
4,150,8.43323
6,150,8.46633
8,150,8.43821
10,150,8.35377
12,150,8.21677
14,150,8.02924
16,150,7.79125
18,150,7.50262
20,150,7.16729
22,150,6.79863
24,150,6.42164
26,150,6.0673
28,150,5.75936
30,150,5.5014
32,150,5.27564
34,150,5.05578
36,150,4.82445
38,150,4.58347
40,150,4.35175
42,150,4.15212
44,150,3.99446
46,150,3.86696
48,150,3.74223
50,150,3.59319
52,150,3.40656
54,150,3.18665
56,150,2.94929
58,150,2.71055
60,150,2.47695
62,150,2.24305
64,150,1.99744
66,150,1.7323
68,150,1.45048
70,150,1.1666
72,150,0.901708
74,150,0.674067
76,150,0.490456
78,150,0.342395
80,150,0.208738
82,150,0.0620916
84,150,-0.124824
86,150,-0.375102
88,150,-0.705873
90,150,-1.12769
92,150,-1.64383
94,150,-2.24862
96,150,-2.92439
98,150,-3.63772
100,150,-4.33787
102,150,-4.96315
104,150,-5.46037
106,150,-5.8118
108,150,-6.0497
110,150,-6.24438
112,150,-6.47629
114,150,-6.81163
116,150,-7.28594
118,150,-7.88622
120,150,-8.52064
122,150,-8.98733
124,150,-9.01724
126,150,-8.4661
128,150,-7.46473
130,150,-6.29334
132,150,-5.19345
134,150,-4.31654
136,150,-3.74602
138,150,-3.52275
140,150,-3.66201
142,150,-4.16566
144,150,-5.03102
146,150,-6.25392
148,150,-7.82028
150,150,-9.67802
152,150,-11.6796
154,150,-13.5219
156,150,-14.8553
158,150,-15.674
160,150,-16.4175
162,150,-17.5408
164,150,-19.0155
166,150,-19.4804
168,150,-17.4658
170,150,-14.5435
172,150,-11.9925
174,150,-10.0035
176,150,-8.53175
178,150,-7.5224
180,150,-6.92188
-180,152,-6.92188
-178,152,-6.67946
-176,152,-6.67602
-174,152,-6.80001
-172,152,-6.94863
-170,152,-7.07162
-168,152,-7.19043
-166,152,-7.37193
-164,152,-7.68394
-162,152,-8.16855
-160,152,-8.84087
-158,152,-9.70083
-156,152,-10.7416
-154,152,-11.9386
-152,152,-13.2088
-150,152,-14.3529
-148,152,-15.0687
-146,152,-15.1585
-144,152,-14.7407
-142,152,-14.1139
-140,152,-13.5142
-138,152,-13.0414
-136,152,-12.6659
-134,152,-12.2409
-132,152,-11.5817
-130,152,-10.6499
-128,152,-9.63616
-126,152,-8.80661
-124,152,-8.34766
-122,152,-8.33622
-120,152,-8.75844
-118,152,-9.5171
-116,152,-10.43
-114,152,-11.2664
-112,152,-11.8606
-110,152,-12.2104
-108,152,-12.4269
-106,152,-12.6201
-104,152,-12.8571
-102,152,-13.1752
-100,152,-13.588
-98,152,-14.0614
-96,152,-14.468
-94,152,-14.5715
-92,152,-14.1456
-90,152,-13.1858
-88,152,-11.9084
-86,152,-10.5425
-84,152,-9.21823
-82,152,-7.98415
-80,152,-6.84993
-78,152,-5.81453
-76,152,-4.87792
-74,152,-4.04231
-72,152,-3.30773
-70,152,-2.66557
-68,152,-2.09276
-66,152,-1.55022
-64,152,-0.989584
-62,152,-0.37009
-60,152,0.322058
-58,152,1.06668
-56,152,1.82189
-54,152,2.5454
-52,152,3.20993
-50,152,3.80691
-48,152,4.34077
-46,152,4.81869
-44,152,5.24142
-42,152,5.59973
-40,152,5.87789
-38,152,6.06181
-36,152,6.14695
-34,152,6.14264
-32,152,6.0717
-30,152,5.96556
-28,152,5.8565
-26,152,5.76984
-24,152,5.71943
-22,152,5.70849
-20,152,5.73511
-18,152,5.79906
-16,152,5.90638
-14,152,6.06869
-12,152,6.29665
-10,152,6.59042
-8,152,6.93346
-6,152,7.29479
-4,152,7.63854
-2,152,7.93442
0,152,8.16368
2,152,8.31923
4,152,8.40227
6,152,8.41823
8,152,8.37366
10,152,8.27468
12,152,8.12615
14,152,7.93118
16,152,7.691
18,152,7.40663
20,152,7.08292
22,152,6.73348
24,152,6.38243
26,152,6.05868
28,152,5.78322
30,152,5.55743
32,152,5.36272
34,152,5.17324
36,152,4.97234
38,152,4.76205
40,152,4.56071
42,152,4.39025
44,152,4.26015
46,152,4.15929
48,152,4.06195
50,152,3.94287
52,152,3.78981
54,152,3.60682
56,152,3.40838
58,152,3.20915
60,152,3.01578
62,152,2.82533
64,152,2.63036
66,152,2.42646
68,152,2.21722
70,152,2.01395
72,152,1.83066
74,152,1.67696
76,152,1.55264
78,152,1.44662
80,152,1.34017
82,152,1.21176
84,152,1.04127
86,152,0.812178
88,152,0.512121
90,152,0.132646
92,152,-0.331002
94,152,-0.879476
96,152,-1.508
98,152,-2.20415
100,152,-2.94544
102,152,-3.69882
104,152,-4.42544
106,152,-5.09353
108,152,-5.69652
110,152,-6.26542
112,152,-6.86513
114,152,-7.57553
116,152,-8.46406
118,152,-9.54405
120,152,-10.6902
122,152,-11.5098
124,152,-11.4404
126,152,-10.3815
128,152,-8.8364
130,152,-7.28074
132,152,-5.94623
134,152,-4.93014
136,152,-4.27704
138,152,-4.00699
140,152,-4.12515
142,152,-4.62864
144,152,-5.51279
146,152,-6.77344
148,152,-8.39854
150,152,-10.3404
152,152,-12.4578
154,152,-14.445
156,152,-15.9135
158,152,-16.7937
160,152,-17.4925
162,152,-18.4053
164,152,-19.2913
166,152,-18.862
168,152,-16.6468
170,152,-13.9874
172,152,-11.672
174,152,-9.8327
176,152,-8.45007
178,152,-7.4924
180,152,-6.92188
-180,154,-6.92188
-178,154,-6.69918
-176,154,-6.71204
-174,154,-6.8523
-172,154,-7.01593
-170,154,-7.14821
-168,154,-7.26762
-166,154,-7.44331
-164,154,-7.75011
-162,154,-8.23899
-160,154,-8.93297
-158,154,-9.837
-156,154,-10.9445
-154,154,-12.22
-152,154,-13.5367
-150,154,-14.5896
-148,154,-14.9751
-146,154,-14.6074
-144,154,-13.8597
-142,154,-13.1576
-140,154,-12.7471
-138,154,-12.7138
-136,154,-12.9839
-134,154,-13.2302
-132,154,-12.9024
-130,154,-11.7998
-128,154,-10.3884
-126,154,-9.18644
-124,154,-8.43017
-122,154,-8.16282
-120,154,-8.3298
-118,154,-8.81091
-116,154,-9.43602
-114,154,-10.0305
-112,154,-10.4935
-110,154,-10.8348
-108,154,-11.125
-106,154,-11.4264
-104,154,-11.7713
-102,154,-12.1721
-100,154,-12.6275
-98,154,-13.1048
-96,154,-13.5066
-94,154,-13.6571
-92,154,-13.3732
-90,154,-12.6112
-88,154,-11.5071
-86,154,-10.251
-84,154,-8.97751
-82,154,-7.75354
-80,154,-6.60607
-78,154,-5.54662
-76,154,-4.58318
-74,154,-3.72243
-72,154,-2.96666
-70,154,-2.30847
-68,154,-1.72609
-66,154,-1.18216
-64,154,-0.629992
-62,154,-0.0290858
-60,154,0.636551
-58,154,1.35071
-56,154,2.07522
-54,154,2.7698
-52,154,3.40735
-50,154,3.97851
-48,154,4.48679
-46,154,4.93898
-44,154,5.33601
-42,154,5.66905
-40,154,5.92259
-38,154,6.08226
-36,154,6.14294
-34,154,6.11358
-32,154,6.01719
-30,154,5.8864
-28,154,5.75569
-26,154,5.65309
-24,154,5.59479
-22,154,5.58532
-20,154,5.62265
-18,154,5.70514
-16,154,5.83643
-14,154,6.02496
-12,154,6.27773
-10,154,6.59154
-8,154,6.94767
-6,154,7.31456
-4,154,7.65697
-2,154,7.94585
0,154,8.16368
2,154,8.30456
4,154,8.37088
6,154,8.36927
8,154,8.30756
10,154,8.19301
12,154,8.03158
14,154,7.82746
16,154,7.58307
18,154,7.30056
20,154,6.98551
22,154,6.65133
24,154,6.32071
26,154,6.02003
28,154,5.7675
30,154,5.56269
32,154,5.38669
34,154,5.21438
36,154,5.02978
38,154,4.83494
40,154,4.64765
42,154,4.48933
44,154,4.3697
46,154,4.27879
48,154,4.19233
50,154,4.0859
52,154,3.947
54,154,3.77838
56,154,3.59305
58,154,3.40534
60,154,3.22373
62,154,3.04893
64,154,2.87727
66,154,2.70614
68,154,2.53749
70,154,2.37739
72,154,2.23239
74,154,2.10485
76,154,1.99017
78,154,1.8772
80,154,1.7512
82,154,1.59735
84,154,1.40323
86,154,1.15983
88,154,0.861233
90,154,0.503723
92,154,0.0850339
94,154,-0.395881
96,154,-0.938252
98,154,-1.53808
100,154,-2.18635
102,154,-2.86808
104,154,-3.56405
106,154,-4.25753
108,154,-4.94597
110,154,-5.65304
112,154,-6.43329
114,154,-7.36425
116,154,-8.5249
118,154,-9.94972
120,154,-11.5101
122,154,-12.6775
124,154,-12.6279
126,154,-11.3411
128,154,-9.60612
130,154,-7.95281
132,154,-6.56725
134,154,-5.51577
136,154,-4.83414
138,154,-4.54366
140,154,-4.65292
142,154,-5.16188
144,154,-6.06783
146,154,-7.36833
148,154,-9.05363
150,154,-11.0794
152,154,-13.3078
154,154,-15.4272
156,154,-17.0061
158,154,-17.8989
160,154,-18.4591
162,154,-18.9986
164,154,-19.1617
166,154,-18.0721
168,154,-15.8565
170,154,-13.4589
172,154,-11.3618
174,154,-9.66462
176,154,-8.36865
178,154,-7.46215
180,154,-6.92188
-180,156,-6.92188
-178,156,-6.71959
-176,156,-6.74996
-174,156,-6.90828
-172,156,-7.08917
-170,156,-7.23297
-168,156,-7.3546
-166,156,-7.52511
-164,156,-7.82622
-162,156,-8.31771
-160,156,-9.03044
-158,156,-9.97443
-156,156,-11.1435
-154,156,-12.4904
-152,156,-13.8383
-150,156,-14.7665
-148,156,-14.8114
-146,156,-14.073
-144,156,-13.1174
-142,156,-12.3932
-140,156,-12.1239
-138,156,-12.4043
-136,156,-13.1942
-134,156,-14.0887
-132,156,-14.0779
-130,156,-12.6805
-128,156,-10.8281
-126,156,-9.30813
-124,156,-8.33436
-122,156,-7.88762
-120,156,-7.87331
-118,156,-8.15709
-116,156,-8.58118
-114,156,-9.00364
-112,156,-9.35226
-110,156,-9.63979
-108,156,-9.92162
-106,156,-10.2454
-104,156,-10.6325
-102,156,-11.0825
-100,156,-11.579
-98,156,-12.08
-96,156,-12.499
-94,156,-12.6971
-92,156,-12.5284
-90,156,-11.9367
-88,156,-11.0009
-86,156,-9.86745
-84,156,-8.66277
-82,156,-7.46522
-80,156,-6.31729
-78,156,-5.24349
-76,156,-4.26067
-74,156,-3.3807
-72,156,-2.60843
-70,156,-1.93781
-68,156,-1.34825
-66,156,-0.804069
-64,156,-0.260576
-62,156,0.321652
-60,156,0.959727
-58,156,1.64073
-56,156,2.33035
-54,156,2.991
-52,156,3.59669
-50,156,4.13792
-48,156,4.61762
-46,156,5.04203
-44,156,5.41187
-42,156,5.71829
-40,156,5.94579
-38,156,6.07986
-36,156,6.11518
-34,156,6.06071
-32,156,5.94005
-30,156,5.78725
-28,156,5.63893
-26,156,5.52542
-24,156,5.46467
-22,156,5.46178
-20,156,5.51399
-18,156,5.61788
-16,156,5.77453
-14,156,5.98928
-12,156,6.26579
-10,156,6.59798
-8,156,6.96543
-6,156,7.33635
-4,156,7.67636
-2,156,7.95759
0,156,8.16368
2,156,8.28973
4,156,8.33912
6,156,8.3196
8,156,8.24013
10,156,8.1091
12,156,7.93351
14,156,7.71865
16,156,7.46809
18,156,7.18503
20,156,6.8755
22,156,6.55233
24,156,6.23627
26,156,5.95082
28,156,5.71147
30,156,5.51637
32,156,5.34687
34,156,5.17879
36,156,4.99687
38,156,4.80309
40,156,4.61472
42,156,4.45288
44,156,4.32788
46,156,4.23109
48,156,4.13947
50,156,4.0289
52,156,3.886
54,156,3.71202
56,156,3.51894
58,156,3.32164
60,156,3.13109
62,156,2.95141
64,156,2.78143
66,156,2.61824
68,156,2.46014
70,156,2.30695
72,156,2.15821
74,156,2.01089
76,156,1.85829
78,156,1.69106
80,156,1.49943
82,156,1.27566
84,156,1.0154
86,156,0.717853
88,156,0.384788
90,156,0.0190795
92,156,-0.376762
94,156,-0.801445
96,156,-1.2548
98,156,-1.73668
100,156,-2.24536
102,156,-2.77641
104,156,-3.32376
106,156,-3.88445
108,156,-4.4668
110,156,-5.09891
112,156,-5.83152
114,156,-6.73058
116,156,-7.85534
118,156,-9.20974
120,156,-10.6346
122,156,-11.6604
124,156,-11.7028
126,156,-10.7863
128,156,-9.45772
130,156,-8.11449
132,156,-6.92697
134,156,-5.98399
136,156,-5.35323
138,156,-5.08454
140,156,-5.20685
142,156,-5.73245
144,156,-6.66552
146,156,-8.00738
148,156,-9.75047
150,156,-11.8515
152,156,-14.1712
154,156,-16.3869
156,156,-18.0203
158,156,-18.8433
160,156,-19.1422
162,156,-19.1735
164,156,-18.66
166,156,-17.2035
168,156,-15.1046
170,156,-12.9572
172,156,-11.062
174,156,-9.49957
176,156,-8.28767
178,156,-7.43171
180,156,-6.92188
-180,158,-6.92188
-178,158,-6.74068
-176,158,-6.78979
-174,158,-6.968
-172,158,-7.16847
-170,158,-7.32624
-168,158,-7.45206
-166,158,-7.61846
-164,158,-7.91388
-162,158,-8.4067
-160,158,-9.13539
-158,158,-10.1147
-156,158,-11.338
-154,158,-12.7449
-152,158,-14.1044
-150,158,-14.8839
-148,158,-14.6149
-146,158,-13.6053
-144,158,-12.5311
-142,158,-11.8125
-140,158,-11.6409
-138,158,-12.1133
-136,158,-13.2205
-134,158,-14.5295
-132,158,-14.6662
-130,158,-12.9787
-128,158,-10.8521
-126,158,-9.18214
-124,158,-8.11131
-122,158,-7.56896
-120,158,-7.43811
-118,158,-7.58381
-116,158,-7.86597
-114,158,-8.16947
-112,158,-8.44006
-110,158,-8.68973
-108,158,-8.96345
-106,158,-9.3004
-104,158,-9.71604
-102,158,-10.202
-100,158,-10.7295
-98,158,-11.2461
-96,158,-11.6677
-94,158,-11.8796
-92,158,-11.7686
-90,158,-11.2846
-88,158,-10.4743
-86,158,-9.44567
-84,158,-8.30766
-82,158,-7.14116
-80,158,-5.99942
-78,158,-4.91803
-76,158,-3.92204
-74,158,-3.02816
-72,158,-2.24364
-70,158,-1.56352
-68,158,-0.968233
-66,158,-0.423825
-64,158,0.111966
-62,158,0.676545
-60,158,1.28701
-58,158,1.93296
-56,158,2.58396
-54,158,3.20586
-52,158,3.77467
-50,158,4.28165
-48,158,4.72954
-46,158,5.12409
-44,158,5.46542
-42,158,5.74423
-40,158,5.94473
-38,158,6.05229
-36,158,6.06165
-34,158,5.98224
-32,158,5.83874
-30,158,5.66693
-28,158,5.50555
-26,158,5.38685
-24,158,5.32977
-22,158,5.33911
-20,158,5.41063
-18,158,5.53873
-16,158,5.72187
-14,158,5.96248
-12,158,6.26133
-10,158,6.60998
-8,158,6.98682
-6,158,7.3602
-4,158,7.6967
-2,158,7.96965
0,158,8.16368
2,158,8.27474
4,158,8.30706
6,158,8.26934
8,158,8.17161
10,158,8.02331
12,158,7.83248
14,158,7.60543
16,158,7.34684
18,158,7.06083
20,158,6.75364
22,158,6.4371
24,158,6.12961
26,158,5.85156
28,158,5.61588
30,158,5.41978
32,158,5.24532
34,158,5.06966
36,158,4.87834
38,158,4.67326
40,158,4.47113
42,158,4.29278
44,158,4.14917
46,158,4.033
48,158,3.92247
50,158,3.79362
52,158,3.6322
54,158,3.43822
56,158,3.22303
58,158,3.00235
60,158,2.78919
62,158,2.58974
64,158,2.40316
66,158,2.22397
68,158,2.04512
70,158,1.85979
72,158,1.66161
74,158,1.44419
76,158,1.20095
78,158,0.926002
80,158,0.615615
82,158,0.269726
84,158,-0.107309
86,158,-0.507017
88,158,-0.918194
90,158,-1.32907
92,158,-1.72974
94,158,-2.11404
96,158,-2.48035
98,158,-2.83073
100,158,-3.16931
102,158,-3.5008
104,158,-3.83106
106,158,-4.17069
108,158,-4.54074
110,158,-4.97722
112,158,-5.52995
114,158,-6.2517
116,158,-7.17376
118,158,-8.25901
120,158,-9.32815
122,158,-10.0331
124,158,-10.0788
126,158,-9.54234
128,158,-8.72674
130,158,-7.84832
132,158,-7.01062
134,158,-6.29525
136,158,-5.79521
138,158,-5.59623
140,158,-5.75775
142,158,-6.31232
144,158,-7.27555
146,158,-8.65407
148,158,-10.4411
150,158,-12.5891
152,158,-14.9484
154,158,-17.1777
156,158,-18.7624
158,158,-19.4112
160,158,-19.3605
162,158,-18.8845
164,158,-17.9032
166,158,-16.3215
168,158,-14.396
170,158,-12.4819
172,158,-10.7728
174,158,-9.33787
176,158,-8.20732
178,158,-7.40115
180,158,-6.92188
-180,160,-6.92188
-178,160,-6.76244
-176,160,-6.83152
-174,160,-7.03146
-172,160,-7.25396
-170,160,-7.42839
-168,160,-7.56076
-166,160,-7.72462
-164,160,-8.01481
-162,160,-8.50807
-160,160,-9.25003
-158,160,-10.2592
-156,160,-11.5274
-154,160,-12.9787
-152,160,-14.3276
-150,160,-14.9498
-148,160,-14.4227
-146,160,-13.2361
-144,160,-12.1055
-142,160,-11.4052
-140,160,-11.2923
-138,160,-11.8473
-136,160,-13.044
-134,160,-14.3904
-132,160,-14.4305
-130,160,-12.6623
-128,160,-10.5484
-126,160,-8.90744
-124,160,-7.83927
-122,160,-7.2591
-120,160,-7.05015
-118,160,-7.09101
-116,160,-7.26715
-114,160,-7.49103
-112,160,-7.7224
-110,160,-7.96854
-108,160,-8.26089
-106,160,-8.62718
-104,160,-9.07531
-102,160,-9.58948
-100,160,-10.1315
-98,160,-10.6414
-96,160,-11.0381
-94,160,-11.2267
-92,160,-11.1233
-90,160,-10.6916
-88,160,-9.96153
-86,160,-9.01088
-84,160,-7.9291
-82,160,-6.79331
-80,160,-5.6625
-78,160,-4.58026
-76,160,-3.57804
-74,160,-2.67638
-72,160,-1.88426
-70,160,-1.19746
-68,160,-0.597282
-66,160,-0.0516414
-64,160,0.478705
-62,160,1.02806
-60,160,1.61223
-58,160,2.22242
-56,160,2.83194
-54,160,3.4107
-52,160,3.93778
-50,160,4.40606
-48,160,4.81877
-46,160,5.18127
-44,160,5.49287
-42,160,5.74339
-40,160,5.91638
-38,160,5.99702
-36,160,5.98034
-34,160,5.87666
-32,160,5.71221
-30,160,5.5249
-28,160,5.35565
-26,160,5.23817
-24,160,5.19149
-22,160,5.21905
-20,160,5.31437
-18,160,5.46927
-16,160,5.67963
-14,160,5.94532
-12,160,6.26475
-10,160,6.6277
-8,160,7.0119
-6,160,7.3861
-4,160,7.71799
-2,160,7.98201
0,160,8.16368
2,160,8.25963
4,160,8.27477
6,160,8.21865
8,160,8.10227
10,160,7.93606
12,160,7.72904
14,160,7.48854
16,160,7.22025
18,160,6.929
20,160,6.62101
22,160,6.30677
24,160,6.00202
26,160,5.72396
28,160,5.48318
30,160,5.27647
32,160,5.08717
34,160,4.89415
36,160,4.684
38,160,4.45857
40,160,4.23383
42,160,4.03008
44,160,3.85863
46,160,3.71349
48,160,3.57427
50,160,3.41761
52,160,3.22886
54,160,3.00718
56,160,2.76349
58,160,2.51378
60,160,2.27164
62,160,2.04298
64,160,1.82451
66,160,1.60584
68,160,1.37332
70,160,1.11363
72,160,0.815812
74,160,0.472005
76,160,0.0776279
78,160,-0.368254
80,160,-0.86217
82,160,-1.39534
84,160,-1.95309
86,160,-2.5152
88,160,-3.05747
90,160,-3.55487
92,160,-3.98567
94,160,-4.33569
96,160,-4.60084
98,160,-4.78708
100,160,-4.90804
102,160,-4.98224
104,160,-5.03196
106,160,-5.08488
108,160,-5.17689
110,160,-5.35291
112,160,-5.66234
114,160,-6.14634
116,160,-6.81382
118,160,-7.60254
120,160,-8.33918
122,160,-8.77389
124,160,-8.76515
126,160,-8.41591
128,160,-7.92791
130,160,-7.42004
132,160,-6.9264
134,160,-6.48092
136,160,-6.1622
138,160,-6.07164
140,160,-6.29484
142,160,-6.88633
144,160,-7.87518
146,160,-9.27326
148,160,-11.0707
150,160,-13.2069
152,160,-15.509
154,160,-17.6163
156,160,-19.0188
158,160,-19.4266
160,160,-19.0554
162,160,-18.2258
164,160,-17.02
166,160,-15.4651
168,160,-13.732
170,160,-12.0321
172,160,-10.4944
174,160,-9.17979
176,160,-8.12776
178,160,-7.37052
180,160,-6.92188
-180,162,-6.92188
-178,162,-6.78486
-176,162,-6.87514
-174,162,-7.0987
-172,162,-7.34577
-170,162,-7.5398
-168,162,-7.68151
-166,162,-7.84488
-164,162,-8.13082
-162,162,-8.62401
-160,162,-9.37658
-158,162,-10.4096
-156,162,-11.711
-154,162,-13.1868
-152,162,-14.5028
-150,162,-14.9772
-148,162,-14.2658
-146,162,-12.9838
-144,162,-11.8398
-142,162,-11.1628
-140,162,-11.0759
-138,162,-11.6247
-136,162,-12.7234
-134,162,-13.8129
-132,162,-13.646
-130,162,-12.008
-128,162,-10.1014
-126,162,-8.59263
-124,162,-7.57602
-122,162,-6.98014
-120,162,-6.70489
-118,162,-6.65353
-116,162,-6.74317
-114,162,-6.91396
-112,162,-7.13619
-110,162,-7.40811
-108,162,-7.74286
-106,162,-8.15165
-104,162,-8.63114
-102,162,-9.15784
-100,162,-9.68785
-98,162,-10.1601
-96,162,-10.502
-94,162,-10.6404
-92,162,-10.5175
-90,162,-10.109
-88,162,-9.43388
-86,162,-8.54623
-84,162,-7.51687
-82,162,-6.41623
-80,162,-5.30529
-78,162,-4.23264
-76,162,-3.23415
-74,162,-2.33303
-72,162,-1.53939
-70,162,-0.849453
-68,162,-0.245345
-66,162,0.302852
-64,162,0.830655
-62,162,1.36812
-60,162,1.92839
-58,162,2.50321
-56,162,3.06937
-54,162,3.60132
-52,162,4.08216
-50,162,4.5074
-48,162,4.88147
-46,162,5.20967
-44,162,5.49037
-42,162,5.71214
-40,162,5.85758
-38,162,5.91148
-36,162,5.86935
-34,162,5.74275
-32,162,5.56
-30,162,5.36149
-28,162,5.19034
-26,162,5.08116
-24,162,5.05202
-22,162,5.1039
-20,162,5.22727
-18,162,5.41112
-16,162,5.64892
-14,162,5.93847
-12,162,6.27639
-10,162,6.65128
-8,162,7.04068
-6,162,7.41404
-4,162,7.7402
-2,162,7.99466
0,162,8.16368
2,162,8.24442
4,162,8.24234
6,162,8.16769
8,162,8.03237
10,162,7.84777
12,162,7.62385
14,162,7.36885
16,162,7.08937
18,162,6.79079
20,162,6.47906
22,162,6.16307
24,162,5.8557
26,162,5.57104
28,162,5.31769
30,162,5.0926
32,162,4.88097
34,162,4.66399
36,162,4.42956
38,162,4.17952
40,162,3.92877
42,162,3.69645
44,162,3.49369
46,162,3.3158
48,162,3.14438
50,162,2.95763
52,162,2.7414
54,162,2.49449
56,162,2.22698
58,162,1.95373
60,162,1.68638
62,162,1.42731
64,162,1.16785
66,162,0.890884
68,162,0.575903
70,162,0.204052
72,162,-0.23862
74,162,-0.759819
76,162,-1.36077
78,162,-2.03622
80,162,-2.77397
82,162,-3.55399
84,162,-4.34747
86,162,-5.11675
88,162,-5.81762
90,162,-6.40504
92,162,-6.84208
94,162,-7.10904
96,162,-7.20832
98,162,-7.16231
100,162,-7.00622
102,162,-6.78053
104,162,-6.52678
106,162,-6.2873
108,162,-6.10672
110,162,-6.03167
112,162,-6.1059
114,162,-6.35829
116,162,-6.78168
118,162,-7.30363
120,162,-7.77012
122,162,-8.00029
124,162,-7.92587
126,162,-7.65179
128,162,-7.3353
130,162,-7.05881
132,162,-6.82389
134,162,-6.62186
136,162,-6.4944
138,162,-6.53138
140,162,-6.82845
142,162,-7.45611
144,162,-8.45494
146,162,-9.83965
148,162,-11.5916
150,162,-13.6273
152,162,-15.7452
154,162,-17.5877
156,162,-18.7179
158,162,-18.9072
160,162,-18.3454
162,162,-17.3582
164,162,-16.106
166,162,-14.6548
168,162,-13.1126
170,162,-11.6071
172,162,-10.2269
174,162,-9.02562
176,162,-8.04917
178,162,-7.33987
180,162,-6.92188
-180,164,-6.92188
-178,164,-6.80792
-176,164,-6.92065
-174,164,-7.16973
-172,164,-7.44402
-170,164,-7.66087
-168,164,-7.81515
-166,164,-7.98065
-164,164,-8.26378
-162,164,-8.75669
-160,164,-9.51716
-158,164,-10.5672
-156,164,-11.8878
-154,164,-13.3655
-152,164,-14.6286
-150,164,-14.9811
-148,164,-14.1659
-146,164,-12.857
-144,164,-11.7313
-142,164,-11.08
-140,164,-10.9939
-138,164,-11.4737
-136,164,-12.3627
-134,164,-13.0893
-132,164,-12.741
-130,164,-11.3076
-128,164,-9.65838
-126,164,-8.30414
-124,164,-7.34156
-122,164,-6.72326
-120,164,-6.37567
-118,164,-6.2335
-116,164,-6.24658
-114,164,-6.37897
-112,164,-6.60702
-110,164,-6.91704
-108,164,-7.30093
-106,164,-7.74939
-104,164,-8.24469
-102,164,-8.756
-100,164,-9.23918
-98,164,-9.64099
-96,164,-9.90606
-94,164,-9.98446
-92,164,-9.83876
-90,164,-9.45119
-88,164,-8.82952
-86,164,-8.0079
-84,164,-7.04026
-82,164,-5.98903
-80,164,-4.91446
-78,164,-3.86767
-76,164,-2.88731
-74,164,-1.99834
-72,164,-1.2116
-70,164,-0.523692
-68,164,0.0822441
-66,164,0.633523
-64,164,1.16116
-62,164,1.68985
-60,164,2.22879
-58,164,2.76922
-56,164,3.29087
-54,164,3.77304
-52,164,4.2036
-50,164,4.58171
-48,164,4.91377
-46,164,5.20543
-44,164,5.45413
-42,164,5.64695
-40,164,5.76521
-38,164,5.79323
-36,164,5.72705
-34,164,5.57984
-32,164,5.38242
-30,164,5.17801
-28,164,5.01183
-26,164,4.91866
-24,164,4.91442
-22,164,4.9965
-20,164,5.15164
-18,164,5.36592
-16,164,5.63078
-14,164,5.94247
-12,164,6.29645
-10,164,6.68076
-8,164,7.07315
-6,164,7.444
-4,164,7.76332
-2,164,8.00758
0,164,8.16368
2,164,8.22914
4,164,8.20982
6,164,8.11661
8,164,7.96221
10,164,7.75891
12,164,7.51758
14,164,7.24731
16,164,6.95542
18,164,6.64772
20,164,6.32965
22,164,6.00833
24,164,5.6938
26,164,5.39725
28,164,5.12577
30,164,4.87714
32,164,4.63922
34,164,4.3961
36,164,4.13744
38,164,3.86495
40,164,3.59186
42,164,3.33522
44,164,3.10532
46,164,2.8989
48,164,2.70068
50,164,2.49204
52,164,2.2606
54,164,2.00507
56,164,1.7336
58,164,1.45725
60,164,1.18214
62,164,0.903788
64,164,0.606345
66,164,0.266384
68,164,-0.140961
70,164,-0.636356
72,164,-1.23257
74,164,-1.93272
76,164,-2.72956
78,164,-3.60504
80,164,-4.52968
82,164,-5.46213
84,164,-6.35056
86,164,-7.13791
88,164,-7.77212
90,164,-8.21852
92,164,-8.46763
94,164,-8.53352
96,164,-8.44529
98,164,-8.2382
100,164,-7.94855
102,164,-7.61206
104,164,-7.26411
106,164,-6.94072
108,164,-6.67939
110,164,-6.51825
112,164,-6.49132
114,164,-6.61768
116,164,-6.8833
118,164,-7.21991
120,164,-7.50195
122,164,-7.60077
124,164,-7.48503
126,164,-7.25011
128,164,-7.0266
130,164,-6.88496
132,164,-6.82133
134,164,-6.80726
136,164,-6.85051
138,164,-7.01371
140,164,-7.38428
142,164,-8.03723
144,164,-9.0191
146,164,-10.3437
148,164,-11.9791
150,164,-13.8171
152,164,-15.6424
154,164,-17.1447
156,164,-18.0024
158,164,-18.0496
160,164,-17.4254
162,164,-16.4195
164,164,-15.2178
166,164,-13.8997
168,164,-12.5363
170,164,-11.2063
172,164,-9.97037
174,164,-8.8756
176,164,-7.97168
178,164,-7.30926
180,164,-6.92188
-180,166,-6.92188
-178,166,-6.83161
-176,166,-6.96802
-174,166,-7.24457
-172,166,-7.54885
-170,166,-7.79203
-168,166,-7.96256
-166,166,-8.13332
-164,166,-8.41558
-162,166,-8.90829
-160,166,-9.67388
-158,166,-10.7333
-156,166,-12.0575
-154,166,-13.5125
-152,166,-14.7067
-150,166,-14.975
-148,166,-14.1354
-146,166,-12.8576
-144,166,-11.7757
-142,166,-11.1533
-140,166,-11.0523
-138,166,-11.4265
-136,166,-12.0629
-134,166,-12.4417
-132,166,-11.9643
-130,166,-10.7159
-128,166,-9.29007
-126,166,-8.06212
-124,166,-7.12653
-122,166,-6.46332
-120,166,-6.03127
-118,166,-5.7979
-116,166,-5.74062
-114,166,-5.83948
-112,166,-6.07171
-110,166,-6.41078
-108,166,-6.82788
-106,166,-7.29284
-104,166,-7.77346
-102,166,-8.23467
-100,166,-8.63923
-98,166,-8.9504
-96,166,-9.13453
-94,166,-9.16206
-92,166,-9.00791
-90,166,-8.65444
-88,166,-8.09815
-86,166,-7.35646
-84,166,-6.46842
-82,166,-5.4877
-80,166,-4.4716
-78,166,-3.47158
-76,166,-2.52756
-74,166,-1.66545
-72,166,-0.896574
-70,166,-0.218001
-68,166,0.385779
-66,166,0.938901
-64,166,1.46708
-62,166,1.98867
-60,166,2.50792
-58,166,3.01459
-56,166,3.49083
-54,166,3.92075
-52,166,4.29756
-50,166,4.62484
-48,166,4.91174
-46,166,5.16474
-44,166,5.3805
-42,166,5.54445
-40,166,5.63642
-38,166,5.64014
-36,166,5.5523
-34,166,5.38797
-32,166,5.18082
-30,166,4.97708
-28,166,4.82371
-26,166,4.75472
-24,166,4.78262
-22,166,4.90013
-20,166,5.08989
-18,166,5.33525
-16,166,5.62607
-14,166,5.9577
-12,166,6.32506
-10,166,6.71614
-8,166,7.10927
-6,166,7.47593
-4,166,7.78731
-2,166,8.02077
0,166,8.16368
2,166,8.2138
4,166,8.17731
6,166,8.06558
8,166,7.89208
10,166,7.66998
12,166,7.41097
14,166,7.12493
16,166,6.81979
18,166,6.50155
20,166,6.17503
22,166,5.84555
24,166,5.5205
26,166,5.20854
28,166,4.91594
30,166,4.64212
32,166,4.3785
34,166,4.11285
36,166,3.8369
38,166,3.55188
40,166,3.26833
42,166,3.00001
44,166,2.75575
46,166,2.53424
48,166,2.32503
50,166,2.11473
52,166,1.89397
54,166,1.66088
56,166,1.41918
58,166,1.17235
60,166,0.917314
62,166,0.641126
64,166,0.322367
66,166,-0.0637704
68,166,-0.539167
70,166,-1.11723
72,166,-1.79881
74,166,-2.56953
76,166,-3.39822
78,166,-4.23773
80,166,-5.0302
82,166,-5.7186
84,166,-6.26251
86,166,-6.64956
88,166,-6.89474
90,166,-7.02821
92,166,-7.0809
94,166,-7.07546
96,166,-7.02458
98,166,-6.93451
100,166,-6.81096
102,166,-6.6644
104,166,-6.51251
106,166,-6.37935
108,166,-6.29236
110,166,-6.27853
112,166,-6.35952
114,166,-6.5436
116,166,-6.81277
118,166,-7.10916
120,166,-7.33792
122,166,-7.41122
124,166,-7.31786
126,166,-7.14069
128,166,-6.99169
130,166,-6.93897
132,166,-6.98696
134,166,-7.10698
136,166,-7.287
138,166,-7.56021
140,166,-7.99244
142,166,-8.65058
144,166,-9.58
146,166,-10.791
148,166,-12.24
150,166,-13.8059
152,166,-15.2904
154,166,-16.4612
156,166,-17.0985
158,166,-17.0676
160,166,-16.4522
162,166,-15.4952
164,166,-14.3839
166,166,-13.2025
168,166,-12.0015
170,166,-10.8288
172,166,-9.72491
174,166,-8.72994
176,166,-7.89544
178,166,-7.27874
180,166,-6.92188
-180,168,-6.92188
-178,168,-6.8559
-176,168,-7.01724
-174,168,-7.32322
-172,168,-7.66038
-170,168,-7.93367
-168,168,-8.12464
-166,168,-8.30436
-164,168,-8.58814
-162,168,-9.08097
-160,168,-9.84877
-158,168,-10.9093
-156,168,-12.2202
-154,168,-13.6277
-152,168,-14.7421
-150,168,-14.9681
-148,168,-14.1765
-146,168,-12.9804
-144,168,-11.9657
-142,168,-11.3787
-140,168,-11.2571
-138,168,-11.5115
-136,168,-11.8952
-134,168,-11.977
-132,168,-11.4003
-130,168,-10.2813
-128,168,-9.01254
-126,168,-7.85943
-124,168,-6.91177
-122,168,-6.17924
-120,168,-5.65487
-118,168,-5.33438
-116,168,-5.2128
-114,168,-5.27647
-112,168,-5.49869
-110,168,-5.84081
-108,168,-6.25699
-106,168,-6.70054
-104,168,-7.12971
-102,168,-7.51119
-100,168,-7.82079
-98,168,-8.0412
-96,168,-8.15777
-94,168,-8.15408
-92,168,-8.01001
-90,168,-7.70494
-88,168,-7.22602
-86,168,-6.57783
-84,168,-5.78695
-82,168,-4.89789
-80,168,-3.96297
-78,168,-3.03173
-76,168,-2.14369
-74,168,-1.32479
-72,168,-0.586467
-70,168,0.0736671
-68,168,0.669371
-66,168,1.22096
-64,168,1.74808
-62,168,2.26203
-60,168,2.76139
-58,168,3.23386
-56,168,3.66347
-54,168,4.03894
-52,168,4.35904
-50,168,4.63231
-48,168,4.87132
-46,168,5.08389
-44,168,5.26607
-42,168,5.40165
-40,168,5.46884
-38,168,5.45076
-36,168,5.34484
-34,168,5.16831
-32,168,4.95792
-30,168,4.76282
-28,168,4.63107
-26,168,4.59463
-24,168,4.66132
-22,168,4.81843
-20,168,5.04448
-18,168,5.32051
-16,168,5.63548
-14,168,5.98441
-12,168,6.36223
-10,168,6.75733
-8,168,7.14895
-6,168,7.50979
-4,168,7.81216
-2,168,8.03421
0,168,8.16368
2,168,8.19845
4,168,8.14487
6,168,8.01476
8,168,7.82229
10,168,7.58147
12,168,7.30481
14,168,7.00284
16,168,6.68397
18,168,6.35427
20,168,6.01786
22,168,5.6784
24,168,5.34095
26,168,5.0123
28,168,4.69877
30,168,4.40243
32,168,4.11923
34,168,3.84137
36,168,3.56261
38,168,3.28281
40,168,3.00827
42,168,2.74806
44,168,2.50915
46,168,2.29315
48,168,2.09634
50,168,1.91216
52,168,1.73438
54,168,1.55845
56,168,1.37991
58,168,1.19098
60,168,0.977994
62,168,0.721732
64,168,0.40089
66,168,-0.0027084
68,168,-0.498699
70,168,-1.08347
72,168,-1.73662
74,168,-2.41974
76,168,-3.07973
78,168,-3.65958
80,168,-4.11547
82,168,-4.43209
84,168,-4.62534
86,168,-4.73081
88,168,-4.7875
90,168,-4.82639
92,168,-4.86596
94,168,-4.91253
96,168,-4.96295
98,168,-5.00895
100,168,-5.04298
102,168,-5.06454
104,168,-5.08443
106,168,-5.12438
108,168,-5.21188
110,168,-5.37239
112,168,-5.62152
114,168,-5.95754
116,168,-6.35391
118,168,-6.75394
120,168,-7.07822
122,168,-7.25867
124,168,-7.28725
126,168,-7.22996
128,168,-7.18308
130,168,-7.21617
132,168,-7.3485
134,168,-7.56406
136,168,-7.84606
138,168,-8.20425
140,168,-8.67661
142,168,-9.31191
144,168,-10.1489
146,168,-11.1959
148,168,-12.4065
150,168,-13.6671
152,168,-14.8207
154,168,-15.7101
156,168,-16.1783
158,168,-16.0996
160,168,-15.5158
162,168,-14.6285
164,168,-13.6158
166,168,-12.5624
168,168,-11.506
170,168,-10.4739
172,168,-9.49052
174,168,-8.58884
176,168,-7.8206
178,168,-7.24836
180,168,-6.92188
-180,170,-6.92188
-178,170,-6.88077
-176,170,-7.06828
-174,170,-7.40568
-172,170,-7.77872
-170,170,-8.08623
-168,170,-8.30229
-166,170,-8.49522
-164,170,-8.78341
-162,170,-9.27693
-160,170,-10.0439
-158,170,-11.0967
-156,170,-12.3769
-154,170,-13.7137
-152,170,-14.7416
-150,170,-14.9635
-148,170,-14.281
-146,170,-13.2116
-144,170,-12.2872
-142,170,-11.7463
-140,170,-11.6083
-138,170,-11.7456
-136,170,-11.896
-134,170,-11.7263
-132,170,-11.0545
-130,170,-10.001
-128,170,-8.81681
-126,170,-7.68319
-124,170,-6.68754
-122,170,-5.87006
-120,170,-5.25479
-118,170,-4.85659
-116,170,-4.67722
-114,170,-4.70116
-112,170,-4.8946
-110,170,-5.20842
-108,170,-5.58515
-106,170,-5.96903
-104,170,-6.31646
-102,170,-6.60182
-100,170,-6.81563
-98,170,-6.95662
-96,170,-7.02239
-94,170,-7.00303
-92,170,-6.87975
-90,170,-6.6292
-88,170,-6.23235
-86,170,-5.68481
-84,170,-5.00292
-82,170,-4.22189
-80,170,-3.38724
-78,170,-2.54435
-76,170,-1.73051
-74,170,-0.970537
-72,170,-0.275469
-70,170,0.35654
-68,170,0.937093
-66,170,1.48204
-64,170,2.00431
-62,170,2.50771
-60,170,2.98492
-58,170,3.42131
-56,170,3.80244
-54,170,4.12138
-52,170,4.38238
-50,170,4.59922
-48,170,4.78833
-46,170,4.95928
-44,170,5.10784
-42,170,5.21619
-40,170,5.26097
-38,170,5.22469
-36,170,5.10571
-34,170,4.92362
-32,170,4.71828
-30,170,4.54128
-28,170,4.44063
-26,170,4.44482
-24,170,4.5558
-22,170,4.75516
-20,170,5.01768
-18,170,5.32289
-16,170,5.65944
-14,170,6.02263
-12,170,6.40783
-10,170,6.8042
-8,170,7.1921
-6,170,7.54549
-4,170,7.83781
-2,170,8.04789
0,170,8.16368
2,170,8.1831
4,170,8.11258
6,170,7.96432
8,170,7.75316
10,170,7.49392
12,170,7.19989
14,170,6.8822
16,170,6.5496
18,170,6.20811
20,170,5.86119
22,170,5.5111
24,170,5.16116
26,170,4.81719
28,170,4.48656
30,170,4.17514
32,170,3.88437
34,170,3.61113
36,170,3.35051
38,170,3.09916
40,170,2.85701
42,170,2.62714
44,170,2.41467
46,170,2.22528
48,170,2.0631
50,170,1.9285
52,170,1.81665
54,170,1.71718
56,170,1.61445
58,170,1.48872
60,170,1.31825
62,170,1.0827
64,170,0.767032
66,170,0.365295
68,170,-0.116026
70,170,-0.65568
72,170,-1.21736
74,170,-1.75362
76,170,-2.21589
78,170,-2.5689
80,170,-2.8025
82,170,-2.93289
84,170,-2.99287
86,170,-3.01872
88,170,-3.04078
90,170,-3.07959
92,170,-3.14555
94,170,-3.23984
96,170,-3.35566
98,170,-3.48059
100,170,-3.60098
102,170,-3.70873
104,170,-3.80814
106,170,-3.91877
108,170,-4.07158
110,170,-4.29956
112,170,-4.62661
114,170,-5.05763
116,170,-5.57107
118,170,-6.11572
120,170,-6.61838
122,170,-7.01
124,170,-7.26383
126,170,-7.41393
128,170,-7.5319
130,170,-7.68386
132,170,-7.90409
134,170,-8.19623
136,170,-8.55082
138,170,-8.96355
140,170,-9.44528
142,170,-10.0227
144,170,-10.7276
146,170,-11.5725
148,170,-12.5207
150,170,-13.4816
152,170,-14.3438
154,170,-15.0028
156,170,-15.3331
158,170,-15.2125
160,170,-14.6575
162,170,-13.8372
164,170,-12.9166
166,170,-11.9773
168,170,-11.048
170,170,-10.1408
172,170,-9.26721
174,170,-8.45247
176,170,-7.74726
178,170,-7.21817
180,170,-6.92188
-180,172,-6.92188
-178,172,-6.90622
-176,172,-7.12113
-174,172,-7.49196
-172,172,-7.904
-170,172,-8.25012
-168,172,-8.49644
-166,172,-8.70741
-164,172,-9.00335
-162,172,-9.49839
-160,172,-10.2615
-158,172,-11.2975
-156,172,-12.5299
-154,172,-13.7755
-152,172,-14.7125
-150,172,-14.9577
-148,172,-14.4287
-146,172,-13.5235
-144,172,-12.7124
-142,172,-12.2316
-140,172,-12.0889
-138,172,-12.123
-136,172,-12.0654
-134,172,-11.6761
-132,172,-10.8996
-130,172,-9.85249
-128,172,-8.68893
-126,172,-7.52967
-124,172,-6.4637
-122,172,-5.55868
-120,172,-4.86178
-118,172,-4.39723
-116,172,-4.16561
-114,172,-4.14499
-112,172,-4.29343
-110,172,-4.55372
-108,172,-4.86203
-106,172,-5.16053
-104,172,-5.40997
-102,172,-5.5949
-100,172,-5.71822
-98,172,-5.78923
-96,172,-5.81233
-94,172,-5.78098
-92,172,-5.67749
-90,172,-5.47773
-88,172,-5.1596
-86,172,-4.71269
-84,172,-4.14476
-82,172,-3.48162
-80,172,-2.76046
-78,172,-2.02052
-76,172,-1.2951
-74,172,-0.606712
-72,172,0.0345459
-70,172,0.629971
-68,172,1.18858
-66,172,1.72113
-64,172,2.23339
-62,172,2.72156
-60,172,3.17264
-58,172,3.56984
-56,172,3.90015
-54,172,4.16072
-52,172,4.36105
-50,172,4.52012
-48,172,4.65842
-46,172,4.78763
-44,172,4.90347
-42,172,4.98675
-40,172,5.01264
-38,172,4.96322
-36,172,4.83798
-34,172,4.65894
-32,172,4.46879
-30,172,4.3206
-28,172,4.26074
-26,172,4.31264
-24,172,4.47163
-22,172,4.71391
-20,172,5.01147
-18,172,5.34318
-16,172,5.69812
-14,172,6.07221
-12,172,6.46163
-10,172,6.85655
-8,172,7.23856
-6,172,7.58297
-4,172,7.86424
-2,172,8.06178
0,172,8.16368
2,172,8.16777
4,172,8.08051
6,172,7.91443
8,172,7.685
10,172,7.40787
12,172,7.09706
14,172,6.76425
16,172,6.41841
18,172,6.06547
20,172,5.70834
22,172,5.34834
24,172,4.98781
26,172,4.63266
28,172,4.29254
30,172,3.97813
32,172,3.69685
34,172,3.44968
36,172,3.23102
38,172,3.03157
40,172,2.84267
42,172,2.66068
44,172,2.48953
46,172,2.33974
48,172,2.22315
50,172,2.1455
52,172,2.10099
54,172,2.07153
56,172,2.03069
58,172,1.94975
60,172,1.80365
62,172,1.57548
64,172,1.25937
66,172,0.862108
68,172,0.40354
70,172,-0.0844384
72,172,-0.561585
74,172,-0.986614
76,172,-1.32725
78,172,-1.56906
80,172,-1.71811
82,172,-1.79614
84,172,-1.83174
86,172,-1.85265
88,172,-1.88138
90,172,-1.93373
92,172,-2.01867
94,172,-2.13815
96,172,-2.28692
98,172,-2.45282
100,172,-2.61939
102,172,-2.77189
104,172,-2.90591
106,172,-3.03417
108,172,-3.18654
110,172,-3.40202
112,172,-3.71641
114,172,-4.15039
116,172,-4.70079
118,172,-5.33609
120,172,-5.9994
122,172,-6.62367
124,172,-7.15845
126,172,-7.5927
128,172,-7.95387
130,172,-8.28575
132,172,-8.62603
134,172,-8.99649
136,172,-9.4019
138,172,-9.83393
140,172,-10.2841
142,172,-10.763
144,172,-11.303
146,172,-11.929
148,172,-12.6211
150,172,-13.3132
152,172,-13.9288
154,172,-14.3941
156,172,-14.6002
158,172,-14.4311
160,172,-13.8913
162,172,-13.1257
164,172,-12.2845
166,172,-11.4439
168,172,-10.6252
170,172,-9.82898
172,172,-9.05495
174,172,-8.32099
176,172,-7.67556
178,172,-7.1882
180,172,-6.92188
-180,174,-6.92188
-178,174,-6.9322
-176,174,-7.17575
-174,174,-7.58205
-172,174,-8.03634
-170,174,-8.42577
-168,174,-8.70802
-166,174,-8.94244
-164,174,-9.25001
-162,174,-9.7477
-160,174,-10.504
-158,174,-11.5143
-156,174,-12.683
-154,174,-13.8202
-152,174,-14.6618
-150,174,-14.9408
-148,174,-14.5856
-146,174,-13.8687
-144,174,-13.1882
-142,174,-12.7798
-140,174,-12.6459
-138,174,-12.5958
-136,174,-12.3584
-134,174,-11.7761
-132,174,-10.8875
-130,174,-9.80511
-128,174,-8.61856
-126,174,-7.40858
-124,174,-6.26769
-122,174,-5.28377
-120,174,-4.5177
-118,174,-3.99615
-116,174,-3.71507
-114,174,-3.64541
-112,174,-3.73824
-110,174,-3.93092
-108,174,-4.15713
-106,174,-4.36101
-104,174,-4.50989
-102,174,-4.59756
-100,174,-4.63579
-98,174,-4.64043
-96,174,-4.62017
-94,174,-4.5714
-92,174,-4.47869
-90,174,-4.31929
-88,174,-4.07048
-86,174,-3.71794
-84,174,-3.26215
-82,174,-2.71951
-80,174,-2.11786
-78,174,-1.48872
-76,174,-0.859907
-74,174,-0.250623
-72,174,0.330443
-70,174,0.88392
-68,174,1.41571
-66,174,1.93089
-64,174,2.4278
-62,174,2.89535
-60,174,3.31551
-58,174,3.66986
-56,174,3.94706
-54,174,4.14811
-52,174,4.28746
-50,174,4.38906
-48,174,4.47736
-46,174,4.5663
-44,174,4.65185
-42,174,4.71372
-40,174,4.72585
-38,174,4.6702
-36,174,4.54756
-34,174,4.38231
-32,174,4.21919
-30,174,4.1112
-28,174,4.10111
-26,174,4.20587
-24,174,4.41415
-22,174,4.69778
-20,174,5.02726
-18,174,5.3818
-16,174,5.75137
-14,174,6.13283
-12,174,6.5233
-10,174,6.9141
-8,174,7.28817
-6,174,7.62212
-4,174,7.8914
-2,174,8.07588
0,174,8.16368
2,174,8.1525
4,174,8.04875
6,174,7.86525
8,174,7.61812
10,174,7.32384
12,174,6.99716
14,174,6.65024
16,174,6.2922
18,174,5.92887
20,174,5.56285
22,174,5.19505
24,174,4.82784
26,174,4.46835
28,174,4.12965
30,174,3.82789
32,174,3.57601
34,174,3.37705
36,174,3.22154
38,174,3.09118
40,174,2.96742
42,174,2.84048
44,174,2.71429
46,174,2.60447
48,174,2.52933
50,174,2.49803
52,174,2.50251
54,174,2.51791
56,174,2.51021
58,174,2.44621
60,174,2.30138
62,174,2.0642
64,174,1.73764
66,174,1.33838
68,174,0.894485
70,174,0.441142
72,174,0.0146863
74,174,-0.354468
76,174,-0.647861
78,174,-0.8616
80,174,-1.00464
82,174,-1.09412
84,174,-1.15035
86,174,-1.19312
88,174,-1.2398
90,174,-1.3044
92,174,-1.39695
94,174,-1.52246
96,174,-1.67946
98,174,-1.85883
100,174,-2.04443
102,174,-2.21744
104,174,-2.36499
106,174,-2.49009
108,174,-2.6166
110,174,-2.78482
112,174,-3.03971
114,174,-3.4177
116,174,-3.9365
118,174,-4.58944
120,174,-5.34458
122,174,-6.1504
124,174,-6.94924
126,174,-7.69401
128,174,-8.35924
130,174,-8.94208
132,174,-9.45726
134,174,-9.92796
136,174,-10.3701
138,174,-10.7804
140,174,-11.1481
142,174,-11.4878
144,174,-11.8469
146,174,-12.2659
148,174,-12.7354
150,174,-13.2022
152,174,-13.6104
154,174,-13.9041
156,174,-13.9885
158,174,-13.7592
160,174,-13.2183
162,174,-12.4922
164,174,-11.7159
166,174,-10.9589
168,174,-10.2359
170,174,-9.53758
172,174,-8.85368
174,174,-8.19452
176,174,-7.6056
178,174,-7.15852
180,174,-6.92188
-180,176,-6.92188
-178,176,-6.9587
-176,176,-7.2321
-174,176,-7.67594
-172,176,-8.17582
-170,176,-8.61358
-168,176,-8.93795
-166,176,-9.20189
-164,176,-9.52549
-162,176,-10.0274
-160,176,-10.7743
-158,176,-11.7503
-156,176,-12.8412
-154,176,-13.8565
-152,176,-14.5956
-150,176,-14.8983
-148,176,-14.7048
-146,176,-14.1744
-144,176,-13.6248
-142,176,-13.2868
-140,176,-13.1639
-138,176,-13.0455
-136,176,-12.664
-134,176,-11.9301
-132,176,-10.9462
-130,176,-9.81925
-128,176,-8.5977
-126,176,-7.3378
-124,176,-6.13464
-122,176,-5.08777
-120,176,-4.26461
-118,176,-3.69143
-116,176,-3.36012
-114,176,-3.23673
-112,176,-3.26809
-110,176,-3.38888
-108,176,-3.53253
-106,176,-3.646
-104,176,-3.70205
-102,176,-3.70094
-100,176,-3.66026
-98,176,-3.60041
-96,176,-3.53372
-94,176,-3.46003
-92,176,-3.36733
-90,176,-3.2357
-88,176,-3.04345
-86,176,-2.77406
-84,176,-2.42203
-82,176,-1.99492
-80,176,-1.51084
-78,176,-0.992605
-76,176,-0.461442
-74,176,0.0676448
-72,176,0.587664
-70,176,1.0983
-68,176,1.60167
-66,176,2.09657
-64,176,2.57386
-62,176,3.01583
-60,176,3.40051
-58,176,3.7088
-56,176,3.93143
-54,176,4.07324
-52,176,4.15329
-50,176,4.20004
-48,176,4.24163
-46,176,4.29417
-44,176,4.35406
-42,176,4.40025
-40,176,4.40591
-38,176,4.35318
-36,176,4.24429
-34,176,4.10551
-32,176,3.98231
-30,176,3.92549
-28,176,3.9722
-26,176,4.13209
-24,176,4.38799
-22,176,4.70906
-20,176,5.06582
-18,176,5.43865
-16,176,5.81873
-14,176,6.20394
-12,176,6.59237
-10,176,6.97653
-8,176,7.34073
-6,176,7.66285
-4,176,7.91923
-2,176,8.09015
0,176,8.16368
2,176,8.1373
4,176,8.01735
6,176,7.81695
8,176,7.55285
10,176,7.24237
12,176,6.90103
14,176,6.54142
16,176,6.17278
18,176,5.80087
20,176,5.42828
22,176,5.0562
24,176,4.68798
26,176,4.33316
28,176,4.00905
30,176,3.73708
32,176,3.53386
34,176,3.40115
36,176,3.32196
38,176,3.26712
40,176,3.20872
42,176,3.13274
44,176,3.04451
46,176,2.96443
48,176,2.91571
50,176,2.90946
52,176,2.93572
54,176,2.96551
56,176,2.96128
58,176,2.88897
60,176,2.72656
62,176,2.46781
64,176,2.12246
66,176,1.71346
68,176,1.27226
70,176,0.832494
72,176,0.42353
74,176,0.0657311
76,176,-0.231198
78,176,-0.466857
80,176,-0.647265
82,176,-0.782095
84,176,-0.882894
86,176,-0.962226
88,176,-1.03322
90,176,-1.10894
92,176,-1.20122
94,176,-1.31883
96,176,-1.4651
98,176,-1.63554
100,176,-1.81679
102,176,-1.98903
104,176,-2.13336
106,176,-2.24329
108,176,-2.33413
110,176,-2.44355
112,176,-2.62187
114,176,-2.91802
116,176,-3.36777
118,176,-3.98669
120,176,-4.76727
122,176,-5.67946
124,176,-6.6748
126,176,-7.6934
128,176,-8.67239
130,176,-9.55559
132,176,-10.306
134,176,-10.9132
136,176,-11.3841
138,176,-11.726
140,176,-11.957
142,176,-12.1302
144,176,-12.3219
146,176,-12.5779
148,176,-12.8795
150,176,-13.1695
152,176,-13.4013
154,176,-13.5352
156,176,-13.4941
158,176,-13.1917
160,176,-12.6337
162,176,-11.9319
164,176,-11.2065
166,176,-10.519
168,176,-9.87804
170,176,-9.26594
172,176,-8.66333
174,176,-8.07317
176,176,-7.53747
178,176,-7.12916
180,176,-6.92188
-180,178,-6.92188
-178,178,-6.9857
-176,178,-7.29014
-174,178,-7.77361
-172,178,-8.32258
-170,178,-8.81397
-168,178,-9.18721
-166,178,-9.48735
-164,178,-9.83203
-162,178,-10.3402
-160,178,-11.0754
-158,178,-12.0097
-156,178,-13.0112
-154,178,-13.8939
-152,178,-14.5192
-150,178,-14.8147
-148,178,-14.734
-146,178,-14.3486
-144,178,-13.8971
-142,178,-13.5965
-140,178,-13.4574
-138,178,-13.2727
-136,178,-12.7977
-134,178,-11.9896
-132,178,-10.9736
-130,178,-9.84059
-128,178,-8.61303
-126,178,-7.33303
-124,178,-6.09628
-122,178,-5.00803
-120,178,-4.13916
-118,178,-3.5165
-116,178,-3.13114
-114,178,-2.94828
-112,178,-2.9144
-110,178,-2.9645
-108,178,-3.03308
-106,178,-3.06885
-104,178,-3.04705
-102,178,-2.9709
-100,178,-2.86125
-98,178,-2.74192
-96,178,-2.62889
-94,178,-2.52592
-92,178,-2.42503
-90,178,-2.30986
-88,178,-2.16071
-86,178,-1.96022
-84,178,-1.69842
-82,178,-1.37521
-80,178,-0.999394
-78,178,-0.584737
-76,178,-0.145113
-74,178,0.309295
-72,178,0.773335
-70,178,1.24525
-68,178,1.72254
-66,178,2.19709
-64,178,2.65243
-62,178,3.0653
-60,178,3.4112
-58,178,3.67157
-56,178,3.83996
-54,178,3.92513
-52,178,3.95042
-50,178,3.94821
-48,178,3.94979
-46,178,3.97307
-44,178,4.01491
-42,178,4.0539
-40,178,4.06295
-38,178,4.02477
-36,178,3.9429
-34,178,3.84451
-32,178,3.77384
-30,178,3.77709
-28,178,3.88419
-26,178,4.09773
-24,178,4.39646
-22,178,4.74894
-20,178,5.12712
-18,178,5.51312
-16,178,5.89944
-14,178,6.28483
-12,178,6.66829
-10,178,7.04347
-8,178,7.39602
-6,178,7.70503
-4,178,7.9477
-2,178,8.10459
0,178,8.16368
2,178,8.1222
4,178,7.9864
6,178,7.76969
8,178,7.48949
10,178,7.16399
12,178,6.8095
14,178,6.43903
16,178,6.06194
18,178,5.68399
20,178,5.30808
22,178,4.93638
24,178,4.57419
26,178,4.23436
28,178,3.93859
30,178,3.71231
32,178,3.57273
34,178,3.51636
36,178,3.51609
38,178,3.53208
40,178,3.52948
42,178,3.49262
44,178,3.42919
46,178,3.36365
48,178,3.32248
50,178,3.31798
52,178,3.33951
54,178,3.3569
56,178,3.33241
58,178,3.23349
60,178,3.04124
62,178,2.75365
64,178,2.38468
66,178,1.9601
68,178,1.51104
70,178,1.0668
72,178,0.64924
74,178,0.270921
76,178,-0.0632331
78,178,-0.352526
80,178,-0.597756
82,178,-0.800322
84,178,-0.962931
86,178,-1.09091
88,178,-1.19307
90,178,-1.28147
92,178,-1.36984
94,178,-1.4709
96,178,-1.5931
98,178,-1.73717
100,178,-1.89387
102,178,-2.04463
104,178,-2.16754
106,178,-2.24901
108,178,-2.2963
110,178,-2.34271
112,178,-2.44084
114,178,-2.64841
116,178,-3.01487
118,178,-3.57281
120,178,-4.33388
122,178,-5.28707
124,178,-6.39854
126,178,-7.61268
128,178,-8.85439
130,178,-10.033
132,178,-11.052
134,178,-11.8286
136,178,-12.3205
138,178,-12.5492
140,178,-12.6049
142,178,-12.6173
144,178,-12.6923
146,178,-12.8575
148,178,-13.0598
150,178,-13.2216
152,178,-13.3015
154,178,-13.2805
156,178,-13.1073
158,178,-12.7196
160,178,-12.1301
162,178,-11.4389
164,178,-10.7515
166,178,-10.121
168,178,-9.54993
170,178,-9.01337
172,178,-8.48379
174,178,-7.95703
176,178,-7.47126
178,178,-7.10015
180,178,-6.92188
-180,180,-6.92188
-178,180,-7.01315
-176,180,-7.34985
-174,180,-7.87505
-172,180,-8.47669
-170,180,-9.02735
-168,180,-9.45675
-166,180,-9.80053
-164,180,-10.172
-162,180,-10.6891
-160,180,-11.4113
-158,180,-12.2977
-156,180,-13.2006
-154,180,-13.9422
-152,180,-14.438
-150,180,-14.6787
-148,180,-14.6298
-146,180,-14.3066
-144,180,-13.8827
-142,180,-13.5527
-140,180,-13.3391
-138,180,-13.0728
-136,180,-12.5636
-134,180,-11.7897
-132,180,-10.8491
-130,180,-9.79822
-128,180,-8.63697
-126,180,-7.39701
-124,180,-6.17245
-122,180,-5.07198
-120,180,-4.17109
-118,180,-3.50087
-116,180,-3.05651
-114,180,-2.80736
-112,180,-2.70418
-110,180,-2.68577
-108,180,-2.68911
-106,180,-2.66349
-104,180,-2.58331
-102,180,-2.45092
-100,180,-2.28762
-98,180,-2.11936
-96,180,-1.96552
-94,180,-1.83393
-92,180,-1.72084
-90,180,-1.61373
-88,180,-1.49545
-86,180,-1.34886
-84,180,-1.16103
-82,180,-0.925747
-80,180,-0.643463
-78,180,-0.319095
-76,180,0.0411944
-74,180,0.43242
-72,180,0.851147
-70,180,1.29339
-68,180,1.75093
-66,180,2.2081
-64,180,2.64155
-62,180,3.02382
-60,180,3.32963
-58,180,3.54251
-56,180,3.6597
-54,180,3.69418
-52,180,3.67316
-50,180,3.63225
-48,180,3.6049
-46,180,3.6102
-44,180,3.64531
-42,180,3.68875
-40,180,3.71376
-38,180,3.7039
-36,180,3.6635
-34,180,3.61902
-32,180,3.61111
-30,180,3.67927
-28,180,3.84565
-26,180,4.10724
-24,180,4.44111
-22,180,4.81731
-20,180,5.21028
-18,180,5.60412
-16,180,5.99245
-14,180,6.37465
-12,180,6.75044
-10,180,7.11451
-8,180,7.45378
-6,180,7.74855
-4,180,7.97674
-2,180,8.11918
0,180,8.16368
2,180,8.10721
4,180,7.95596
6,180,7.72361
8,180,7.42832
10,180,7.0892
12,180,6.72336
14,180,6.34426
16,180,5.96136
18,180,5.58055
20,180,5.20538
22,180,4.83956
24,180,4.49114
26,180,4.17668
28,180,3.92167
30,180,3.75323
32,180,3.68541
34,180,3.70622
36,180,3.77785
38,180,3.85205
40,180,3.89038
42,180,3.87773
44,180,3.82457
46,180,3.75827
48,180,3.70724
50,180,3.68458
52,180,3.6802
54,180,3.66515
56,180,3.60392
58,180,3.46687
60,180,3.23827
62,180,2.91901
64,180,2.52489
66,180,2.08148
68,180,1.61677
70,180,1.15419
72,180,0.708633
74,180,0.28705
76,180,-0.10765
78,180,-0.472425
80,180,-0.801947
82,180,-1.08917
84,180,-1.32792
86,180,-1.51598
88,180,-1.65746
90,180,-1.76303
92,180,-1.84816
94,180,-1.92947
96,180,-2.02038
98,180,-2.12669
100,180,-2.24337
102,180,-2.35414
104,180,-2.4365
106,180,-2.47307
108,180,-2.46597
110,180,-2.445
112,180,-2.46353
114,180,-2.5847
116,180,-2.86689
118,180,-3.35396
120,180,-4.07028
122,180,-5.01809
124,180,-6.17577
126,180,-7.49719
128,180,-8.91159
130,180,-10.3198
132,180,-11.5833
134,180,-12.5289
136,180,-13.0268
138,180,-13.1151
140,180,-12.9988
142,180,-12.9001
144,180,-12.9375
146,180,-13.0982
148,180,-13.2747
150,180,-13.3555
152,180,-13.3032
154,180,-13.1287
156,180,-12.8164
158,180,-12.3326
160,180,-11.6997
162,180,-11.0072
164,180,-10.3464
166,180,-9.76184
168,180,-9.24989
170,180,-8.77922
172,180,-8.31494
174,180,-7.84617
176,180,-7.40705
178,180,-7.07155
180,180,-6.92188
