Phi[deg],Theta[deg],dB(RealizedGainTheta),dB(RealizedGainPhi)
0,0,-0.119271,-56.7211
2,0,-0.124343,-29.4397
4,0,-0.140013,-23.337
6,0,-0.166319,-19.7943
8,0,-0.203327,-17.2929
10,0,-0.251127,-15.3616
12,0,-0.309839,-13.7913
14,0,-0.379612,-12.471
16,0,-0.460625,-11.3345
18,0,-0.55309,-10.339
20,0,-0.657253,-9.45557
22,0,-0.773398,-8.66338
24,0,-0.901852,-7.94718
26,0,-1.04298,-7.29538
28,0,-1.19721,-6.69896
30,0,-1.36501,-6.15081
32,0,-1.54691,-5.64518
34,0,-1.74352,-5.1774
36,0,-1.95552,-4.74359
38,0,-2.18369,-4.34052
40,0,-2.42888,-3.96545
42,0,-2.6921,-3.61607
44,0,-2.97448,-3.29039
46,0,-3.27729,-2.98669
48,0,-3.60202,-2.70349
50,0,-3.95038,-2.43949
52,0,-4.32433,-2.19357
54,0,-4.72619,-1.96471
56,0,-5.15865,-1.75205
58,0,-5.62495,-1.55481
60,0,-6.1289,-1.37231
62,0,-6.67518,-1.20393
64,0,-7.26945,-1.04915
66,0,-7.91878,-0.907482
68,0,-8.63208,-0.778508
70,0,-9.42083,-0.661855
72,0,-10.3001,-0.557198
74,0,-11.2904,-0.464251
76,0,-12.4203,-0.382765
78,0,-13.7318,-0.312527
80,0,-15.2899,-0.253357
82,0,-17.2029,-0.205104
84,0,-19.674,-0.167649
86,0,-23.1562,-0.140897
88,0,-29.078,-0.124785
90,0,-56.7211,-0.119271
92,0,-29.4397,-0.124343
94,0,-23.337,-0.140013
96,0,-19.7943,-0.166319
98,0,-17.2929,-0.203327
100,0,-15.3616,-0.251127
102,0,-13.7913,-0.309839
104,0,-12.471,-0.379612
106,0,-11.3345,-0.460625
108,0,-10.339,-0.55309
110,0,-9.45557,-0.657253
112,0,-8.66338,-0.773398
114,0,-7.94718,-0.901852
116,0,-7.29538,-1.04298
118,0,-6.69896,-1.19721
120,0,-6.15081,-1.36501
122,0,-5.64518,-1.54691
124,0,-5.1774,-1.74352
126,0,-4.74359,-1.95552
128,0,-4.34052,-2.18369
130,0,-3.96545,-2.42888
132,0,-3.61607,-2.6921
134,0,-3.29039,-2.97448
136,0,-2.98669,-3.27729
138,0,-2.70349,-3.60202
140,0,-2.43949,-3.95038
142,0,-2.19357,-4.32433
144,0,-1.96471,-4.72619
146,0,-1.75205,-5.15865
148,0,-1.55481,-5.62495
150,0,-1.37231,-6.1289
152,0,-1.20393,-6.67518
154,0,-1.04915,-7.26945
156,0,-0.907482,-7.91878
158,0,-0.778508,-8.63208
160,0,-0.661855,-9.42083
162,0,-0.557198,-10.3001
164,0,-0.464251,-11.2904
166,0,-0.382765,-12.4203
168,0,-0.312527,-13.7318
170,0,-0.253357,-15.2899
172,0,-0.205104,-17.2029
174,0,-0.167649,-19.674
176,0,-0.140897,-23.1562
178,0,-0.124785,-29.078
180,0,-0.119271,-56.7211
182,0,-0.124343,-29.4397
184,0,-0.140013,-23.337
186,0,-0.166319,-19.7943
188,0,-0.203327,-17.2929
190,0,-0.251127,-15.3616
192,0,-0.309839,-13.7913
194,0,-0.379612,-12.471
196,0,-0.460625,-11.3345
198,0,-0.55309,-10.339
200,0,-0.657253,-9.45557
202,0,-0.773398,-8.66338
204,0,-0.901852,-7.94718
206,0,-1.04298,-7.29538
208,0,-1.19721,-6.69896
210,0,-1.36501,-6.15081
212,0,-1.54691,-5.64518
214,0,-1.74352,-5.1774
216,0,-1.95552,-4.74359
218,0,-2.18369,-4.34052
220,0,-2.42888,-3.96545
222,0,-2.6921,-3.61607
224,0,-2.97448,-3.29039
226,0,-3.27729,-2.98669
228,0,-3.60202,-2.70349
230,0,-3.95038,-2.43949
232,0,-4.32433,-2.19357
234,0,-4.72619,-1.96471
236,0,-5.15865,-1.75205
238,0,-5.62495,-1.55481
240,0,-6.1289,-1.37231
242,0,-6.67518,-1.20393
244,0,-7.26945,-1.04915
246,0,-7.91878,-0.907482
248,0,-8.63208,-0.778508
250,0,-9.42083,-0.661855
252,0,-10.3001,-0.557198
254,0,-11.2904,-0.464251
256,0,-12.4203,-0.382765
258,0,-13.7318,-0.312527
260,0,-15.2899,-0.253357
262,0,-17.2029,-0.205104
264,0,-19.674,-0.167649
266,0,-23.1562,-0.140897
268,0,-29.078,-0.124785
270,0,-56.7211,-0.119271
272,0,-29.4397,-0.124343
274,0,-23.337,-0.140013
276,0,-19.7943,-0.166319
278,0,-17.2929,-0.203327
280,0,-15.3616,-0.251127
282,0,-13.7913,-0.309839
284,0,-12.471,-0.379612
286,0,-11.3345,-0.460625
288,0,-10.339,-0.55309
290,0,-9.45557,-0.657253
292,0,-8.66338,-0.773398
294,0,-7.94718,-0.901852
296,0,-7.29538,-1.04298
298,0,-6.69896,-1.19721
300,0,-6.15081,-1.36501
302,0,-5.64518,-1.54691
304,0,-5.1774,-1.74352
306,0,-4.74359,-1.95552
308,0,-4.34052,-2.18369
310,0,-3.96545,-2.42888
312,0,-3.61607,-2.6921
314,0,-3.29039,-2.97448
316,0,-2.98669,-3.27729
318,0,-2.70349,-3.60202
320,0,-2.43949,-3.95038
322,0,-2.19357,-4.32433
324,0,-1.96471,-4.72619
326,0,-1.75205,-5.15865
328,0,-1.55481,-5.62495
330,0,-1.37231,-6.1289
332,0,-1.20393,-6.67518
334,0,-1.04915,-7.26945
336,0,-0.907482,-7.91878
338,0,-0.778508,-8.63208
340,0,-0.661855,-9.42083
342,0,-0.557198,-10.3001
344,0,-0.464251,-11.2904
346,0,-0.382765,-12.4203
348,0,-0.312527,-13.7318
350,0,-0.253357,-15.2899
352,0,-0.205104,-17.2029
354,0,-0.167649,-19.674
356,0,-0.140897,-23.1562
358,0,-0.124785,-29.078
360,0,-0.119271,-56.7211
0,2,-5.08187,-43.0891
2,2,-5.08793,-31.7962
4,2,-5.09049,-26.9317
6,2,-5.08974,-23.8091
8,2,-5.08598,-21.4965
10,2,-5.07966,-19.6507
12,2,-5.07133,-18.1073
14,2,-5.06169,-16.775
16,2,-5.05153,-15.598
18,2,-5.04173,-14.5397
20,2,-5.0333,-13.5752
22,2,-5.02733,-12.6867
24,2,-5.02497,-11.8612
26,2,-5.02748,-11.0888
28,2,-5.03619,-10.3623
30,2,-5.05248,-9.676
32,2,-5.07781,-9.02538
34,2,-5.11371,-8.40703
36,2,-5.1618,-7.81824
38,2,-5.22373,-7.25687
40,2,-5.30129,-6.72123
42,2,-5.39633,-6.20999
44,2,-5.51081,-5.7221
46,2,-5.64685,-5.25676
48,2,-5.80671,-4.81332
50,2,-5.99284,-4.39132
52,2,-6.20793,-3.99037
54,2,-6.45499,-3.6102
56,2,-6.73735,-3.25064
58,2,-7.05884,-2.91153
60,2,-7.42388,-2.5928
62,2,-7.83765,-2.2944
64,2,-8.30632,-2.01632
66,2,-8.83743,-1.75855
68,2,-9.44029,-1.52112
70,2,-10.1268,-1.30406
72,2,-10.9123,-1.10741
74,2,-11.8176,-0.931224
76,2,-12.8717,-0.775533
78,2,-14.1165,-0.640387
80,2,-15.6172,-0.525826
82,2,-17.4824,-0.431888
84,2,-19.9145,-0.358603
86,2,-23.3655,-0.305995
88,2,-29.258,-0.274081
90,2,-58.2385,-0.262871
92,2,-29.6804,-0.272364
94,2,-23.5738,-0.302554
96,2,-20.0499,-0.353425
98,2,-17.5804,-0.424954
100,2,-15.6919,-0.51711
102,2,-14.1749,-0.629856
104,2,-12.9178,-0.763149
106,2,-11.854,-0.916943
108,2,-10.9405,-1.09119
110,2,-10.1479,-1.28583
112,2,-9.4552,-1.50083
114,2,-8.84666,-1.73614
116,2,-8.31029,-1.99172
118,2,-7.83666,-2.26754
120,2,-7.41817,-2.56361
122,2,-7.04856,-2.87993
124,2,-6.72262,-3.21656
126,2,-6.4359,-3.57358
128,2,-6.18453,-3.95113
130,2,-5.96516,-4.34941
132,2,-5.77478,-4.76868
134,2,-5.61067,-5.20934
136,2,-5.47039,-5.67187
138,2,-5.35166,-6.15692
140,2,-5.25238,-6.66533
142,2,-5.17058,-7.19816
144,2,-5.10442,-7.75677
146,2,-5.05213,-8.34287
148,2,-5.01206,-8.95863
150,2,-4.98262,-9.60683
152,2,-4.96229,-10.291
154,2,-4.94963,-11.0155
156,2,-4.94329,-11.7862
158,2,-4.94194,-12.6106
160,2,-4.94438,-13.4984
162,2,-4.94946,-14.463
164,2,-4.95612,-15.5222
166,2,-4.96339,-16.7015
168,2,-4.9704,-18.0378
170,2,-4.97636,-19.5879
172,2,-4.98063,-21.445
174,2,-4.98265,-23.7778
176,2,-4.98199,-26.9421
178,2,-4.97836,-31.9296
180,2,-4.97157,-44.6826
182,2,-4.96158,-37.0447
184,2,-4.94848,-29.4319
186,2,-4.93247,-25.4063
188,2,-4.9139,-22.6379
190,2,-4.89324,-20.5139
192,2,-4.87105,-18.7812
194,2,-4.84806,-17.3104
196,2,-4.82504,-16.0269
198,2,-4.80292,-14.8837
200,2,-4.78269,-13.8495
202,2,-4.76544,-12.9025
204,2,-4.75233,-12.027
206,2,-4.74461,-11.2114
208,2,-4.7436,-10.447
210,2,-4.75068,-9.72719
212,2,-4.76731,-9.04677
214,2,-4.79501,-8.40173
216,2,-4.83536,-7.78893
218,2,-4.89005,-7.20586
220,2,-4.96082,-6.65057
222,2,-5.04952,-6.12148
224,2,-5.15812,-5.61737
226,2,-5.28871,-5.13726
228,2,-5.44353,-4.68039
230,2,-5.62504,-4.24615
232,2,-5.83593,-3.83408
234,2,-6.07916,-3.44382
236,2,-6.35808,-3.07512
238,2,-6.67651,-2.72776
240,2,-7.03886,-2.40162
242,2,-7.45029,-2.0966
244,2,-7.91699,-1.81263
246,2,-8.44647,-1.54968
248,2,-9.04806,-1.30774
250,2,-9.73361,-1.08682
252,2,-10.5186,-0.886934
254,2,-11.4237,-0.708099
256,2,-12.4779,-0.550345
258,2,-13.7234,-0.413701
260,2,-15.2253,-0.298198
262,2,-17.0923,-0.203864
264,2,-19.5273,-0.130723
266,2,-22.9835,-0.0787962
268,2,-28.889,-0.0481009
270,2,-58.578,-0.0386478
272,2,-29.2693,-0.0504427
274,2,-23.1768,-0.0834855
276,2,-19.6597,-0.137771
278,2,-17.1952,-0.213288
280,2,-15.3115,-0.310022
282,2,-13.7991,-0.427954
284,2,-12.5467,-0.56706
286,2,-11.4879,-0.727319
288,2,-10.5797,-0.908707
290,2,-9.79282,-1.1112
292,2,-9.1061,-1.33479
294,2,-8.50397,-1.57945
296,2,-7.97442,-1.84521
298,2,-7.50806,-2.13206
300,2,-7.09729,-2.44005
302,2,-6.73588,-2.76925
304,2,-6.41863,-3.11976
306,2,-6.1411,-3.49172
308,2,-5.89946,-3.88533
310,2,-5.69033,-4.30087
312,2,-5.51072,-4.73869
314,2,-5.35794,-5.19926
316,2,-5.22952,-5.68317
318,2,-5.12319,-6.1912
320,2,-5.03685,-6.72433
322,2,-4.96853,-7.28377
324,2,-4.91634,-7.8711
326,2,-4.87853,-8.48827
328,2,-4.85341,-9.13779
330,2,-4.83935,-9.82279
332,2,-4.83482,-10.5473
334,2,-4.83834,-11.3165
336,2,-4.8485,-12.1371
338,2,-4.86395,-13.0177
340,2,-4.88342,-13.97
342,2,-4.90571,-15.0099
344,2,-4.92972,-16.1591
346,2,-4.9544,-17.4494
348,2,-4.97884,-18.9279
350,2,-5.0022,-20.6701
352,2,-5.02377,-22.8067
354,2,-5.04293,-25.5936
356,2,-5.05922,-29.6493
358,2,-5.07228,-37.2728
360,2,-5.08187,-43.0891
0,4,-15.741,-42.7871
2,4,-15.8014,-40.5897
4,4,-15.942,-37.3947
6,4,-16.1659,-34.8689
8,4,-16.4787,-32.9945
10,4,-16.8893,-31.6176
12,4,-17.4103,-30.6354
14,4,-18.0596,-29.9916
16,4,-18.8629,-29.6648
18,4,-19.8569,-29.6638
20,4,-21.0968,-30.0324
22,4,-22.6666,-30.8673
24,4,-24.698,-32.3673
26,4,-27.3744,-34.9717
28,4,-30.6591,-39.6983
30,4,-32.2484,-42.6049
32,4,-29.4017,-35.0605
34,4,-25.8456,-29.6804
36,4,-22.9905,-25.8517
38,4,-20.7386,-22.8513
40,4,-18.9176,-20.3621
42,4,-17.4118,-18.2232
44,4,-16.1476,-16.3429
46,4,-15.0773,-14.6639
48,4,-14.1688,-13.1485
50,4,-13.4003,-11.7702
52,4,-12.7566,-10.5101
54,4,-12.2273,-9.35408
56,4,-11.8056,-8.29133
58,4,-11.4873,-7.31356
60,4,-11.2702,-6.41424
62,4,-11.1547,-5.58813
64,4,-11.1425,-4.83104
66,4,-11.238,-4.13954
68,4,-11.4475,-3.51086
70,4,-11.7806,-2.94271
72,4,-12.2507,-2.43318
74,4,-12.8768,-1.98074
76,4,-13.6865,-1.58409
78,4,-14.7204,-1.24219
80,4,-16.0423,-0.954173
82,4,-17.7589,-0.719361
84,4,-20.0703,-0.537211
86,4,-23.4215,-0.407315
88,4,-29.204,-0.329384
90,4,-56.2747,-0.303243
92,4,-29.8932,-0.328821
94,4,-23.7619,-0.406153
96,4,-20.2925,-0.535379
98,4,-17.9204,-0.716749
100,4,-16.1659,-0.950628
102,4,-14.8176,-1.23751
104,4,-13.7635,-1.57802
106,4,-12.9374,-1.97297
108,4,-12.2972,-2.42332
110,4,-11.8144,-2.93027
112,4,-11.4694,-3.49528
114,4,-11.2483,-4.1201
116,4,-11.1411,-4.80687
118,4,-11.141,-5.55819
120,4,-11.2436,-6.37724
122,4,-11.4462,-7.2679
124,4,-11.7486,-8.235
126,4,-12.152,-9.28459
128,4,-12.66,-10.4243
130,4,-13.2786,-11.6639
132,4,-14.0171,-13.0162
134,4,-14.8889,-14.4982
136,4,-15.9139,-16.1332
138,4,-17.1208,-17.9544
140,4,-18.5535,-20.0103
142,4,-20.2808,-22.3771
144,4,-22.4175,-25.1817
146,4,-25.1695,-28.6579
148,4,-28.9239,-33.2764
150,4,-34.0253,-39.6486
152,4,-35.17,-41.0207
154,4,-30.4271,-36.3577
156,4,-26.7972,-33.4159
158,4,-24.273,-31.6983
160,4,-22.4184,-30.7169
162,4,-20.9974,-30.2396
164,4,-19.88,-30.1521
166,4,-18.9886,-30.4007
168,4,-18.2739,-30.9706
170,4,-17.7033,-31.8805
172,4,-17.2546,-33.1896
174,4,-16.9123,-35.0251
176,4,-16.6658,-37.6613
178,4,-16.5084,-41.8071
180,4,-16.4361,-50.4278
182,4,-16.4475,-52.0869
184,4,-16.5439,-42.4253
186,4,-16.7289,-38.0613
188,4,-17.0091,-35.3464
190,4,-17.3943,-33.4863
192,4,-17.8992,-32.1857
194,4,-18.5446,-31.3129
196,4,-19.3608,-30.8113
198,4,-20.3928,-30.6709
200,4,-21.7109,-30.9231
202,4,-23.431,-31.6525
204,4,-25.7594,-33.0317
206,4,-29.0811,-35.3882
208,4,-33.7386,-38.974
210,4,-34.5172,-39.3981
212,4,-29.387,-33.9521
214,4,-25.3451,-29.2498
216,4,-22.4147,-25.6423
218,4,-20.1636,-22.7303
220,4,-18.3571,-20.2786
222,4,-16.8666,-18.1545
224,4,-15.6155,-16.2777
226,4,-14.556,-14.5964
228,4,-13.6565,-13.0757
230,4,-12.8956,-11.6906
232,4,-12.2584,-10.4231
234,4,-11.735,-9.25958
236,4,-11.3186,-8.18961
238,4,-11.0053,-7.20503
240,4,-10.7932,-6.29942
242,4,-10.6825,-5.4676
244,4,-10.6753,-4.70539
246,4,-10.7759,-4.0094
248,4,-10.9909,-3.37683
250,4,-11.33,-2.8054
252,4,-11.8066,-2.29319
254,4,-12.4402,-1.83865
256,4,-13.2586,-1.4405
258,4,-14.3031,-1.09767
260,4,-15.6385,-0.809313
262,4,-17.3739,-0.574742
264,4,-19.7141,-0.393426
266,4,-23.1193,-0.264966
268,4,-29.0548,-0.189093
270,4,-66.5883,-0.165652
272,4,-29.1402,-0.194605
274,4,-23.1702,-0.276025
276,4,-19.7571,-0.410102
278,4,-17.4157,-0.597149
280,4,-15.6819,-0.837608
282,4,-14.3494,-1.13207
284,4,-13.3086,-1.48128
286,4,-12.4946,-1.88619
288,4,-11.8658,-2.34794
290,4,-11.3945,-2.86795
292,4,-11.0613,-3.44795
294,4,-10.8527,-4.09001
296,4,-10.7591,-4.79668
298,4,-10.7742,-5.57105
300,4,-10.8939,-6.4169
302,4,-11.1164,-7.33891
304,4,-11.442,-8.34287
306,4,-11.873,-9.43606
308,4,-12.4141,-10.6277
310,4,-13.0731,-11.9298
312,4,-13.8615,-13.3578
314,4,-14.7962,-14.9329
316,4,-15.9019,-16.684
318,4,-17.2154,-18.6518
320,4,-18.7935,-20.8964
322,4,-20.7287,-23.5074
324,4,-23.1813,-26.6165
326,4,-26.4497,-30.3577
328,4,-31.0216,-34.3205
330,4,-35.1299,-35.6514
332,4,-31.5019,-33.6565
334,4,-27.2945,-31.5507
336,4,-24.3939,-30.1002
338,4,-22.3102,-29.2119
340,4,-20.7401,-28.758
342,4,-19.5194,-28.6565
344,4,-18.5534,-28.8623
346,4,-17.7829,-29.358
348,4,-17.1692,-30.15
350,4,-16.6858,-31.2698
352,4,-16.3143,-32.7817
354,4,-16.0416,-34.7962
356,4,-15.8587,-37.4714
358,4,-15.7597,-40.7802
360,4,-15.741,-42.7871
0,6,-9.87002,-39.1464
2,6,-9.90779,-33.2552
4,6,-9.93759,-29.7299
6,6,-9.95986,-27.2156
8,6,-9.97587,-25.2546
10,6,-9.98767,-23.6411
12,6,-9.99815,-22.2664
14,6,-10.011,-21.0675
16,6,-10.0306,-20.0059
18,6,-10.0623,-19.0572
20,6,-10.1119,-18.2063
22,6,-10.1862,-17.4443
24,6,-10.2929,-16.7667
26,6,-10.4402,-16.1727
28,6,-10.638,-15.6642
30,6,-10.8969,-15.2459
32,6,-11.2298,-14.9252
34,6,-11.6517,-14.7128
36,6,-12.1809,-14.6231
38,6,-12.8408,-14.6761
40,6,-13.6622,-14.8994
42,6,-14.6876,-15.3332
44,6,-15.9802,-16.0383
46,6,-17.64,-17.1139
48,6,-19.8435,-18.7387
50,6,-22.9485,-21.2879
52,6,-27.8409,-25.7705
54,6,-35.6421,-35.0431
56,6,-30.0468,-27.0547
58,6,-24.3815,-20.3018
60,6,-21.0158,-16.1706
62,6,-18.7616,-13.178
64,6,-17.1709,-10.8306
66,6,-16.0417,-8.90906
68,6,-15.2709,-7.2977
70,6,-14.8035,-5.92829
72,6,-14.6121,-4.75752
74,6,-14.6886,-3.75635
76,6,-15.0417,-2.90457
78,6,-15.6985,-2.18774
80,6,-16.713,-1.59532
82,6,-18.1847,-1.1196
84,6,-20.3071,-0.754975
86,6,-23.5187,-0.497441
88,6,-29.1919,-0.344328
90,6,-53.5049,-0.294097
92,6,-30.0023,-0.346231
94,6,-23.9184,-0.501205
96,6,-20.5668,-0.760513
98,6,-18.3719,-1.12677
100,6,-16.8546,-1.60389
102,6,-15.8073,-2.1974
104,6,-15.1246,-2.91485
106,6,-14.7494,-3.76657
108,6,-14.6523,-4.76671
110,6,-14.8231,-5.935
112,6,-15.2682,-7.29973
114,6,-16.0131,-8.90301
116,6,-17.1098,-10.8109
118,6,-18.6567,-13.135
120,6,-20.8472,-16.0854
122,6,-24.1182,-20.1331
124,6,-29.7707,-26.7155
126,6,-40.1436,-37.4758
128,6,-29.3844,-26.661
130,6,-23.7719,-21.8373
132,6,-20.4347,-19.177
134,6,-18.1227,-17.5027
136,6,-16.4026,-16.4024
138,6,-15.0735,-15.685
140,6,-14.0248,-15.2457
142,6,-13.1886,-15.021
144,6,-12.5194,-14.969
146,6,-11.9847,-15.0609
148,6,-11.5601,-15.276
150,6,-11.2264,-15.5989
152,6,-10.9679,-16.0184
154,6,-10.7716,-16.5265
156,6,-10.626,-17.1177
158,6,-10.5213,-17.7894
160,6,-10.4487,-18.5417
162,6,-10.4003,-19.3781
164,6,-10.3693,-20.3063
166,6,-10.3493,-21.34
168,6,-10.3351,-22.5013
170,6,-10.3222,-23.8254
172,6,-10.3066,-25.3695
174,6,-10.2857,-27.2311
176,6,-10.2572,-29.5919
178,6,-10.2201,-32.8477
180,6,-10.1739,-38.1643
182,6,-10.1192,-54.8802
184,6,-10.0572,-40.9485
186,6,-9.98983,-33.9975
188,6,-9.91986,-30.1071
190,6,-9.85054,-27.367
192,6,-9.78576,-25.2371
194,6,-9.7299,-23.4896
196,6,-9.68788,-22.0082
198,6,-9.66511,-20.7271
200,6,-9.66748,-19.6066
202,6,-9.70145,-18.6222
204,6,-9.77412,-17.7589
206,6,-9.89333,-17.008
208,6,-10.0679,-16.3659
210,6,-10.3078,-15.8327
212,6,-10.6249,-15.412
214,6,-11.0331,-15.1112
216,6,-11.5497,-14.9418
218,6,-12.1967,-14.9208
220,6,-13.0032,-15.0728
222,6,-14.0099,-15.4341
224,6,-15.2767,-16.06
226,6,-16.8986,-17.0407
228,6,-19.0432,-18.5366
230,6,-22.0525,-20.8761
232,6,-26.8191,-24.9093
234,6,-36.6677,-33.7273
236,6,-31.692,-28.9932
238,6,-24.8058,-21.2915
240,6,-21.1102,-16.8428
242,6,-18.7133,-13.692
244,6,-17.0465,-11.2479
246,6,-15.8725,-9.26014
248,6,-15.0745,-7.60007
250,6,-14.5912,-6.1932
252,6,-14.3923,-4.99284
254,6,-14.4684,-3.968
256,6,-14.8279,-3.09727
258,6,-15.499,-2.36541
260,6,-16.5378,-1.76139
262,6,-18.0492,-1.27717
264,6,-20.2396,-0.906893
266,6,-23.5864,-0.646423
268,6,-29.6541,-0.492998
270,6,-52.0991,-0.445038
272,6,-28.9076,-0.502033
274,6,-23.2353,-0.664516
276,6,-20.031,-0.934099
278,6,-17.9194,-1.31359
280,6,-16.4615,-1.80723
282,6,-15.4634,-2.42097
284,6,-14.826,-3.16308
286,6,-14.4961,-4.0449
288,6,-14.4473,-5.08215
290,6,-14.6728,-6.29702
292,6,-15.1836,-7.72175
294,6,-16.0121,-9.40518
296,6,-17.2232,-11.4256
298,6,-18.9409,-13.9195
300,6,-21.4197,-17.1547
302,6,-25.2822,-21.7681
304,6,-32.6772,-29.7183
306,6,-35.4269,-31.347
308,6,-26.2822,-24.0043
310,6,-21.7386,-20.3131
312,6,-18.821,-18.1045
314,6,-16.7231,-16.6718
316,6,-15.1271,-15.724
318,6,-13.8749,-15.1146
320,6,-12.8756,-14.7596
322,6,-12.0716,-14.607
324,6,-11.4237,-14.6222
326,6,-10.9036,-14.7817
328,6,-10.4899,-15.069
330,6,-10.1657,-15.4728
332,6,-9.91752,-15.9858
334,6,-9.7337,-16.6043
336,6,-9.60444,-17.3276
338,6,-9.5211,-18.1588
340,6,-9.47595,-19.1055
342,6,-9.46203,-20.1811
344,6,-9.47301,-21.4074
346,6,-9.50308,-22.8195
348,6,-9.54696,-24.4749
350,6,-9.59987,-26.4724
352,6,-9.65753,-28.9975
354,6,-9.7162,-32.4545
356,6,-9.77275,-37.9876
358,6,-9.82463,-48.3971
360,6,-9.87002,-39.1464
0,8,-36.2106,-42.4566
2,8,-35.912,-43.2815
4,8,-35.7987,-44.1212
6,8,-35.6488,-44.7272
8,8,-35.0647,-44.6401
10,8,-33.7269,-43.4084
12,8,-31.7441,-41.1428
14,8,-29.4927,-38.3875
16,8,-27.2586,-35.5599
18,8,-25.1691,-32.8442
20,8,-23.2615,-30.3008
22,8,-21.5376,-27.9416
24,8,-19.9876,-25.7626
26,8,-18.6004,-23.7552
28,8,-17.3663,-21.9108
30,8,-16.2781,-20.2219
32,8,-15.3313,-18.6833
34,8,-14.5237,-17.2915
36,8,-13.8554,-16.0452
38,8,-13.329,-14.9451
40,8,-12.9493,-13.9944
42,8,-12.7239,-13.1986
44,8,-12.6637,-12.5667
46,8,-12.7839,-12.1118
48,8,-13.1056,-11.8529
50,8,-13.6589,-11.8177
52,8,-14.4881,-12.0481
54,8,-15.6611,-12.6096
56,8,-17.2915,-13.6131
58,8,-19.5895,-15.2674
60,8,-23.0202,-18.0408
62,8,-29.002,-23.4014
64,8,-41.1612,-36.3192
66,8,-28.7846,-21.5727
68,8,-23.4814,-15.3944
70,8,-20.5836,-11.5912
72,8,-18.8265,-8.85374
74,8,-17.8006,-6.74871
76,8,-17.3393,-5.08018
78,8,-17.3803,-3.74363
80,8,-17.9267,-2.67739
82,8,-19.0482,-1.84277
84,8,-20.9216,-1.2146
86,8,-23.9807,-0.776483
88,8,-29.6257,-0.518064
90,8,-51.9146,-0.433629
92,8,-30.0597,-0.521345
94,8,-24.1928,-0.783039
96,8,-21.0564,-1.22442
98,8,-19.1414,-1.85578
100,8,-17.9919,-2.69349
102,8,-17.4231,-3.76255
104,8,-17.3615,-5.10142
106,8,-17.8007,-6.77127
108,8,-18.7994,-8.87565
110,8,-20.5177,-11.6083
112,8,-23.3499,-15.397
114,8,-28.5224,-21.5354
116,8,-44.2144,-37.7398
118,8,-29.8544,-23.7878
120,8,-23.4473,-18.2916
122,8,-19.8987,-15.4904
124,8,-17.5487,-13.8327
126,8,-15.8913,-12.8359
128,8,-14.7038,-12.287
130,8,-13.868,-12.0734
132,8,-13.3134,-12.1289
134,8,-12.9948,-12.4113
136,8,-12.8817,-12.8929
138,8,-12.9527,-13.5544
140,8,-13.1929,-14.3827
142,8,-13.5915,-15.3688
144,8,-14.1416,-16.5065
146,8,-14.839,-17.7923
148,8,-15.6821,-19.224
150,8,-16.6719,-20.801
152,8,-17.8119,-22.5229
154,8,-19.1083,-24.389
156,8,-20.5699,-26.3959
158,8,-22.2069,-28.5348
160,8,-24.0282,-30.784
162,8,-26.0315,-33.0982
164,8,-28.1789,-35.3895
166,8,-30.34,-37.5063
168,8,-32.2155,-39.2347
170,8,-33.4003,-40.3712
172,8,-33.7651,-40.8493
174,8,-33.6367,-40.7833
176,8,-33.4233,-40.3751
178,8,-33.3627,-39.8133
180,8,-33.5464,-39.2412
182,8,-33.9693,-38.7639
184,8,-34.498,-38.4659
186,8,-34.755,-38.4286
188,8,-34.1515,-38.7513
190,8,-32.4855,-39.5789
192,8,-30.2284,-41.1408
194,8,-27.8845,-43.6592
196,8,-25.6818,-45.4043
198,8,-23.6809,-41.6022
200,8,-21.882,-36.6049
202,8,-20.2688,-32.5559
204,8,-18.824,-29.2671
206,8,-17.5331,-26.5049
208,8,-16.385,-24.127
210,8,-15.3724,-22.0479
212,8,-14.4906,-20.2148
214,8,-13.7377,-18.594
216,8,-13.1142,-17.1642
218,8,-12.6229,-15.9125
220,8,-12.2688,-14.8323
222,8,-12.0599,-13.9224
224,8,-12.0071,-13.1864
226,8,-12.1255,-12.6333
228,8,-12.436,-12.2782
230,8,-12.9676,-12.1453
232,8,-13.7623,-12.2714
234,8,-14.884,-12.715
236,8,-16.4368,-13.574
238,8,-18.6093,-15.0277
240,8,-21.8047,-17.4622
242,8,-27.1877,-21.9853
244,8,-41.7469,-35.2417
246,8,-30.0665,-23.9219
248,8,-23.8369,-16.6132
250,8,-20.6479,-12.4293
252,8,-18.7547,-9.49447
254,8,-17.657,-7.26614
256,8,-17.16,-5.51292
258,8,-17.1916,-4.11535
260,8,-17.7533,-3.00446
262,8,-18.9201,-2.13753
264,8,-20.8873,-1.48711
266,8,-24.1493,-1.03537
268,8,-30.4203,-0.771138
270,8,-46.8532,-0.688238
272,8,-28.5549,-0.784687
274,8,-23.2642,-1.06245
276,8,-20.3521,-1.52768
278,8,-18.5772,-2.1916
280,8,-17.5409,-3.07212
282,8,-17.0803,-4.19692
284,8,-17.1356,-5.6091
286,8,-17.7149,-7.37852
288,8,-18.9006,-9.6264
290,8,-20.9049,-12.5882
292,8,-24.2776,-16.8172
294,8,-31.0225,-24.2093
296,8,-39.1949,-33.1646
298,8,-26.5974,-21.7251
300,8,-21.5328,-17.3545
302,8,-18.4634,-14.966
304,8,-16.3587,-13.5289
306,8,-14.8472,-12.6734
308,8,-13.7514,-12.2252
310,8,-12.9722,-12.0886
312,8,-12.4486,-12.2064
314,8,-12.14,-12.5417
316,8,-12.0184,-13.0706
318,8,-12.0637,-13.7775
320,8,-12.2613,-14.6526
322,8,-12.6007,-15.6909
324,8,-13.0744,-16.8918
326,8,-13.6774,-18.2585
328,8,-14.4072,-19.7985
330,8,-15.2634,-21.5247
332,8,-16.2477,-23.4566
334,8,-17.3647,-25.6219
336,8,-18.6216,-28.0597
338,8,-20.0294,-30.8205
340,8,-21.6032,-33.9537
342,8,-23.3632,-37.4288
344,8,-25.334,-40.7997
346,8,-27.5412,-42.7254
348,8,-29.9927,-42.6206
350,8,-32.6166,-41.8469
352,8,-35.0998,-41.2917
354,8,-36.7521,-41.1214
356,8,-37.1173,-41.3026
358,8,-36.707,-41.7704
360,8,-36.2106,-42.4566
0,10,-24.5634,-41.1365
2,10,-24.505,-40.6626
4,10,-24.2426,-39.6964
6,10,-23.8068,-38.3881
8,10,-23.2455,-36.8829
10,10,-22.6141,-35.2993
12,10,-21.967,-33.7262
14,10,-21.3531,-32.2282
16,10,-20.8149,-30.8531
18,10,-20.3896,-29.6386
20,10,-20.1117,-28.6188
22,10,-20.0168,-27.829
24,10,-20.1458,-27.3125
26,10,-20.5523,-27.1295
28,10,-21.3131,-27.3734
30,10,-22.5493,-28.2041
32,10,-24.4676,-29.9264
34,10,-27.4229,-33.1469
36,10,-31.4628,-37.2502
38,10,-31.3401,-32.5828
40,10,-26.5246,-26.7231
42,10,-22.7167,-22.5765
44,10,-20.0044,-19.4705
46,10,-18.0369,-17.0431
48,10,-16.6154,-15.1157
50,10,-15.6343,-13.5954
52,10,-15.0396,-12.4344
54,10,-14.8097,-11.6138
56,10,-14.9479,-11.1374
58,10,-15.4835,-11.0334
60,10,-16.4806,-11.3637
62,10,-18.0632,-12.2499
64,10,-20.4844,-13.9431
66,10,-24.364,-17.0665
68,10,-32.061,-24.0275
70,10,-39.3177,-29.5541
72,10,-27.4561,-17.199
74,10,-23.2121,-11.9262
76,10,-21.036,-8.55391
78,10,-19.9987,-6.13678
80,10,-19.817,-4.33142
82,10,-20.438,-2.9759
84,10,-21.9821,-1.98287
86,10,-24.8685,-1.30193
88,10,-30.5753,-0.903872
90,10,-51.0486,-0.77333
92,10,-30.1878,-0.905521
94,10,-24.6792,-1.30526
96,10,-21.8616,-1.98791
98,10,-20.3536,-2.98266
100,10,-19.7552,-4.33981
102,10,-19.9523,-6.14646
104,10,-21.0004,-8.56385
106,10,-23.1834,-11.9335
108,10,-27.4313,-17.1945
110,10,-39.4824,-29.5351
112,10,-32.2163,-24.2403
114,10,-24.4264,-17.1929
116,10,-20.534,-14.0613
118,10,-18.1106,-12.3742
120,10,-16.5291,-11.5008
122,10,-15.5345,-11.1883
124,10,-15.0022,-11.3152
126,10,-14.8681,-11.8203
128,10,-15.103,-12.6767
130,10,-15.7035,-13.8829
132,10,-16.6911,-15.4615
134,10,-18.1188,-17.4663
136,10,-20.0873,-20.0014
138,10,-22.7735,-23.2651
140,10,-26.4125,-27.6454
142,10,-30.3513,-33.5726
144,10,-29.8816,-35.8811
146,10,-26.4964,-31.9659
148,10,-23.8632,-29.3146
150,10,-22.0903,-27.9176
152,10,-20.9278,-27.3154
154,10,-20.2064,-27.2661
156,10,-19.8204,-27.6401
158,10,-19.6999,-28.3631
160,10,-19.795,-29.3915
162,10,-20.0669,-30.6999
164,10,-20.4813,-32.2755
166,10,-21.0051,-34.1152
168,10,-21.6022,-36.2258
170,10,-22.232,-38.6258
172,10,-22.8477,-41.3472
174,10,-23.3975,-44.4145
176,10,-23.8286,-47.6623
178,10,-24.0951,-49.9071
180,10,-24.1663,-49.0988
182,10,-24.0339,-46.3954
184,10,-23.7142,-43.5405
186,10,-23.2435,-40.9055
188,10,-22.6706,-38.4912
190,10,-22.0477,-36.2725
192,10,-21.4248,-34.2403
194,10,-20.8463,-32.3973
196,10,-20.3505,-30.7511
198,10,-19.9718,-29.3121
200,10,-19.7426,-28.0933
202,10,-19.6977,-27.1118
204,10,-19.8788,-26.3926
206,10,-20.3418,-25.9735
208,10,-21.1707,-25.915
210,10,-22.5045,-26.3206
212,10,-24.6022,-27.3844
214,10,-28.0131,-29.5338
216,10,-33.569,-34.0326
218,10,-32.737,-45.3243
220,10,-26.4558,-32.7427
222,10,-22.3377,-25.9626
224,10,-19.5153,-21.7511
226,10,-17.481,-18.7031
228,10,-16.0032,-16.3667
230,10,-14.9675,-14.5468
232,10,-14.3171,-13.1494
234,10,-14.0293,-12.131
236,10,-14.1066,-11.4804
238,10,-14.5768,-11.215
240,10,-15.5003,-11.3857
242,10,-16.993,-12.0985
244,10,-19.287,-13.5719
246,10,-22.9314,-16.3301
248,10,-29.8448,-22.2043
250,10,-41.7651,-36.112
252,10,-27.3822,-18.3864
254,10,-22.7859,-12.5214
256,10,-20.4842,-8.91212
258,10,-19.3978,-6.3651
260,10,-19.2108,-4.47896
262,10,-19.8655,-3.07097
264,10,-21.4972,-2.04451
266,10,-24.5858,-1.3445
268,10,-30.9521,-0.93925
270,10,-45.1162,-0.812201
272,10,-28.3524,-0.958231
274,10,-23.3586,-1.38263
276,10,-20.7586,-2.10217
278,10,-19.3992,-3.1489
280,10,-18.9354,-4.5785
282,10,-19.2817,-6.48886
284,10,-20.527,-9.06553
286,10,-23.0326,-12.7177
288,10,-28.0439,-18.6684
290,10,-45.6954,-35.7816
292,10,-28.8993,-21.9879
294,10,-22.5357,-16.3119
296,10,-19.0855,-13.6093
298,10,-16.8995,-12.1609
300,10,-15.4781,-11.4599
302,10,-14.605,-11.2926
304,10,-14.1706,-11.5551
306,10,-14.117,-12.1967
308,10,-14.4175,-13.1999
310,10,-15.0694,-14.5747
312,10,-16.0944,-16.3626
314,10,-17.547,-18.6534
316,10,-19.5378,-21.6313
318,10,-22.2954,-25.7164
320,10,-26.3572,-32.1651
322,10,-33.2959,-44.9092
324,10,-37.4197,-34.6169
326,10,-29.6078,-29.8351
328,10,-25.5843,-27.564
330,10,-23.2369,-26.4259
332,10,-21.7659,-25.9661
334,10,-20.8477,-25.9805
336,10,-20.3207,-26.3613
338,10,-20.0915,-27.0448
340,10,-20.0995,-27.9903
342,10,-20.301,-29.1683
344,10,-20.6604,-30.5536
346,10,-21.1449,-32.1185
348,10,-21.7203,-33.8242
350,10,-22.3481,-35.6103
352,10,-22.9834,-37.3803
354,10,-23.5752,-38.9907
356,10,-24.0686,-40.2588
358,10,-24.4114,-41.0075
360,10,-24.5634,-41.1365
0,12,-8.00593,-41.6612
2,12,-8.04943,-37.9844
4,12,-8.19982,-32.2638
6,12,-8.46044,-28.8301
8,12,-8.83783,-26.5723
10,12,-9.34244,-25.0313
12,12,-9.98974,-24.0037
14,12,-10.8021,-23.3936
16,12,-11.8117,-23.1628
18,12,-13.0656,-23.3127
20,12,-14.6356,-23.884
22,12,-16.6387,-24.971
24,12,-19.2857,-26.7674
26,12,-23.0266,-29.7083
28,12,-29.1444,-35.0551
30,12,-39.9021,-45.0762
32,12,-30.3294,-34.946
34,12,-25.5664,-29.5273
36,12,-23.2877,-26.632
38,12,-22.3117,-25.078
40,12,-22.3164,-24.5553
42,12,-23.3004,-25.0972
44,12,-25.5681,-27.1148
46,12,-30.1607,-32.0532
48,12,-38.463,-36.3993
50,12,-29.9677,-26.5306
52,12,-24.2119,-20.9446
54,12,-20.9029,-17.3165
56,12,-18.8377,-14.7619
58,12,-17.6018,-12.9523
60,12,-17.0287,-11.7506
62,12,-17.0641,-11.1134
64,12,-17.7309,-11.0674
66,12,-19.141,-11.7263
68,12,-21.5723,-13.3746
70,12,-25.7805,-16.8062
72,12,-35.2521,-25.8961
74,12,-36.1179,-23.6658
76,12,-27.1174,-14.159
78,12,-23.717,-9.49633
80,12,-22.2811,-6.47393
82,12,-22.1395,-4.36119
84,12,-23.21,-2.87465
86,12,-25.8425,-1.87875
88,12,-31.5804,-1.30328
90,12,-51.5488,-1.11363
92,12,-30.4681,-1.29933
94,12,-25.3087,-1.87082
96,12,-22.8828,-2.86261
98,12,-21.9295,-4.34471
100,12,-22.1598,-6.45215
102,12,-23.6863,-9.46692
104,12,-27.2305,-14.1144
106,12,-36.8473,-23.564
108,12,-34.3891,-26.0758
110,12,-25.422,-16.8589
112,12,-21.3309,-13.4111
114,12,-18.9559,-11.7608
116,12,-17.5797,-11.106
118,12,-16.9347,-11.1604
120,12,-16.9125,-11.8103
122,12,-17.49,-13.0295
124,12,-18.7181,-14.8628
126,12,-20.7512,-17.4483
128,12,-23.9579,-21.1091
130,12,-29.2492,-26.6352
132,12,-35.4515,-34.334
134,12,-29.6935,-30.58
136,12,-25.4402,-26.5311
138,12,-23.2391,-24.7741
140,12,-22.2699,-24.3639
142,12,-22.2576,-24.9826
144,12,-23.2025,-26.6314
146,12,-25.3959,-29.6452
148,12,-29.8261,-35.1477
150,12,-37.2847,-41.3593
152,12,-29.121,-33.5674
154,12,-23.1452,-28.8779
156,12,-19.4155,-26.1555
158,12,-16.7677,-24.4657
160,12,-14.7628,-23.4412
162,12,-13.1911,-22.9099
164,12,-11.9358,-22.7861
166,12,-10.9249,-23.0327
168,12,-10.1109,-23.648
170,12,-9.46151,-24.6669
172,12,-8.9543,-26.1735
174,12,-8.57368,-28.3351
176,12,-8.3092,-31.4659
178,12,-8.15437,-35.85
180,12,-8.10593,-37.6528
182,12,-8.16346,-33.3361
184,12,-8.32924,-29.5849
186,12,-8.60835,-26.9969
188,12,-9.00906,-25.1859
190,12,-9.54357,-23.9241
192,12,-10.2293,-23.0923
194,12,-11.0908,-22.6318
196,12,-12.1636,-22.5229
198,12,-13.5004,-22.7773
200,12,-15.1839,-23.4426
202,12,-17.3542,-24.6196
204,12,-20.2813,-26.5121
206,12,-24.6099,-29.5788
208,12,-32.7725,-35.1302
210,12,-38.9899,-42.7843
212,12,-28.21,-33.5782
214,12,-24.2648,-28.5305
216,12,-22.3171,-25.6974
218,12,-21.5102,-24.0937
220,12,-21.6204,-23.4353
222,12,-22.6985,-23.7295
224,12,-25.1166,-25.2842
226,12,-30.1696,-29.2354
228,12,-39.2627,-45.1706
230,12,-28.4376,-29.6576
232,12,-22.8131,-22.1617
234,12,-19.5579,-17.8901
236,12,-17.5078,-15.0005
238,12,-16.2708,-12.9773
240,12,-15.6899,-11.6219
242,12,-15.7149,-10.8633
244,12,-16.3699,-10.7115
246,12,-17.7646,-11.2645
248,12,-20.1684,-12.7804
250,12,-24.2994,-15.9704
252,12,-33.1944,-24.0357
254,12,-34.8705,-25.0392
256,12,-25.994,-14.3741
258,12,-22.593,-9.48576
260,12,-21.1774,-6.37091
262,12,-21.0763,-4.21225
264,12,-22.2172,-2.7028
266,12,-24.9896,-1.69807
268,12,-31.1623,-1.12393
270,12,-46.0342,-0.944185
272,12,-28.6614,-1.14816
274,12,-23.8146,-1.7474
276,12,-21.5175,-2.77924
278,12,-20.6486,-4.31965
280,12,-20.9541,-6.51682
282,12,-22.5701,-9.68717
284,12,-26.2652,-14.6824
286,12,-36.2539,-25.805
288,12,-32.031,-23.5124
290,12,-23.8554,-15.8818
292,12,-19.9451,-12.7944
294,12,-17.667,-11.3306
296,12,-16.3621,-10.8116
298,12,-15.7781,-10.9885
300,12,-15.8113,-11.7664
302,12,-16.4397,-13.1369
304,12,-17.7126,-15.1719
306,12,-19.7828,-18.0719
308,12,-23.0311,-22.357
310,12,-28.5972,-29.894
312,12,-41.0265,-44.4856
314,12,-31.371,-29.2538
316,12,-25.995,-25.3132
318,12,-23.5135,-23.7303
320,12,-22.4383,-23.3828
322,12,-22.3716,-23.9549
324,12,-23.2755,-25.411
326,12,-25.435,-27.9447
328,12,-29.99,-32.1371
330,12,-47.4946,-38.237
332,12,-31.098,-35.2676
334,12,-23.9962,-30.1247
336,12,-19.9621,-27.0209
338,12,-17.1609,-25.0776
340,12,-15.0532,-23.8627
342,12,-13.4022,-23.1717
344,12,-12.0817,-22.9019
346,12,-11.016,-23.0049
348,12,-10.1559,-23.4694
350,12,-9.46843,-24.3186
352,12,-8.93012,-25.6196
354,12,-8.52453,-27.5147
356,12,-8.24004,-30.3078
358,12,-8.06878,-34.7241
360,12,-8.00593,-41.6612
0,14,-2.451,-31.6341
2,14,-2.46463,-29.2232
4,14,-2.5074,-25.2205
6,14,-2.57999,-22.1602
8,14,-2.68432,-19.8546
10,14,-2.8239,-18.0556
12,14,-3.00425,-16.6159
14,14,-3.23334,-15.4507
16,14,-3.52211,-14.5117
18,14,-3.88491,-13.7732
20,14,-4.34,-13.2249
22,14,-4.91012,-12.8683
24,14,-5.62335,-12.7151
26,14,-6.51454,-12.7867
28,14,-7.62808,-13.1163
30,14,-9.02306,-13.7523
32,14,-10.7836,-14.7673
34,14,-13.0408,-16.2772
36,14,-16.0279,-18.487
38,14,-20.2482,-21.8268
40,14,-27.2573,-27.53
42,14,-42.1161,-43.4754
44,14,-28.7259,-30.9495
46,14,-24.8434,-25.672
48,14,-23.7543,-23.8038
50,14,-24.4534,-23.9598
52,14,-27.1951,-26.4581
54,14,-34.4539,-33.9069
56,14,-37.6164,-29.097
58,14,-26.9626,-21.1147
60,14,-22.5259,-16.6631
62,14,-20.1231,-13.8271
64,14,-18.9262,-12.0438
66,14,-18.6795,-11.1256
68,14,-19.3506,-11.0662
70,14,-21.0944,-12.0422
72,14,-24.4199,-14.6261
74,14,-31.2548,-21.181
76,14,-44.7968,-27.5012
78,14,-29.2766,-14.3312
80,14,-25.2262,-9.03798
82,14,-23.8473,-5.81228
84,14,-24.2084,-3.67932
86,14,-26.4149,-2.29526
88,14,-31.9124,-1.50763
90,14,-55.001,-1.24732
92,14,-30.8952,-1.49405
94,14,-25.9304,-2.26778
96,14,-23.9192,-3.63712
98,14,-23.6817,-5.75341
100,14,-25.1851,-8.95746
102,14,-29.4708,-14.2119
104,14,-47.6058,-27.1858
106,14,-30.4553,-21.2601
108,14,-23.9563,-14.61
110,14,-20.7357,-11.9967
112,14,-19.0432,-11.0026
114,14,-18.3993,-11.0462
116,14,-18.656,-11.9462
118,14,-19.8418,-13.7018
120,14,-22.1907,-16.4832
122,14,-26.4226,-20.7822
124,14,-35.2164,-27.9516
126,14,-34.0996,-32.2605
128,14,-27.2854,-26.3585
130,14,-24.5666,-24.0062
132,14,-23.8869,-23.9061
134,14,-25.0195,-25.839
136,14,-29.0204,-31.234
138,14,-41.61,-39.9435
140,14,-26.9268,-27.0427
142,14,-20.1074,-21.5759
144,14,-15.949,-18.3142
146,14,-12.9935,-16.1429
148,14,-10.7563,-14.6562
150,14,-9.01027,-13.6571
152,14,-7.62682,-13.0332
154,14,-6.52307,-12.7135
156,14,-5.64053,-12.6502
158,14,-4.93512,-12.8109
160,14,-4.37208,-13.1739
162,14,-3.92333,-13.7273
164,14,-3.56604,-14.4692
166,14,-3.28183,-15.4089
168,14,-3.05626,-16.5711
170,14,-2.87829,-18.0018
172,14,-2.7399,-19.781
174,14,-2.6356,-22.0432
176,14,-2.5619,-24.9942
178,14,-2.51695,-28.6696
180,14,-2.50018,-30.6406
182,14,-2.51205,-27.7487
184,14,-2.55394,-24.2403
186,14,-2.62817,-21.5237
188,14,-2.73803,-19.4428
190,14,-2.88801,-17.8083
192,14,-3.08407,-16.5017
194,14,-3.33403,-15.4519
196,14,-3.64796,-14.6174
198,14,-4.03881,-13.9754
200,14,-4.52301,-13.5166
202,14,-5.12135,-13.2426
204,14,-5.86022,-13.165
206,14,-6.77356,-13.3058
208,14,-7.90609,-13.6996
210,14,-9.31928,-14.3988
212,14,-11.1031,-15.4839
214,14,-13.4015,-17.0869
216,14,-16.4778,-19.4493
218,14,-20.9293,-23.1071
220,14,-28.8571,-29.7998
222,14,-41.2238,-43.8827
224,14,-27.5383,-29.0025
226,14,-24.1267,-24.7249
228,14,-23.2897,-23.2021
230,14,-24.2629,-23.5829
232,14,-27.497,-26.4431
234,14,-35.5629,-37.4401
236,14,-31.4578,-29.2182
238,14,-24.245,-20.66
240,14,-20.5284,-16.1857
242,14,-18.4404,-13.3633
244,14,-17.4284,-11.5966
246,14,-17.3093,-10.6912
248,14,-18.0768,-10.6366
250,14,-19.8938,-11.6008
252,14,-23.2577,-14.1293
254,14,-29.9006,-20.4128
256,14,-38.9318,-28.685
258,14,-28.0467,-14.4244
260,14,-24.2113,-9.01929
262,14,-22.9234,-5.76319
264,14,-23.3574,-3.62431
266,14,-25.6535,-2.24549
268,14,-31.3574,-1.47
270,14,-50.0607,-1.22751
272,14,-29.7134,-1.49817
274,14,-24.9025,-2.304
276,14,-22.9431,-3.71838
278,14,-22.7223,-5.90388
280,14,-24.2069,-9.23286
282,14,-28.3334,-14.7991
284,14,-39.2208,-30.2559
286,14,-29.0742,-19.96
288,14,-22.8934,-14.0093
290,14,-19.713,-11.5891
292,14,-18.0149,-10.6897
294,14,-17.3441,-10.7951
296,14,-17.5526,-11.7468
298,14,-18.6556,-13.5615
300,14,-20.8461,-16.4414
302,14,-24.7012,-21.0059
304,14,-32.2126,-29.8429
306,14,-35.8238,-36.7672
308,14,-27.9081,-26.4636
310,14,-24.861,-23.7152
312,14,-24.101,-23.3876
314,14,-25.2814,-24.9397
316,14,-29.5732,-29.172
318,14,-54.5028,-39.6569
320,14,-26.9437,-29.3719
322,14,-20.1893,-23.0769
324,14,-16.0983,-19.5082
326,14,-13.1925,-17.1807
328,14,-10.9888,-15.5946
330,14,-9.26082,-14.5187
332,14,-7.88076,-13.8254
334,14,-6.76703,-13.436
336,14,-5.86308,-13.2992
338,14,-5.12733,-13.3807
340,14,-4.52801,-13.6586
342,14,-4.0402,-14.1214
344,14,-3.64415,-14.7676
346,14,-3.32414,-15.6067
348,14,-3.06774,-16.6624
350,14,-2.86519,-17.9787
352,14,-2.70892,-19.6313
354,14,-2.59316,-21.751
356,14,-2.51353,-24.5612
358,14,-2.46688,-28.3268
360,14,-2.451,-31.6341
0,16,-6.29733,-33.8526
2,16,-6.25907,-32.3697
4,16,-6.15248,-28.8141
6,16,-5.98146,-25.6611
8,16,-5.75302,-23.0551
10,16,-5.47706,-20.8392
12,16,-5.16616,-18.8969
14,16,-4.83558,-17.1589
16,16,-4.50327,-15.5867
18,16,-4.18982,-14.1621
20,16,-3.91824,-12.8799
22,16,-3.71353,-11.7437
24,16,-3.60218,-10.7636
26,16,-3.61184,-9.95429
28,16,-3.77126,-9.33392
30,16,-4.1108,-8.92438
32,16,-4.66381,-8.75188
34,16,-5.46908,-8.84899
36,16,-6.57523,-9.25844
38,16,-8.04868,-10.04
40,16,-9.98896,-11.2838
42,16,-12.5624,-13.1389
44,16,-16.0911,-15.8851
46,16,-21.3707,-20.1728
48,16,-31.8333,-28.3946
50,16,-33.561,-37.0497
52,16,-26.2148,-25.8404
54,16,-24.5492,-23.2305
56,16,-25.5665,-23.8176
58,16,-29.8833,-28.2707
60,16,-48.7909,-30.8055
62,16,-29.5803,-21.1718
64,16,-23.6636,-16.0079
66,16,-20.8794,-12.9668
68,16,-19.7299,-11.2734
70,16,-19.8545,-10.7193
72,16,-21.2881,-11.4057
74,16,-24.5072,-13.917
76,16,-31.5653,-21.0138
78,16,-42.9475,-24.0831
80,16,-29.1195,-12.4422
82,16,-25.6281,-7.46621
84,16,-24.9988,-4.49184
86,16,-26.6216,-2.64409
88,16,-31.6443,-1.61295
90,16,-64.8937,-1.27201
92,16,-31.3977,-1.58563
94,16,-26.5004,-2.58838
96,16,-24.9296,-4.40484
98,16,-25.6111,-7.34036
100,16,-29.2154,-12.2523
102,16,-43.448,-23.6183
104,16,-30.862,-21.1472
106,16,-24.0904,-13.8709
108,16,-20.9348,-11.3022
110,16,-19.5171,-10.5754
112,16,-19.3827,-11.0883
114,16,-20.4916,-12.7255
116,16,-23.1624,-15.6639
118,16,-28.622,-20.5524
120,16,-40.4355,-28.9171
122,16,-30.0307,-28.2935
124,16,-25.7023,-24.0799
126,16,-24.6862,-23.5255
128,16,-26.4228,-26.2749
130,16,-34.2395,-38.801
132,16,-31.2986,-27.7891
134,16,-21.1518,-19.9279
136,16,-15.9498,-15.7358
138,16,-12.4575,-13.0331
140,16,-9.9063,-11.2026
142,16,-7.98162,-9.9744
144,16,-6.52009,-9.20384
146,16,-5.42355,-8.8029
148,16,-4.62631,-8.71306
150,16,-4.08015,-8.89237
152,16,-3.74648,-9.30863
154,16,-3.59208,-9.93557
156,16,-3.58659,-10.7508
158,16,-3.70121,-11.7351
160,16,-3.90829,-12.872
162,16,-4.1813,-14.1492
164,16,-4.49525,-15.5601
166,16,-4.82719,-17.1062
168,16,-5.15666,-18.8011
170,16,-5.46581,-20.6762
172,16,-5.73953,-22.7889
174,16,-5.96534,-25.2311
176,16,-6.13347,-28.1072
178,16,-6.23704,-31.2424
180,16,-6.27228,-32.8032
182,16,-6.23876,-30.7745
184,16,-6.13934,-27.6594
186,16,-5.9799,-24.9002
188,16,-5.76886,-22.5724
190,16,-5.51676,-20.568
192,16,-5.23583,-18.8001
194,16,-4.93994,-17.2136
196,16,-4.64466,-15.7765
198,16,-4.36741,-14.4724
200,16,-4.12761,-13.2961
202,16,-3.94671,-12.2507
204,16,-3.84814,-11.3456
206,16,-3.85734,-10.5952
208,16,-4.00194,-10.0183
210,16,-4.3125,-9.63835
212,16,-4.82375,-9.48426
214,16,-5.57712,-9.59247
216,16,-6.62493,-10.0111
218,16,-8.03814,-10.8075
220,16,-9.92157,-12.0829
222,16,-12.4476,-14.006
224,16,-15.9464,-16.9003
226,16,-21.2341,-21.5589
228,16,-31.9792,-31.3947
230,16,-33.4297,-33.0138
232,16,-26.0138,-24.9851
234,16,-24.4119,-22.9355
236,16,-25.5192,-23.8808
238,16,-29.79,-29.3778
240,16,-36.0701,-33.7538
242,16,-27.503,-21.4263
244,16,-22.5903,-16.1232
246,16,-20.0944,-13.069
248,16,-19.0665,-11.3773
250,16,-19.2346,-10.8212
252,16,-20.6396,-11.4924
254,16,-23.6866,-13.9537
256,16,-29.8353,-20.8061
258,16,-38.8107,-24.9368
260,16,-29.2943,-12.8445
262,16,-25.7752,-7.80364
264,16,-25.1252,-4.81229
266,16,-26.7565,-2.96581
268,16,-31.8249,-1.94749
270,16,-57.0435,-1.6296
272,16,-31.5065,-1.97769
274,16,-26.7158,-3.03023
276,16,-25.2547,-4.92136
278,16,-26.097,-7.983
280,16,-29.9389,-13.1778
282,16,-37.9024,-26.2134
284,16,-28.6968,-20.1947
286,16,-23.1857,-13.7568
288,16,-20.38,-11.419
290,16,-19.1211,-10.8227
292,16,-19.0708,-11.442
294,16,-20.218,-13.2001
296,16,-22.8685,-16.3399
298,16,-28.0726,-21.7949
300,16,-36.9199,-34.6778
302,16,-29.778,-29.0522
304,16,-25.7762,-23.9163
306,16,-24.97,-23.1278
308,16,-27.1297,-25.3229
310,16,-37.5262,-33.0064
312,16,-29.2334,-29.4939
314,16,-20.2961,-21.1135
316,16,-15.4412,-16.716
318,16,-12.1456,-13.9291
320,16,-9.73908,-12.0639
322,16,-7.93299,-10.824
324,16,-6.5717,-10.0512
326,16,-5.55882,-9.6496
328,16,-4.8284,-9.55493
330,16,-4.33157,-9.72113
332,16,-4.02948,-10.113
334,16,-3.88936,-10.7022
336,16,-3.88221,-11.4653
338,16,-3.98153,-12.3829
340,16,-4.16263,-13.4392
342,16,-4.40251,-14.6234
344,16,-4.67988,-15.9307
346,16,-4.97528,-17.3645
348,16,-5.27111,-18.9402
350,16,-5.55164,-20.69
352,16,-5.80284,-22.6719
354,16,-6.01239,-24.9845
356,16,-6.16978,-27.7778
358,16,-6.26667,-31.1354
360,16,-6.29733,-33.8526
0,18,-17.5305,-38.8039
2,18,-17.7399,-40.2889
4,18,-18.4367,-40.6403
6,18,-19.7485,-40.4401
8,18,-21.9917,-41.0197
10,18,-26.0607,-43.9463
12,18,-35.4965,-50.3562
14,18,-29.169,-39.4395
16,18,-21.5605,-31.9755
18,18,-17.1067,-26.8323
20,18,-13.9302,-22.8271
22,18,-11.4766,-19.5333
24,18,-9.52082,-16.7575
26,18,-7.95625,-14.4
28,18,-6.72904,-12.4065
30,18,-5.81179,-10.7467
32,18,-5.19209,-9.40483
34,18,-4.86736,-8.37523
36,18,-4.84338,-7.66108
38,18,-5.13514,-7.27504
40,18,-5.77004,-7.24201
42,18,-6.79394,-7.60435
44,18,-8.28233,-8.43137
46,18,-10.3626,-9.83819
48,18,-13.2666,-12.0289
50,18,-17.4887,-15.4186
52,18,-24.4996,-21.1277
54,18,-43.6181,-36.0194
56,18,-28.4428,-28.0817
58,18,-25.4765,-23.5846
60,18,-26.4964,-24.231
62,18,-32.3209,-30.6299
64,18,-40.5218,-25.8729
66,18,-26.8871,-17.8313
68,18,-22.4821,-13.6385
70,18,-20.6777,-11.3863
72,18,-20.5721,-10.5993
74,18,-22.1021,-11.3456
76,18,-25.8971,-14.437
78,18,-35.5709,-25.3628
80,18,-35.9266,-18.0352
82,18,-27.9811,-9.69897
84,18,-26.0105,-5.57327
86,18,-26.9644,-3.16144
88,18,-31.5274,-1.84816
90,18,-57.5699,-1.41478
92,18,-31.8787,-1.80263
94,18,-27.1198,-3.06747
96,18,-26.0989,-5.42231
98,18,-28.0517,-9.46462
100,18,-35.9939,-17.572
102,18,-34.7479,-25.9716
104,18,-25.5522,-14.4282
106,18,-21.7967,-11.2279
108,18,-20.2539,-10.4163
110,18,-20.3188,-11.1429
112,18,-22.0377,-13.3159
114,18,-26.2048,-17.3525
116,18,-37.3834,-24.831
118,18,-32.731,-30.5566
120,18,-26.6705,-24.5023
122,18,-25.5955,-23.8445
124,18,-28.6409,-28.5988
126,18,-44.6964,-35.2542
128,18,-24.2611,-20.8685
130,18,-17.3272,-15.2601
132,18,-13.1364,-11.9137
134,18,-10.2521,-9.7487
136,18,-8.18732,-8.35946
138,18,-6.71254,-7.54538
140,18,-5.70121,-7.19321
142,18,-5.07816,-7.23519
144,18,-4.79762,-7.63054
146,18,-4.83215,-8.35607
148,18,-5.16661,-9.40091
150,18,-5.79491,-10.7637
152,18,-6.71908,-12.4515
154,18,-7.95069,-14.4814
156,18,-9.51575,-16.884
158,18,-11.4659,-19.7124
160,18,-13.9035,-23.0618
162,18,-17.0445,-27.1133
164,18,-21.4146,-32.256
166,18,-28.7462,-39.5218
168,18,-36.2146,-50.9228
170,18,-26.497,-46.329
172,18,-22.3037,-43.5134
174,18,-20.0171,-43.5404
176,18,-18.6927,-44.559
178,18,-18.0015,-44.0456
180,18,-17.812,-41.447
182,18,-18.0869,-38.9
184,18,-18.8604,-37.2008
186,18,-20.2608,-36.4527
188,18,-22.6125,-36.7931
190,18,-26.8296,-38.7126
192,18,-35.5839,-43.5263
194,18,-28.6621,-42.028
196,18,-21.6603,-33.5608
198,18,-17.3692,-27.9297
200,18,-14.2572,-23.7304
202,18,-11.8255,-20.3542
204,18,-9.86453,-17.5411
206,18,-8.27341,-15.1642
208,18,-7.00104,-13.1564
210,18,-6.02235,-11.4816
212,18,-5.32777,-10.1222
214,18,-4.9185,-9.07318
216,18,-4.80485,-8.34001
218,18,-5.0067,-7.93891
220,18,-5.5558,-7.89919
222,18,-6.50072,-8.26828
224,18,-7.91668,-9.12195
226,18,-9.92601,-10.5859
228,18,-12.7472,-12.8877
230,18,-16.8403,-16.5149
232,18,-23.5485,-22.9343
234,18,-46.4688,-50.9261
236,18,-28.7398,-26.0541
238,18,-25.1411,-22.4158
240,18,-25.5904,-22.9395
242,18,-29.7095,-28.6227
244,18,-37.6871,-30.232
246,18,-27.9191,-19.5111
248,18,-23.0513,-14.7129
250,18,-20.9359,-12.1927
252,18,-20.55,-11.2425
254,18,-21.7258,-11.8621
256,18,-24.8456,-14.809
258,18,-31.6934,-25.1115
260,18,-39.8243,-18.837
262,18,-30.0835,-10.2895
264,18,-27.5078,-6.1083
266,18,-28.2105,-3.68082
268,18,-32.5847,-2.37505
270,18,-52.5889,-1.96898
272,18,-33.5959,-2.40581
274,18,-28.9925,-3.74886
276,18,-28.4455,-6.23218
278,18,-31.6047,-10.5255
280,18,-41.3371,-19.5119
282,18,-29.9198,-23.9472
284,18,-24.083,-14.4901
286,18,-21.313,-11.6939
288,18,-20.3277,-11.1508
290,18,-20.8505,-12.1609
292,18,-23.0957,-14.7464
294,18,-28.1568,-19.6476
296,18,-38.2156,-30.7173
298,18,-29.7362,-28.3676
300,18,-25.8225,-22.9192
302,18,-25.6703,-22.5249
304,18,-30.1277,-26.2868
306,18,-38.1356,-36.2915
308,18,-22.4254,-22.2895
310,18,-16.2525,-16.2673
312,18,-12.3753,-12.7722
314,18,-9.67882,-10.5402
316,18,-7.75363,-9.12032
318,18,-6.39836,-8.2964
320,18,-5.498,-7.94823
322,18,-4.98124,-8.00356
324,18,-4.80219,-8.41787
326,18,-4.93147,-9.16478
328,18,-5.35161,-10.2312
330,18,-6.05487,-11.6154
332,18,-7.04296,-13.3272
334,18,-8.32892,-15.3911
336,18,-9.94232,-17.8539
338,18,-11.9411,-20.8019
340,18,-14.439,-24.4003
342,18,-17.6759,-28.9943
344,18,-22.2492,-35.3566
346,18,-30.2665,-42.5523
348,18,-35.0418,-39.0784
350,18,-25.9674,-35.9565
352,18,-22.0237,-34.7512
354,18,-19.8097,-34.7038
356,18,-18.4911,-35.4976
358,18,-17.7707,-36.9607
360,18,-17.5305,-38.8039
0,20,-7.04587,-28.6179
2,20,-7.04905,-29.6888
4,20,-7.11351,-29.2666
6,20,-7.24051,-27.7262
8,20,-7.43192,-25.9444
10,20,-7.693,-24.3375
12,20,-8.03689,-23.0089
14,20,-8.49083,-21.9775
16,20,-9.10412,-21.2658
18,20,-9.95932,-20.9311
20,20,-11.1928,-21.0911
22,20,-13.0462,-21.9771
24,20,-16.0326,-24.1126
26,20,-21.7587,-29.2126
28,20,-42.7563,-42.0417
30,20,-20.2937,-25.0104
32,20,-14.4257,-18.6603
34,20,-11.0839,-14.673
36,20,-8.91462,-11.8334
38,20,-7.49127,-9.74159
40,20,-6.63518,-8.22676
42,20,-6.27036,-7.21487
44,20,-6.37909,-6.68653
46,20,-6.98769,-6.66302
48,20,-8.16685,-7.20588
50,20,-10.0477,-8.4303
52,20,-12.8724,-10.5465
54,20,-17.1576,-13.9854
56,20,-24.4483,-19.9167
58,20,-41.7312,-35.6492
60,20,-28.5554,-27.2703
62,20,-26.7089,-24.0319
64,20,-29.828,-27.6575
66,20,-44.3743,-31.6125
68,20,-29.3928,-19.3887
70,20,-23.8139,-14.1734
72,20,-21.7096,-11.5663
74,20,-21.6994,-10.7851
76,20,-23.7397,-11.959
78,20,-29.0029,-16.6332
80,20,-53.6872,-34.0358
82,20,-31.5258,-12.8135
84,20,-27.512,-6.96865
86,20,-27.6841,-3.84722
88,20,-31.8791,-2.20044
90,20,-53.7571,-1.66039
92,20,-32.2228,-2.13407
94,20,-27.8099,-3.70751
96,20,-27.5376,-6.73345
98,20,-31.433,-12.3956
100,20,-45.8333,-31.1955
102,20,-28.7706,-16.8018
104,20,-23.5354,-11.8831
106,20,-21.4671,-10.6022
108,20,-21.433,-11.3003
110,20,-23.4696,-13.8133
112,20,-28.9155,-18.8534
114,20,-54.8018,-30.1779
116,20,-30.1207,-27.8719
118,20,-26.7506,-24.0397
120,20,-28.5555,-27.2539
122,20,-42.5671,-36.4114
124,20,-24.3031,-19.8351
126,20,-17.0109,-13.8838
128,20,-12.7287,-10.448
130,20,-9.90963,-8.34176
132,20,-8.03712,-7.12973
134,20,-6.86914,-6.59921
136,20,-6.27468,-6.63352
138,20,-6.18326,-7.1708
140,20,-6.56888,-8.19097
142,20,-7.44992,-9.71676
144,20,-8.90392,-11.8288
146,20,-11.1136,-14.711
148,20,-14.5186,-18.7962
150,20,-20.5393,-25.4314
152,20,-50.1897,-42.1232
154,20,-21.5244,-28.2121
156,20,-15.9405,-23.5684
158,20,-13.0114,-21.609
160,20,-11.1908,-20.8444
162,20,-9.97714,-20.7927
164,20,-9.13296,-21.2353
166,20,-8.52444,-22.0589
168,20,-8.07158,-23.2077
170,20,-7.72778,-24.6582
172,20,-7.4682,-26.3823
174,20,-7.28133,-28.2356
176,20,-7.16268,-29.6917
178,20,-7.11029,-29.8331
180,20,-7.12213,-28.5568
182,20,-7.19496,-26.7566
184,20,-7.32428,-25.0319
186,20,-7.50547,-23.546
188,20,-7.73613,-22.3035
190,20,-8.01975,-21.2773
192,20,-8.37069,-20.448
194,20,-8.8198,-19.8177
196,20,-9.42091,-19.4163
198,20,-10.26,-19.308
200,20,-11.4745,-19.6055
202,20,-13.3034,-20.5088
204,20,-16.254,-22.4286
206,20,-21.9116,-26.5172
208,20,-41.941,-40.0973
210,20,-20.4283,-27.4657
212,20,-14.473,-19.9247
214,20,-11.0463,-15.5807
216,20,-8.79508,-12.5865
218,20,-7.29758,-10.4205
220,20,-6.3797,-8.87461
222,20,-5.96687,-7.86024
224,20,-6.03841,-7.35064
226,20,-6.61306,-7.36306
228,20,-7.74992,-7.95876
230,20,-9.5648,-9.26088
232,20,-12.2785,-11.5092
234,20,-16.3679,-15.2381
236,20,-23.2475,-22.1433
238,20,-48.0724,-44.0675
240,20,-28.2958,-24.0917
242,20,-25.4534,-21.5647
244,20,-27.1551,-23.8992
246,20,-35.2446,-39.1736
248,20,-33.1919,-22.1159
250,20,-25.2099,-15.514
252,20,-22.2619,-12.424
254,20,-21.6916,-11.3989
256,20,-23.113,-12.4222
258,20,-27.1103,-16.9607
260,20,-37.7982,-34.8957
262,20,-36.5755,-13.261
264,20,-30.0663,-7.37632
266,20,-29.5775,-4.25354
268,20,-33.3435,-2.62611
270,20,-49.7704,-2.12386
272,20,-34.9146,-2.65769
274,20,-30.7779,-4.32648
276,20,-31.629,-7.52165
278,20,-40.9477,-13.6039
280,20,-34.445,-40.4336
282,20,-26.0687,-16.4538
284,20,-22.5716,-12.1552
286,20,-21.3868,-11.2118
288,20,-22.1126,-12.2787
290,20,-25.1927,-15.3939
292,20,-33.3094,-22.0008
294,20,-34.9308,-39.9475
296,20,-27.2499,-24.0029
298,20,-25.7898,-21.7056
300,20,-29.1924,-24.3911
302,20,-39.9093,-42.2395
304,20,-22.3511,-21.7205
306,20,-15.8978,-15.0624
308,20,-11.9718,-11.423
310,20,-9.35169,-9.22688
312,20,-7.60196,-7.96061
314,20,-6.51519,-7.39043
316,20,-5.98052,-7.39539
318,20,-5.9406,-7.91552
320,20,-6.37729,-8.93503
322,20,-7.3119,-10.4829
324,20,-8.82036,-12.6516
326,20,-11.0799,-15.6569
328,20,-14.5197,-20.0441
330,20,-20.5264,-27.8151
332,20,-43.7723,-40.4022
334,20,-21.7374,-26.2383
336,20,-16.1221,-22.193
338,20,-13.1763,-20.2804
340,20,-11.3432,-19.3721
342,20,-10.1221,-19.0667
344,20,-9.27654,-19.17
346,20,-8.67097,-19.5747
348,20,-8.22089,-20.2213
350,20,-7.87348,-21.0839
352,20,-7.59813,-22.1622
354,20,-7.37997,-23.4746
356,20,-7.21429,-25.0411
358,20,-7.10194,-26.8333
360,20,-7.04587,-28.6179
0,22,-11.2365,-29.749
2,22,-11.1674,-30.9164
4,22,-11.0363,-31.2999
6,22,-10.84,-30.5882
8,22,-10.5729,-29.0268
10,22,-10.2316,-27.0815
12,22,-9.82043,-25.049
14,22,-9.35796,-23.0639
16,22,-8.88024,-21.1952
18,22,-8.4401,-19.496
20,22,-8.10306,-18.0193
22,22,-7.94322,-16.8219
24,22,-8.04251,-15.9678
26,22,-8.49644,-15.5364
28,22,-9.43168,-15.6414
30,22,-11.0518,-16.4786
32,22,-13.7743,-18.4673
34,22,-18.8288,-22.8729
36,22,-37.3271,-40.8268
38,22,-20.7124,-22.8271
40,22,-14.1477,-15.7665
42,22,-10.7253,-11.7467
44,22,-8.68608,-9.1008
46,22,-7.56232,-7.37118
48,22,-7.19844,-6.3993
50,22,-7.56475,-6.14828
52,22,-8.71136,-6.65776
54,22,-10.7772,-8.04973
56,22,-14.0658,-10.5902
58,22,-19.3374,-14.9154
60,22,-29.6731,-23.2736
62,22,-34.1386,-35.524
64,22,-27.7891,-24.5483
66,22,-29.0105,-25.8972
68,22,-37.237,-37.7975
70,22,-30.9265,-20.0987
72,22,-24.8092,-14.1608
74,22,-22.6909,-11.4653
76,22,-23.0771,-11.013
78,22,-26.1689,-13.2448
80,22,-35.0503,-22.8357
82,22,-37.1394,-17.1899
84,22,-29.2733,-8.458
86,22,-28.4326,-4.4422
88,22,-32.2642,-2.41081
90,22,-54.302,-1.75369
92,22,-32.2826,-2.32782
94,22,-28.318,-4.2625
96,22,-28.9782,-8.13307
98,22,-35.9327,-16.4374
100,22,-35.225,-23.8182
102,22,-26.2523,-13.3053
104,22,-23.0719,-10.8862
106,22,-22.6361,-11.2183
108,22,-24.7466,-13.7933
110,22,-31.0903,-19.5315
112,22,-38.5089,-36.0274
114,22,-28.8833,-25.7926
116,22,-27.4981,-24.0983
118,22,-33.5307,-33.388
120,22,-29.9127,-23.5897
122,22,-19.2976,-14.9449
124,22,-13.9625,-10.5406
126,22,-10.6466,-7.97295
128,22,-8.56691,-6.57651
130,22,-7.41393,-6.07408
132,22,-7.04693,-6.337
134,22,-7.41598,-7.32015
136,22,-8.55239,-9.05529
138,22,-10.6158,-11.6959
140,22,-14.0857,-15.693
142,22,-20.786,-22.6832
144,22,-35.8456,-40.14
146,22,-18.5619,-22.8186
148,22,-13.6141,-18.3771
150,22,-10.9511,-16.3735
152,22,-9.37888,-15.54
154,22,-8.48683,-15.4575
156,22,-8.073,-15.9302
158,22,-8.01015,-16.8425
160,22,-8.20104,-18.1119
162,22,-8.56158,-19.6687
164,22,-9.01612,-21.4473
166,22,-9.49926,-23.3802
168,22,-9.96055,-25.3858
170,22,-10.3678,-27.3371
172,22,-10.7065,-29.001
174,22,-10.9744,-30.0215
176,22,-11.1753,-30.1355
178,22,-11.3132,-29.4682
180,22,-11.3891,-28.3836
182,22,-11.3992,-27.1615
184,22,-11.3353,-25.9263
186,22,-11.1863,-24.7083
188,22,-10.9421,-23.4973
190,22,-10.6004,-22.2736
192,22,-10.1727,-21.0271
194,22,-9.6886,-19.7678
196,22,-9.19494,-18.529
198,22,-8.75068,-17.3623
200,22,-8.42132,-16.3298
202,22,-8.27614,-15.4989
204,22,-8.39029,-14.9419
206,22,-8.85367,-14.7431
208,22,-9.79165,-15.0178
210,22,-11.4148,-15.9557
212,22,-14.167,-17.9472
214,22,-19.3814,-22.1044
216,22,-37.9555,-36.4639
218,22,-20.0245,-24.1529
220,22,-13.8084,-16.5611
222,22,-10.4896,-12.443
224,22,-8.50245,-9.78747
226,22,-7.40218,-8.07465
228,22,-7.03187,-7.12554
230,22,-7.35677,-6.89792
232,22,-8.4236,-7.43776
234,22,-10.3705,-8.88981
236,22,-13.5009,-11.581
238,22,-18.5684,-16.3533
240,22,-28.5822,-26.8816
242,22,-33.0858,-27.7262
244,22,-26.2456,-21.786
246,22,-26.6953,-22.9895
248,22,-33.3459,-38.6352
250,22,-35.9802,-21.7392
252,22,-26.2354,-14.8389
254,22,-23.2622,-11.9063
256,22,-23.1593,-11.395
258,22,-25.6277,-13.6668
260,22,-32.2454,-23.6652
262,22,-41.5722,-17.1893
264,22,-31.6412,-8.67493
266,22,-30.1946,-4.73878
268,22,-33.6043,-2.76574
270,22,-50.1617,-2.16351
272,22,-34.8752,-2.79937
274,22,-31.0692,-4.81951
276,22,-32.6338,-8.85124
278,22,-40.4383,-17.7553
280,22,-30.6882,-22.5366
282,22,-24.9998,-13.3107
284,22,-22.819,-11.1561
286,22,-23.0918,-11.7059
288,22,-26.2323,-14.6338
290,22,-36.2917,-21.4164
292,22,-32.8036,-40.9006
294,22,-26.6015,-23.3285
296,22,-26.4089,-22.16
298,22,-33.8232,-28.856
300,22,-27.435,-26.3844
302,22,-18.1297,-16.1448
304,22,-13.2378,-11.4736
306,22,-10.1938,-8.83669
308,22,-8.30216,-7.42133
310,22,-7.27662,-6.90834
312,22,-6.98617,-7.15501
314,22,-7.38707,-8.11521
316,22,-8.51475,-9.82987
318,22,-10.5252,-12.4754
320,22,-13.8602,-16.5646
322,22,-20.0652,-24.0655
324,22,-35.8448,-37.0775
326,22,-19.3983,-22.2159
328,22,-14.2146,-17.9947
330,22,-11.4643,-15.9663
332,22,-9.83729,-15.0001
334,22,-8.89392,-14.7012
336,22,-8.42442,-14.8784
338,22,-8.30263,-15.4164
340,22,-8.43695,-16.2325
342,22,-8.75036,-17.2588
344,22,-9.17251,-18.4354
346,22,-9.6385,-19.7105
348,22,-10.0921,-21.0438
350,22,-10.4907,-22.4118
352,22,-10.8087,-23.8094
354,22,-11.037,-25.2465
356,22,-11.1786,-26.7358
358,22,-11.2421,-28.2666
360,22,-11.2365,-29.749
0,24,-30.8204,-41.6155
2,24,-30.5437,-42.2675
4,24,-29.9934,-42.4541
6,24,-29.1432,-42.0527
8,24,-27.8867,-40.9591
10,24,-26.1325,-39.1118
12,24,-23.9337,-36.5553
14,24,-21.4885,-33.4933
16,24,-19.0163,-30.2196
18,24,-16.6762,-26.9917
20,24,-14.5639,-23.9781
22,24,-12.736,-21.2738
24,24,-11.2301,-18.93
26,24,-10.0762,-16.9768
28,24,-9.30274,-15.437
30,24,-8.94298,-14.3374
32,24,-9.04598,-13.7227
34,24,-9.70068,-13.682
36,24,-11.0922,-14.4067
38,24,-13.6612,-16.3554
40,24,-18.8029,-20.9955
42,24,-45.2975,-42.8726
44,24,-18.9924,-19.2471
46,24,-12.9317,-12.7779
48,24,-9.89869,-9.20473
50,24,-8.37041,-7.10112
52,24,-7.9317,-6.06558
54,24,-8.46247,-5.97875
56,24,-9.99776,-6.87065
58,24,-12.7448,-8.93221
60,24,-17.2795,-12.6787
62,24,-25.6599,-19.7918
64,24,-40.3539,-44.2057
66,24,-28.1184,-24.0868
68,24,-28.5237,-24.7453
70,24,-36.6999,-34.4686
72,24,-30.8268,-18.5887
74,24,-24.7394,-12.9629
76,24,-23.1135,-10.7841
78,24,-24.5213,-11.3392
80,24,-30.0548,-16.3358
82,24,-44.9331,-24.8236
84,24,-30.66,-9.9377
86,24,-28.5977,-4.83015
88,24,-31.9593,-2.38312
90,24,-56.9086,-1.60781
92,24,-31.9939,-2.29377
94,24,-28.364,-4.62986
96,24,-29.9721,-9.53876
98,24,-40.5469,-23.1569
100,24,-30.8216,-16.738
102,24,-24.9107,-11.3438
104,24,-23.3704,-10.6259
106,24,-24.995,-12.6669
108,24,-31.5393,-18.104
110,24,-37.2551,-33.7993
112,24,-28.1019,-24.524
114,24,-27.4982,-23.3099
116,24,-37.7864,-35.3866
118,24,-26.1008,-20.2785
120,24,-17.3652,-12.8095
122,24,-12.726,-8.93561
124,24,-9.92526,-6.81597
126,24,-8.35346,-5.90038
128,24,-7.79271,-5.98458
130,24,-8.20317,-7.03019
132,24,-9.70089,-9.14779
134,24,-12.6921,-12.7239
136,24,-18.6548,-19.135
138,24,-48.9851,-44.4251
140,24,-18.8001,-21.2989
142,24,-13.5895,-16.5487
144,24,-11.0124,-14.5461
146,24,-9.63557,-13.7816
148,24,-9.01069,-13.7998
150,24,-8.95023,-14.4187
152,24,-9.3649,-15.5571
154,24,-10.2065,-17.1742
156,24,-11.4433,-19.2416
158,24,-13.0495,-21.7262
160,24,-14.9988,-24.5705
162,24,-17.2596,-27.6588
164,24,-19.7849,-30.7665
166,24,-22.4931,-33.5434
168,24,-25.2399,-35.661
170,24,-27.8075,-37.0641
172,24,-29.9687,-37.9434
174,24,-31.6143,-38.4964
176,24,-32.7708,-38.825
178,24,-33.466,-38.9558
180,24,-33.6479,-38.8671
182,24,-33.2442,-38.5102
184,24,-32.2444,-37.8309
186,24,-30.7033,-36.7874
188,24,-28.7137,-35.3592
190,24,-26.402,-33.5532
192,24,-23.9199,-31.4162
194,24,-21.4136,-29.0426
196,24,-19.0005,-26.5588
198,24,-16.7637,-24.0927
200,24,-14.7599,-21.7511
202,24,-13.0277,-19.613
204,24,-11.5953,-17.7343
206,24,-10.4868,-16.1552
208,24,-9.72809,-14.9098
210,24,-9.35466,-14.0361
212,24,-9.42359,-13.5908
214,24,-10.037,-13.6752
216,24,-11.3943,-14.4904
218,24,-13.9459,-16.4934
220,24,-19.076,-21.1044
222,24,-36.7424,-48.9965
224,24,-19.0719,-19.9957
226,24,-13.0839,-13.4013
228,24,-10.019,-9.78528
230,24,-8.41575,-7.64571
232,24,-7.87536,-6.57644
234,24,-8.29387,-6.46923
236,24,-9.72609,-7.3753
238,24,-12.404,-9.52305
240,24,-16.9441,-13.5203
242,24,-25.5099,-21.4789
244,24,-34.1732,-31.7277
246,24,-26.1709,-22.552
248,24,-26.3781,-23.8696
250,24,-32.9986,-42.5625
252,24,-36.8409,-19.1455
254,24,-27.0645,-13.4204
256,24,-24.784,-11.3197
258,24,-25.9375,-12.0282
260,24,-31.0222,-17.4427
262,24,-39.501,-23.7253
264,24,-31.6554,-10.1744
266,24,-29.8671,-5.26521
268,24,-33.1268,-2.91682
270,24,-52.4717,-2.20928
272,24,-34.1274,-2.95281
274,24,-30.3829,-5.354
276,24,-31.9726,-10.3859
278,24,-37.7964,-24.9301
280,24,-30.2335,-16.91
282,24,-25.589,-11.7667
284,24,-24.5845,-11.1213
286,24,-27.0102,-13.2265
288,24,-37.3624,-18.8585
290,24,-32.39,-40.3709
292,24,-26.1003,-24.4058
294,24,-26.0646,-23.1423
296,24,-34.0424,-34.9228
298,24,-24.8915,-21.0785
300,24,-16.6539,-13.3402
302,24,-12.2259,-9.43103
304,24,-9.61444,-7.33352
306,24,-8.22947,-6.46174
308,24,-7.84846,-6.5938
310,24,-8.42272,-7.68014
312,24,-10.0623,-9.82809
314,24,-13.1754,-13.4395
316,24,-19.2441,-19.9959
318,24,-33.7107,-50.8952
320,24,-18.8718,-21.2234
322,24,-13.8991,-16.5549
324,24,-11.404,-14.5125
326,24,-10.0773,-13.6625
328,24,-9.48428,-13.5474
330,24,-9.4326,-13.9669
332,24,-9.82437,-14.8198
334,24,-10.6042,-16.0493
336,24,-11.7355,-17.6177
338,24,-13.1873,-19.4935
340,24,-14.9269,-21.641
342,24,-16.9129,-24.0124
344,24,-19.09,-26.5388
346,24,-21.3822,-29.1236
348,24,-23.6865,-31.6451
350,24,-25.8711,-33.9813
352,24,-27.7838,-36.049
354,24,-29.2818,-37.8288
356,24,-30.2761,-39.3444
358,24,-30.7641,-40.6148
360,24,-30.8204,-41.6155
0,26,-21.9197,-37.0486
2,26,-22.0106,-36.2686
4,26,-22.5844,-35.8649
6,26,-23.7502,-35.9479
8,26,-25.6427,-36.6588
10,26,-28.4183,-38.2072
12,26,-32.1087,-40.9363
14,26,-35.786,-45.3657
16,26,-37.541,-50.0423
18,26,-39.5261,-47.2509
20,26,-42.6154,-42.3779
22,26,-33.2801,-36.9394
24,26,-26.0778,-31.5445
26,26,-21.1247,-26.8574
28,26,-17.4667,-22.9613
30,26,-14.7069,-19.7633
32,26,-12.6537,-17.171
34,26,-11.2124,-15.1351
36,26,-10.3609,-13.6644
38,26,-10.1568,-12.8428
40,26,-10.7713,-12.8625
42,26,-12.5946,-14.1354
44,26,-16.7031,-17.8026
46,26,-30.0382,-31.8995
48,26,-20.4595,-19.492
50,26,-13.4047,-12.1798
52,26,-10.2849,-8.56472
54,26,-8.93462,-6.66466
56,26,-8.84252,-5.9948
58,26,-9.91334,-6.463
60,26,-12.3155,-8.22649
62,26,-16.633,-11.8217
64,26,-24.9956,-19.0751
66,26,-39.3087,-39.1967
68,26,-27.7221,-23.004
70,26,-29.3557,-25.2648
72,26,-41.6985,-26.4889
74,26,-27.8655,-15.4667
76,26,-23.6121,-11.2436
78,26,-23.5293,-10.3607
80,26,-27.3253,-13.1994
82,26,-40.1592,-33.3383
84,26,-31.5714,-11.7091
86,26,-28.3105,-5.27232
88,26,-31.1784,-2.3874
90,26,-55.6253,-1.49463
92,26,-31.5506,-2.29867
94,26,-28.1491,-5.06582
96,26,-30.6602,-11.2453
98,26,-41.1907,-40.9461
100,26,-28.3067,-13.4251
102,26,-24.0786,-10.3321
104,26,-24.016,-11.0703
106,26,-28.3989,-15.1516
108,26,-48.6621,-26.1297
110,26,-28.9316,-25.1704
112,26,-27.0707,-22.2058
114,26,-36.4391,-32.6964
116,26,-25.6779,-19.8753
118,26,-16.845,-12.0886
120,26,-12.3924,-8.3054
122,26,-9.91947,-6.44347
124,26,-8.79462,-5.91899
126,26,-8.8312,-6.56065
128,26,-10.1103,-8.45416
130,26,-13.1128,-12.0766
132,26,-19.8206,-19.3803
134,26,-31.8851,-32.2943
136,26,-16.9547,-17.9337
138,26,-12.6753,-14.2849
140,26,-10.7888,-13.0323
142,26,-10.1499,-13.017
144,26,-10.3546,-13.8285
146,26,-11.2303,-15.2917
148,26,-12.7244,-17.3549
150,26,-14.8723,-20.0491
152,26,-17.7972,-23.4649
154,26,-21.7627,-27.7219
156,26,-27.3952,-32.8267
158,26,-36.8387,-38.0054
160,26,-44.0038,-41.5001
162,26,-37.3623,-44.6517
164,26,-37.0761,-52.1371
166,26,-39.0259,-52.4254
168,26,-36.1481,-43.3559
170,26,-31.0153,-39.357
172,26,-27.4435,-37.2384
174,26,-25.1599,-36.1841
176,26,-23.8047,-35.8537
178,26,-23.1596,-36.0677
180,26,-23.0842,-36.7152
182,26,-23.4811,-37.7042
184,26,-24.2879,-38.9166
186,26,-25.4907,-40.1769
188,26,-27.1506,-41.298
190,26,-29.4337,-42.2323
192,26,-32.6424,-43.186
194,26,-37.237,-44.651
196,26,-43.3827,-47.7862
198,26,-45.5919,-54.3642
200,26,-38.9136,-44.2002
202,26,-31.6671,-36.1498
204,26,-25.8733,-30.5565
206,26,-21.3673,-26.2079
208,26,-17.8445,-22.6689
210,26,-15.0942,-19.737
212,26,-12.9914,-17.3137
214,26,-11.4781,-15.3715
216,26,-10.5555,-13.9467
218,26,-10.2902,-13.1439
220,26,-10.8434,-13.164
222,26,-12.5733,-14.417
224,26,-16.4632,-18.0296
226,26,-28.1851,-31.9336
228,26,-21.1576,-19.7959
230,26,-13.6113,-12.3492
232,26,-10.2883,-8.66119
234,26,-8.8188,-6.72437
236,26,-8.67784,-6.06074
238,26,-9.77842,-6.58313
240,26,-12.3077,-8.44866
242,26,-16.9188,-12.1948
244,26,-26.1399,-19.6669
246,26,-31.6267,-33.7625
248,26,-25.1916,-23.14
250,26,-26.1078,-25.8275
252,26,-34.0444,-28.2348
254,26,-35.6825,-16.4125
256,26,-27.7995,-12.2067
258,26,-27.1479,-11.4316
260,26,-31.3715,-14.5643
262,26,-41.3615,-53.4799
264,26,-31.3251,-11.9777
266,26,-29.0918,-5.85341
268,26,-32.177,-3.08494
270,26,-54.8891,-2.26269
272,26,-33.1422,-3.12322
274,26,-29.5482,-5.94917
276,26,-31.6008,-12.226
278,26,-40.5047,-40.5479
280,26,-31.0654,-14.2508
282,26,-26.9605,-11.2508
284,26,-27.6179,-12.0562
286,26,-35.4176,-16.2297
288,26,-33.7809,-27.7706
290,26,-25.9498,-26.5007
292,26,-25.1044,-23.7357
294,26,-31.7037,-37.6016
296,26,-25.6842,-19.3489
298,26,-16.6942,-12.059
300,26,-12.1743,-8.38683
302,26,-9.71038,-6.56574
304,26,-8.66442,-6.07563
306,26,-8.85473,-6.76455
308,26,-10.3761,-8.72129
310,26,-13.7764,-12.4243
312,26,-21.5513,-19.8831
314,26,-27.0865,-31.9672
316,26,-16.2353,-18.0906
318,26,-12.4611,-14.4603
320,26,-10.7815,-13.1763
322,26,-10.2582,-13.1142
324,26,-10.5426,-13.8673
326,26,-11.4763,-15.2387
328,26,-12.9952,-17.1264
330,26,-15.0991,-19.4921
332,26,-17.8406,-22.3554
334,26,-21.3178,-25.8024
336,26,-25.6519,-30.0206
338,26,-30.8663,-35.4102
340,26,-36.2487,-42.8764
342,26,-38.4851,-49.7738
344,26,-35.7662,-45.7401
346,26,-32.0354,-43.2713
348,26,-28.9777,-42.225
350,26,-26.6936,-41.6817
352,26,-25.012,-41.135
354,26,-23.7649,-40.3253
356,26,-22.8456,-39.2518
358,26,-22.2209,-38.0928
360,26,-21.9197,-37.0486
0,28,-9.76217,-33.6188
2,28,-9.70029,-31.0723
4,28,-9.79711,-29.1961
6,28,-10.1172,-27.8809
8,28,-10.7141,-27.0607
10,28,-11.626,-26.7245
12,28,-12.8763,-26.8947
14,28,-14.4833,-27.6139
16,28,-16.4877,-28.9461
18,28,-19.0132,-31.0018
20,28,-22.364,-34.011
22,28,-27.1933,-38.5028
24,28,-34.6618,-45.7519
26,28,-39.555,-57.4206
28,28,-39.368,-50.3716
30,28,-35.9883,-37.7321
32,28,-26.3074,-29.3768
34,28,-20.1056,-23.3886
36,28,-15.9413,-18.9151
38,28,-13.1075,-15.6011
40,28,-11.3453,-13.3175
42,28,-10.6131,-12.0712
44,28,-11.0375,-12.0084
46,28,-13.0206,-13.5548
48,28,-17.9238,-18.1925
50,28,-44.3456,-50.0547
52,28,-18.1699,-16.369
54,28,-12.5249,-10.4312
56,28,-10.0523,-7.47372
58,28,-9.31088,-6.17634
60,28,-10.0272,-6.28164
62,28,-12.3561,-7.93332
64,28,-16.9847,-11.7576
66,28,-26.7765,-20.1528
68,28,-34.3068,-31.4914
70,28,-27.9929,-22.6949
72,28,-33.4697,-29.4838
74,28,-32.8505,-19.9785
76,28,-24.8681,-12.7758
78,28,-23.3081,-10.385
80,28,-25.8678,-11.701
82,28,-35.6086,-21.471
84,28,-32.791,-14.17
86,28,-28.3039,-6.0447
88,28,-30.7435,-2.68714
90,28,-52.6752,-1.67198
92,28,-31.2919,-2.59982
94,28,-28.1715,-5.83431
96,28,-31.7032,-13.6267
98,28,-38.2782,-22.6161
100,28,-26.8428,-11.8262
102,28,-23.8565,-10.3203
104,28,-25.2637,-12.5802
106,28,-33.8001,-19.6929
108,28,-33.6917,-30.206
110,28,-27.6038,-22.0043
112,28,-32.7619,-28.2194
114,28,-27.7316,-21.4497
116,28,-17.2782,-12.1721
118,28,-12.4832,-8.09151
120,28,-10.0714,-6.30294
122,28,-9.29347,-6.10365
124,28,-9.96428,-7.32746
126,28,-12.3185,-10.2211
128,28,-17.6516,-16.0729
130,28,-43.4744,-43.424
132,28,-18.4268,-18.2159
134,28,-13.2254,-13.5641
136,28,-11.1296,-12.0611
138,28,-10.6489,-12.1786
140,28,-11.3565,-13.4731
142,28,-13.1211,-15.7928
144,28,-15.9924,-19.1514
146,28,-20.2695,-23.7655
148,28,-26.8569,-30.2602
150,28,-39.0899,-39.9352
152,28,-40.9429,-43.8896
154,28,-43.3542,-44.2105
156,28,-37.9815,-54.4303
158,28,-27.9572,-41.6537
160,28,-22.6804,-34.9331
162,28,-19.2012,-31.2681
164,28,-16.6362,-29.0165
166,28,-14.6202,-27.6613
168,28,-13.0091,-26.9955
170,28,-11.7572,-26.9237
172,28,-10.8469,-27.3958
174,28,-10.2571,-28.39
176,28,-9.95162,-29.927
178,28,-9.87857,-32.1132
180,28,-9.97408,-35.2137
182,28,-10.1729,-39.4584
184,28,-10.4274,-41.1935
186,28,-10.7281,-37.1061
188,28,-11.1135,-33.5697
190,28,-11.6616,-31.3294
192,28,-12.4738,-30.0814
194,28,-13.6666,-29.664
196,28,-15.379,-30.0408
198,28,-17.801,-31.2855
200,28,-21.2419,-33.6234
202,28,-26.3105,-37.5438
204,28,-34.4114,-43.3704
206,28,-42.9161,-44.6774
208,28,-44.3382,-43.1728
210,28,-37.0015,-41.8166
212,28,-26.3219,-32.7389
214,28,-20.082,-25.378
216,28,-15.8901,-20.1384
218,28,-13.0242,-16.3675
220,28,-11.2267,-13.7857
222,28,-10.4465,-12.3246
224,28,-10.798,-12.0934
226,28,-12.6734,-13.5105
228,28,-17.3995,-18.1064
230,28,-40.7873,-44.2836
232,28,-17.9769,-15.797
234,28,-12.2613,-9.97129
236,28,-9.86323,-7.13188
238,28,-9.27669,-5.97779
240,28,-10.2085,-6.22665
242,28,-12.8303,-7.98712
244,28,-17.9913,-11.8376
246,28,-30.0345,-19.9887
248,28,-28.5693,-32.0853
250,28,-24.5357,-22.7618
252,28,-27.048,-27.9047
254,28,-35.22,-22.0286
256,28,-29.4785,-14.1594
258,28,-26.8697,-11.5942
260,28,-29.7316,-12.9741
262,28,-48.7812,-24.2634
264,28,-31.7659,-14.1159
266,28,-28.3652,-6.40651
268,28,-31.1211,-3.1625
270,28,-56.7666,-2.21475
272,28,-31.9535,-3.20467
274,28,-28.7952,-6.51218
276,28,-32.1093,-14.4167
278,28,-48.3917,-23.4263
280,28,-29.6858,-12.7902
282,28,-26.7637,-11.4856
284,28,-29.1523,-14.0613
286,28,-34.6957,-21.889
288,28,-27.1775,-28.745
290,28,-24.6721,-23.1828
292,28,-28.8486,-33.6955
294,28,-29.6403,-19.8012
296,28,-17.8556,-11.7854
298,28,-12.7677,-7.98053
300,28,-10.202,-6.24912
302,28,-9.32732,-6.02641
304,28,-9.97788,-7.20893
306,28,-12.4622,-10.0853
308,28,-18.3813,-15.9845
310,28,-37.5422,-45.0967
312,28,-17.1702,-18.0479
314,28,-12.5822,-13.5182
316,28,-10.752,-12.1087
318,28,-10.4212,-12.3226
320,28,-11.2106,-13.7456
322,28,-13.0045,-16.2663
324,28,-15.8394,-19.9352
326,28,-19.9255,-24.9251
328,28,-25.7781,-31.1724
330,28,-34.2165,-36.0116
332,28,-40.2189,-37.7058
334,28,-38.8522,-41.4083
336,28,-31.113,-46.4041
338,28,-24.4938,-38.4973
340,28,-19.9865,-33.687
342,28,-16.832,-31.0872
344,28,-14.5898,-29.7462
346,28,-13.0052,-29.3055
348,28,-11.9101,-29.6379
350,28,-11.1766,-30.7378
352,28,-10.6951,-32.6756
354,28,-10.369,-35.4373
356,28,-10.1229,-37.8022
358,28,-9.91825,-36.6232
360,28,-9.76217,-33.6188
0,30,-7.78908,-38.3157
2,30,-7.64349,-33.967
4,30,-7.47644,-30.4408
6,30,-7.366,-27.8242
8,30,-7.37445,-25.834
10,30,-7.53534,-24.3381
12,30,-7.84908,-23.27
14,30,-8.28986,-22.5749
16,30,-8.83335,-22.1928
18,30,-9.50454,-22.0775
20,30,-10.416,-22.2449
22,30,-11.7683,-22.8209
24,30,-13.8353,-24.0579
26,30,-16.9954,-26.3572
28,30,-21.9015,-30.4223
30,30,-30.141,-37.9505
32,30,-43.2278,-56.1457
34,30,-48.1165,-52.0263
36,30,-33.1917,-33.3063
38,30,-22.9176,-24.3694
40,30,-17.2755,-18.7307
42,30,-13.8113,-15.0208
44,30,-11.8725,-12.7688
46,30,-11.276,-11.8376
48,30,-12.13,-12.3545
50,30,-15.0764,-15.0084
52,30,-23.511,-23.6896
54,30,-23.742,-21.2862
56,30,-14.228,-11.8651
58,30,-10.6907,-7.83643
60,30,-9.5591,-6.08752
62,30,-10.2838,-6.11117
64,30,-12.9931,-8.01778
66,30,-18.5892,-12.5877
68,30,-32.2572,-23.6323
70,30,-31.0442,-26.7073
72,30,-29.8201,-24.3744
74,30,-36.9775,-29.0602
76,30,-27.3622,-15.7342
78,30,-24.081,-11.3953
80,30,-25.4774,-11.3101
82,30,-33.228,-17.5775
84,30,-35.1075,-17.4896
86,30,-29.0132,-7.09178
88,30,-31.0503,-3.21284
90,30,-51.7451,-2.06595
92,30,-31.4366,-3.12564
94,30,-28.7268,-6.87703
96,30,-33.6024,-16.8438
98,30,-35.7326,-18.0819
100,30,-26.3769,-11.3411
102,30,-24.5789,-11.2695
104,30,-27.7553,-15.4853
106,30,-40.4497,-29.3779
108,30,-30.1425,-23.8627
110,30,-30.6002,-24.8074
112,30,-33.6763,-25.9909
114,30,-18.9325,-13.1629
116,30,-13.1365,-8.24277
118,30,-10.3255,-6.165
120,30,-9.52649,-6.02146
122,30,-10.5754,-7.65663
124,30,-13.9544,-11.5296
126,30,-22.7394,-20.4731
128,30,-24.6313,-24.2895
130,30,-15.4248,-15.0312
132,30,-12.2831,-12.2941
134,30,-11.3216,-11.7933
136,30,-11.8525,-12.793
138,30,-13.7595,-15.1479
140,30,-17.2285,-19
142,30,-22.9388,-24.8954
144,30,-33.5484,-34.3019
146,30,-45.3372,-40.0023
148,30,-50.0495,-39.6868
150,30,-31.3976,-42.6393
152,30,-22.2468,-33.1836
154,30,-17.1244,-27.7775
156,30,-13.88,-24.8382
158,30,-11.7787,-23.2357
160,30,-10.4191,-22.4293
162,30,-9.51561,-22.1142
164,30,-8.85814,-22.1475
166,30,-8.3264,-22.5102
168,30,-7.89194,-23.2486
170,30,-7.57966,-24.4234
172,30,-7.41767,-26.0958
174,30,-7.40775,-28.3521
176,30,-7.51813,-31.3837
178,30,-7.6879,-35.665
180,30,-7.83974,-41.1358
182,30,-7.90336,-38.341
184,30,-7.84572,-32.8177
186,30,-7.6896,-28.9669
188,30,-7.50492,-26.1628
190,30,-7.38185,-24.0541
192,30,-7.40733,-22.476
194,30,-7.65574,-21.3439
196,30,-8.19082,-20.6172
198,30,-9.07386,-20.2909
200,30,-10.3763,-20.4019
202,30,-12.1999,-21.0448
204,30,-14.7135,-22.4032
206,30,-18.2345,-24.8207
208,30,-23.4628,-28.9867
210,30,-32.5577,-35.8869
212,30,-54.1015,-37.2374
214,30,-47.3123,-36.2028
216,30,-32.8309,-43.5689
218,30,-22.6564,-27.8224
220,30,-16.9547,-20.0207
222,30,-13.4318,-15.3914
224,30,-11.4472,-12.6239
226,30,-10.8331,-11.3792
228,30,-11.7345,-11.7466
230,30,-14.8757,-14.4677
232,30,-24.1381,-24.012
234,30,-22.2997,-19.7407
236,30,-13.8108,-11.089
238,30,-10.6585,-7.38745
240,30,-9.79731,-5.83808
242,30,-10.7436,-5.94999
244,30,-13.7164,-7.83486
246,30,-19.9922,-12.2718
248,30,-42.4887,-23.0414
250,30,-26.4875,-25.6982
252,30,-25.4292,-22.0075
254,30,-30.0945,-30.6751
256,30,-28.094,-17.4138
258,30,-24.6687,-12.272
260,30,-26.0223,-11.9659
262,30,-35.3677,-18.6746
264,30,-33.6044,-16.7504
266,30,-27.9241,-6.84743
268,30,-30.1827,-3.07052
270,30,-60.9679,-1.9886
272,30,-30.6551,-3.11962
274,30,-28.1804,-6.97123
276,30,-33.7324,-17.16
278,30,-35.2307,-18.3009
280,30,-26.0394,-11.8684
282,30,-24.5803,-12.2327
284,30,-27.7005,-17.3951
286,30,-30.1494,-31.7104
288,30,-25.8257,-22.3051
290,30,-26.9095,-26.0503
292,30,-41.677,-22.9576
294,30,-20.0026,-12.3062
296,30,-13.7703,-7.88871
298,30,-10.8213,-6.01419
300,30,-9.91155,-5.91726
302,30,-10.8354,-7.49639
304,30,-14.1096,-11.2656
306,30,-23.1064,-20.1862
308,30,-23.5914,-23.4156
310,30,-14.7627,-14.3429
312,30,-11.7118,-11.7067
314,30,-10.8425,-11.3724
316,30,-11.4686,-12.6266
318,30,-13.4562,-15.39
320,30,-16.9693,-20.0246
322,30,-22.604,-28.0013
324,30,-32.2946,-63.5814
326,30,-48.7827,-35.905
328,30,-46.6647,-37.6744
330,30,-30.5776,-39.4003
332,30,-22.5648,-29.7225
334,30,-17.634,-24.8942
336,30,-14.2477,-22.2264
338,30,-11.8182,-20.7586
340,30,-10.0604,-20.0748
342,30,-8.81457,-19.9597
344,30,-7.98032,-20.3008
346,30,-7.48549,-21.0533
348,30,-7.2685,-22.222
350,30,-7.26648,-23.8533
352,30,-7.40703,-26.0397
354,30,-7.60567,-28.9519
356,30,-7.77422,-32.8951
358,30,-7.84326,-37.8361
360,30,-7.78908,-38.3157
0,32,-15.4487,-41.5569
2,32,-15.1341,-46.5616
4,32,-14.4341,-46.2995
6,32,-13.5094,-39.1297
8,32,-12.513,-33.9959
10,32,-11.5532,-30.2478
12,32,-10.6795,-27.3636
14,32,-9.88752,-25.0655
16,32,-9.15485,-23.1611
18,32,-8.49862,-21.5194
20,32,-8.01429,-20.1083
22,32,-7.85879,-19.0138
24,32,-8.20584,-18.3998
26,32,-9.22069,-18.4557
28,32,-11.0686,-19.3843
30,32,-13.9565,-21.4441
32,32,-18.2355,-25.059
34,32,-24.6792,-31.0376
36,32,-35.2358,-40.1818
38,32,-45.3941,-42.6297
40,32,-32.0889,-31.2221
42,32,-22.8006,-23.1536
44,32,-17.2818,-17.9956
46,32,-13.9782,-14.7094
48,32,-12.3105,-12.8559
50,32,-12.1886,-12.3983
52,32,-14.0725,-13.8598
54,32,-20.2582,-19.7621
56,32,-27.6805,-24.8159
58,32,-14.7529,-12.1281
60,32,-10.8435,-7.62449
62,32,-9.85246,-5.92113
64,32,-11.0333,-6.29903
66,32,-14.5767,-8.89989
68,32,-21.9617,-14.9241
70,32,-47.3136,-34.8526
72,32,-29.39,-24.4172
74,32,-31.9279,-30.4356
76,32,-31.2007,-20.4518
78,32,-25.9302,-13.0529
80,32,-25.8978,-11.4229
82,32,-31.8109,-15.5022
84,32,-39.1077,-21.8651
86,32,-30.3576,-8.05894
88,32,-31.8975,-3.6011
90,32,-53.3892,-2.31336
92,32,-31.9218,-3.51516
94,32,-29.7477,-7.8458
96,32,-36.6695,-21.0881
98,32,-34.031,-15.7109
100,32,-26.7452,-11.3538
102,32,-26.3999,-12.8408
104,32,-31.8236,-20.1094
106,32,-33.2665,-30.7248
108,32,-29.8473,-23.2836
110,32,-54.2718,-49.0686
112,32,-22.3242,-15.756
114,32,-14.7442,-9.20669
116,32,-11.0909,-6.38794
118,32,-9.82133,-5.87096
120,32,-10.7149,-7.44989
122,32,-14.4424,-11.7659
124,32,-26.1756,-23.4941
126,32,-21.0099,-20.2824
128,32,-14.36,-13.9187
130,32,-12.3142,-12.31
132,32,-12.3235,-12.7228
134,32,-13.9104,-14.6395
136,32,-17.1864,-18.133
138,32,-22.8012,-23.7737
140,32,-32.7255,-33.2539
142,32,-50.1663,-40.9561
144,32,-36.9465,-37.9542
146,32,-25.1587,-32.4636
148,32,-18.4336,-26.2239
150,32,-14.0427,-22.2232
152,32,-11.0934,-19.9024
154,32,-9.20883,-18.8061
156,32,-8.17565,-18.6424
158,32,-7.8259,-19.175
160,32,-7.9913,-20.1822
162,32,-8.49305,-21.4825
164,32,-9.16708,-22.999
166,32,-9.91136,-24.7801
168,32,-10.7055,-26.9415
170,32,-11.5715,-29.6006
172,32,-12.5128,-32.8621
174,32,-13.4778,-36.8528
176,32,-14.3561,-41.6759
178,32,-14.9974,-45.5311
180,32,-15.253,-42.9733
182,32,-15.0319,-38.5875
184,32,-14.3507,-34.7692
186,32,-13.3325,-31.4385
188,32,-12.1527,-28.488
190,32,-10.9767,-25.8726
192,32,-9.92795,-23.5653
194,32,-9.0841,-21.5422
196,32,-8.48714,-19.7868
198,32,-8.15708,-18.3003
200,32,-8.10734,-17.1111
202,32,-8.36205,-16.2778
204,32,-8.97459,-15.8893
206,32,-10.0458,-16.0682
208,32,-11.7452,-16.9888
210,32,-14.3534,-18.924
212,32,-18.3801,-22.3595
214,32,-24.9821,-28.175
216,32,-38.5306,-34.6031
218,32,-52.9082,-34.5518
220,32,-33.8243,-34.7709
222,32,-22.5373,-24.2939
224,32,-16.6525,-17.5665
226,32,-13.3244,-13.5938
228,32,-11.8079,-11.511
230,32,-11.9923,-11.1523
232,32,-14.3725,-12.9773
234,32,-21.7102,-19.6941
236,32,-24.9269,-22.7809
238,32,-14.4098,-11.3397
240,32,-10.8815,-7.05387
242,32,-10.0104,-5.35231
244,32,-11.2429,-5.61324
246,32,-14.9472,-8.04045
248,32,-23.2898,-13.9387
250,32,-36.0051,-36.6386
252,32,-26.4453,-21.3002
254,32,-29.5036,-24.0771
256,32,-28.0575,-22.8314
258,32,-23.1234,-13.3303
260,32,-23.2078,-11.2615
262,32,-29.3222,-15.3912
264,32,-37.7656,-20.5166
266,32,-27.8812,-7.23643
268,32,-29.5149,-2.86961
270,32,-73.3996,-1.64698
272,32,-29.5333,-2.9271
274,32,-27.8402,-7.38679
276,32,-36.8807,-21.2063
278,32,-29.3753,-15.1523
280,32,-23.2309,-11.2121
282,32,-22.9932,-13.354
284,32,-27.5387,-23.0233
286,32,-29.9641,-24.265
288,32,-27.0281,-21.422
290,32,-36.7626,-36.6249
292,32,-23.437,-14.0123
294,32,-15.1119,-8.12304
296,32,-11.3894,-5.69814
298,32,-10.1553,-5.44334
300,32,-11.063,-7.16867
302,32,-14.7203,-11.5363
304,32,-26.1084,-23.5299
306,32,-21.1864,-19.2046
308,32,-14.2209,-12.8027
310,32,-11.9439,-11.0705
312,32,-11.8017,-11.4829
314,32,-13.3311,-13.6011
316,32,-16.6517,-17.6008
318,32,-22.4888,-24.4209
320,32,-33.3441,-36.4038
322,32,-49.4509,-35.7909
324,32,-36.4043,-36.3445
326,32,-24.3449,-28.8506
328,32,-18.0068,-22.5155
330,32,-14.0855,-18.8655
332,32,-11.5344,-16.8031
334,32,-9.87522,-15.804
336,32,-8.84227,-15.5849
338,32,-8.273,-15.9659
340,32,-8.06709,-16.8191
342,32,-8.16737,-18.0536
344,32,-8.54525,-19.6138
346,32,-9.18508,-21.4788
348,32,-10.0673,-23.652
350,32,-11.1517,-26.138
352,32,-12.3613,-28.9122
354,32,-13.5693,-31.8898
356,32,-14.601,-34.9356
358,32,-15.2694,-38.018
360,32,-15.4487,-41.5569
0,34,-13.5203,-36.4279
2,34,-13.6343,-34.8415
4,34,-14.0038,-33.2768
6,34,-14.7891,-32.3298
8,34,-16.2628,-32.1839
10,34,-18.9162,-33.0831
12,34,-24.145,-35.6645
14,34,-51.1117,-42.1853
16,34,-23.7864,-41.3211
18,34,-17.2,-31.8145
20,34,-13.3221,-26.2676
22,34,-10.7303,-22.3564
24,34,-9.08838,-19.5371
26,34,-8.29803,-17.6687
28,34,-8.31857,-16.7139
30,34,-9.12135,-16.6683
32,34,-10.7022,-17.5573
34,34,-13.1541,-19.4764
36,34,-16.7994,-22.6818
38,34,-22.3726,-27.7501
40,34,-31.0405,-35.5815
42,34,-37.5591,-37.2848
44,34,-29.4642,-29.1292
46,34,-21.186,-22.2991
48,34,-16.0614,-17.2724
50,34,-13.1869,-13.9343
52,34,-12.2804,-12.3769
54,34,-13.7386,-13.1553
56,34,-19.8558,-18.682
58,34,-26.7535,-24.1835
60,34,-14.4413,-11.5195
62,34,-10.9687,-7.34695
64,34,-10.5251,-6.1218
66,34,-12.4553,-7.17437
68,34,-17.2652,-10.9127
70,34,-28.4147,-19.9924
72,34,-31.9917,-29.1635
74,34,-28.8461,-24.5775
76,34,-33.6453,-28.2526
78,34,-28.5729,-14.9136
80,34,-26.4443,-11.4804
82,34,-30.3798,-13.8244
84,34,-43.7585,-29.3257
86,34,-31.5188,-8.74747
88,34,-32.304,-3.64391
90,34,-57.7673,-2.20929
92,34,-32.3357,-3.56218
94,34,-30.7577,-8.54269
96,34,-41.46,-28.222
98,34,-32.259,-13.8718
100,34,-27.2275,-11.3405
102,34,-29.0062,-14.6255
104,34,-34.687,-27.8837
106,34,-29.603,-24.1932
108,34,-32.7233,-26.8619
110,34,-28.711,-21.4078
112,34,-17.45,-11.3501
114,34,-12.5657,-7.32729
116,34,-10.555,-6.10973
118,34,-10.9005,-7.20692
120,34,-14.2031,-11.2282
122,34,-25.5579,-23.2206
124,34,-20.5241,-19.0284
126,34,-14.0041,-13.191
128,34,-12.4189,-12.2979
130,34,-13.2393,-13.7726
132,34,-16.0574,-17.1156
134,34,-21.2516,-22.4916
136,34,-30.2775,-30.8524
138,34,-40.8265,-45.4276
140,34,-33.2008,-38.5651
142,34,-23.056,-28.7678
144,34,-17.057,-23.1962
146,34,-13.2546,-19.7761
148,34,-10.7269,-17.728
150,34,-9.09561,-16.7528
152,34,-8.25408,-16.7544
154,34,-8.20633,-17.7071
156,34,-8.98207,-19.6016
158,34,-10.6201,-22.4411
160,34,-13.212,-26.3074
162,34,-17.0762,-31.655
164,34,-23.568,-40.9469
166,34,-63.4521,-48.2704
168,34,-24.4293,-37.9625
170,34,-19.0938,-35.1421
172,34,-16.4129,-34.5421
174,34,-14.9372,-35.2934
176,34,-14.1666,-37.1317
178,34,-13.8247,-39.7887
180,34,-13.7456,-41.4526
182,34,-13.8793,-39.5514
184,34,-14.3011,-36.8306
186,34,-15.1968,-35.1144
188,34,-16.88,-34.6864
190,34,-19.9885,-35.8716
192,34,-26.743,-39.4327
194,34,-35.1219,-39.0236
196,34,-21.4953,-31.1624
198,34,-16.3167,-25.5187
200,34,-13.1517,-21.427
202,34,-10.9892,-18.3517
204,34,-9.52277,-16.0801
206,34,-8.67566,-14.5367
208,34,-8.47564,-13.7189
210,34,-9.01545,-13.6804
212,34,-10.458,-14.5427
214,34,-13.0908,-16.5363
216,34,-17.495,-20.0947
218,34,-25.2058,-25.9721
220,34,-44.6448,-33.3526
222,34,-45.8664,-36.2842
224,34,-30.2749,-28.8415
226,34,-20.336,-20.0185
228,34,-15.3414,-14.8073
230,34,-12.8662,-11.8971
232,34,-12.4022,-10.9073
234,34,-14.3118,-12.1983
236,34,-21.2978,-18.2734
238,34,-24.7053,-22.5214
240,34,-13.9588,-10.3795
242,34,-10.562,-6.10625
244,34,-10.0519,-4.68427
246,34,-11.9663,-5.54029
248,34,-17.0171,-9.14724
250,34,-29.9479,-18.3722
252,34,-30.1344,-25.4998
254,34,-30.0803,-20.7312
256,34,-31.6345,-35.1433
258,34,-23.2218,-14.8835
260,34,-21.8952,-10.9017
262,34,-26.2583,-13.1937
264,34,-48.0298,-27.6353
266,34,-28.3278,-7.73694
268,34,-29.2539,-2.72071
270,34,-62.8357,-1.35137
272,34,-28.894,-2.78572
274,34,-27.9607,-7.921
276,34,-41.9204,-29.5055
278,34,-26.4147,-12.9781
280,34,-21.9,-10.852
282,34,-22.9977,-14.9416
284,34,-30.6702,-37.483
286,34,-30.9304,-20.6658
288,34,-30.6801,-25.4718
290,34,-30.206,-18.4579
292,34,-17.2441,-9.21539
294,34,-12.135,-5.61239
296,34,-10.183,-4.76328
298,34,-10.6925,-6.20368
300,34,-14.178,-10.5435
302,34,-25.6993,-23.2222
304,34,-20.6386,-17.8458
306,34,-14.0407,-12.0182
308,34,-12.25,-10.8104
310,34,-12.7765,-11.8614
312,34,-15.2756,-14.8215
314,34,-20.2421,-20.0527
316,34,-29.948,-28.7621
318,34,-45.6735,-36.2032
320,34,-42.2128,-33.1598
322,34,-24.8291,-25.7672
324,34,-17.2792,-19.9574
326,34,-12.9328,-16.3902
328,34,-10.3348,-14.3582
330,34,-8.91893,-13.4547
332,34,-8.40467,-13.4653
334,34,-8.63696,-14.2776
336,34,-9.53235,-15.8404
338,34,-11.0723,-18.1565
340,34,-13.3444,-21.3086
342,34,-16.6848,-25.5529
344,34,-22.2583,-31.5967
346,34,-39.1512,-40.0487
348,34,-25.461,-37.6757
350,34,-19.3831,-34.1907
352,34,-16.4566,-33.185
354,34,-14.8524,-33.6774
356,34,-14.0025,-35.131
358,34,-13.6176,-36.5874
360,34,-13.5203,-36.4279
0,36,-7.19044,-32.4158
2,36,-7.22219,-33.5286
4,36,-7.18243,-31.8223
6,36,-7.16042,-29.4323
8,36,-7.28511,-27.4312
10,36,-7.67226,-25.9836
12,36,-8.39892,-25.1103
14,36,-9.51482,-24.8184
16,36,-11.1116,-25.1419
18,36,-13.5025,-26.2876
20,36,-17.7213,-29.0787
22,36,-29.7149,-37.6687
24,36,-22.4524,-34.2518
26,36,-14.8662,-24.67
28,36,-11.4541,-20.1406
30,36,-9.761,-17.6006
32,36,-9.13865,-16.308
34,36,-9.38777,-15.9816
36,36,-10.5855,-16.6004
38,36,-13.0363,-18.4023
40,36,-17.298,-21.9682
42,36,-24.3914,-28.7011
44,36,-34.6114,-40.4573
46,36,-36.5424,-37.1021
48,36,-24.3253,-26.9986
50,36,-17.2174,-18.6819
52,36,-13.5157,-13.9561
54,36,-12.3978,-11.999
56,36,-14.143,-13.0026
58,36,-21.7298,-19.862
60,36,-23.2855,-20.8011
62,36,-13.8832,-10.6643
64,36,-11.2246,-7.219
66,36,-11.5032,-6.63194
68,36,-14.4725,-8.61649
70,36,-21.5854,-14.4118
72,36,-40.3697,-38.4874
74,36,-28.1578,-22.8643
76,36,-31.9723,-33.219
78,36,-31.065,-17.1629
80,36,-26.3742,-11.5748
82,36,-28.6413,-12.4287
84,36,-41.6989,-34.8012
86,36,-31.4351,-9.44496
88,36,-31.4076,-3.61737
90,36,-53.6583,-2.03076
92,36,-32.2232,-3.54042
94,36,-31.1756,-9.2459
96,36,-48.3568,-39.1956
98,36,-30.0382,-12.4106
100,36,-26.962,-11.4093
102,36,-31.2969,-16.8248
104,36,-32.813,-35.1033
106,36,-28.7313,-22.4052
108,36,-42.0685,-48.3782
110,36,-21.7357,-15.0292
112,36,-14.6179,-8.86082
114,36,-11.6126,-6.69297
116,36,-11.2704,-7.14048
118,36,-13.8089,-10.4538
120,36,-22.7352,-20.3136
122,36,-22.393,-20.0029
124,36,-14.3873,-12.9306
126,36,-12.5395,-11.8897
128,36,-13.6092,-13.8279
130,36,-17.3176,-18.5539
132,36,-24.7113,-27.2095
134,36,-40.1207,-39.1977
136,36,-37.3252,-47.21
138,36,-25.6934,-30.747
140,36,-17.7473,-22.6576
142,36,-13.1849,-18.6563
144,36,-10.6037,-16.6466
146,36,-9.33692,-15.904
148,36,-9.03542,-16.1529
150,36,-9.6033,-17.4181
152,36,-11.2345,-19.9952
154,36,-14.5607,-24.6492
156,36,-21.882,-34.6263
158,36,-30.7132,-37.0707
160,36,-17.9022,-28.9909
162,36,-13.6083,-26.3335
164,36,-11.2025,-25.2429
166,36,-9.59937,-24.96
168,36,-8.47582,-25.3108
170,36,-7.74092,-26.2595
172,36,-7.34695,-27.7729
174,36,-7.21755,-29.785
176,36,-7.23631,-32.0246
178,36,-7.27273,-33.2312
180,36,-7.23614,-31.721
182,36,-7.1216,-28.8843
184,36,-7.00271,-26.2911
186,36,-6.98292,-24.2564
188,36,-7.15521,-22.746
190,36,-7.59091,-21.698
192,36,-8.34948,-21.0931
194,36,-9.50351,-20.988
196,36,-11.1923,-21.5634
198,36,-13.7567,-23.254
200,36,-18.2198,-27.3275
202,36,-30.7571,-41.3097
204,36,-22.3083,-26.9944
206,36,-14.8505,-20.0673
208,36,-11.2863,-16.2878
210,36,-9.45927,-14.0662
212,36,-8.87854,-12.9753
214,36,-9.44265,-12.9059
216,36,-11.2608,-13.922
218,36,-14.706,-16.267
220,36,-20.8032,-20.473
222,36,-34.1355,-27.5442
224,36,-38.4049,-36.887
226,36,-42.1234,-33.5142
228,36,-23.7894,-22.3158
230,36,-16.8354,-15.7296
232,36,-13.4334,-12.0001
234,36,-12.483,-10.5385
236,36,-14.2825,-11.7144
238,36,-22.1649,-18.6856
240,36,-22.0045,-18.7838
242,36,-12.8865,-8.60662
244,36,-10.1626,-5.01835
246,36,-10.4359,-4.356
248,36,-13.5454,-6.33543
250,36,-21.0927,-12.1318
252,36,-44.2473,-34.741
254,36,-29.76,-20.6025
256,36,-47.2177,-29.1934
258,36,-25.3028,-17.2924
260,36,-22.0538,-11.0558
262,36,-25.0209,-11.8443
264,36,-45.703,-38.9168
266,36,-29.344,-8.5121
268,36,-29.5009,-2.78437
270,36,-58.4785,-1.26312
272,36,-28.9392,-2.85579
274,36,-28.6925,-8.74008
276,36,-43.9336,-33.1342
278,36,-25.2466,-11.5892
280,36,-22.027,-10.9517
282,36,-24.9125,-17.3216
284,36,-42.7777,-28.7895
286,36,-30.4254,-20.4197
288,36,-44.0355,-36.0921
290,36,-21.3921,-12.178
292,36,-13.7139,-6.37206
294,36,-10.5327,-4.40268
296,36,-10.2254,-5.08458
298,36,-12.9775,-8.72206
300,36,-22.4541,-19.1907
302,36,-21.4594,-18.2928
304,36,-13.9588,-11.5664
306,36,-12.2618,-10.4645
308,36,-13.2786,-11.989
310,36,-16.7178,-15.7831
312,36,-23.6321,-22.3926
314,36,-42.1976,-32.9446
316,36,-39.4862,-35.0248
318,36,-33.3594,-26.712
320,36,-20.6521,-20.0916
322,36,-14.6214,-16.0408
324,36,-11.2009,-13.7441
326,36,-9.40379,-12.7322
328,36,-8.86259,-12.7946
330,36,-9.471,-13.892
332,36,-11.3413,-16.1553
334,36,-15.0007,-20.043
336,36,-22.8113,-27.279
338,36,-29.144,-39.8483
340,36,-17.8129,-26.8221
342,36,-13.541,-22.9639
344,36,-11.0681,-21.3602
346,36,-9.4313,-20.8379
348,36,-8.30517,-21.0014
350,36,-7.55947,-21.6935
352,36,-7.12781,-22.8646
354,36,-6.95433,-24.5285
356,36,-6.96961,-26.7374
358,36,-7.0822,-29.509
360,36,-7.19044,-32.4158
0,38,-8.38842,-30.0123
2,38,-8.41728,-32.6424
4,38,-8.2316,-34.0319
6,38,-7.88792,-32.7274
8,38,-7.50818,-30.1251
10,38,-7.21462,-27.6207
12,38,-7.07556,-25.5651
14,38,-7.08851,-23.9748
16,38,-7.21619,-22.7517
18,38,-7.48291,-21.7907
20,38,-8.06988,-21.1532
22,38,-9.33406,-21.1748
24,38,-11.8558,-22.4786
26,38,-17.0066,-26.425
28,38,-36.1058,-42.9625
30,38,-18.7439,-27.3775
32,38,-12.9091,-20.6699
34,38,-10.2339,-17.2841
36,38,-9.22696,-15.5143
38,38,-9.64418,-15.0814
40,38,-11.5827,-16.116
42,38,-15.3985,-19.0616
44,38,-21.9881,-25.1583
46,38,-33.1189,-39.9269
48,38,-42.4169,-50.9655
50,38,-25.3931,-28.0181
52,38,-17.4083,-18.2447
54,38,-13.6658,-13.5808
56,38,-12.9023,-12.1153
58,38,-15.4552,-14.0189
60,38,-26.722,-24.5443
62,38,-19.9105,-17.0544
64,38,-13.1439,-9.43576
66,38,-11.4446,-6.7922
68,38,-12.7917,-7.10688
70,38,-17.6728,-10.782
72,38,-31.0537,-21.8926
74,38,-29.4341,-24.0823
76,38,-29.9348,-25.1525
78,38,-32.3272,-20.8091
80,38,-26.0885,-12.2295
82,38,-27.2825,-11.6907
84,38,-38.5442,-24.3683
86,38,-30.6383,-10.5426
88,38,-30.0726,-3.90573
90,38,-48.1963,-2.16226
92,38,-31.7357,-3.83409
94,38,-31.0892,-10.3478
96,38,-45.6835,-25.0202
98,38,-28.2444,-11.6476
100,38,-26.4075,-12.0564
102,38,-32.1991,-20.4025
104,38,-30.5133,-25.4463
106,38,-29.8431,-23.5099
108,38,-31.1604,-22.9308
110,38,-17.8061,-11.095
112,38,-12.9149,-7.23987
114,38,-11.5502,-6.79569
116,38,-13.2042,-9.30508
118,38,-19.8009,-16.7296
120,38,-27.4268,-24.7198
122,38,-15.6669,-13.849
124,38,-13.0191,-11.923
126,38,-13.7383,-13.4268
128,38,-17.4909,-18.1823
130,38,-25.7427,-28.3487
132,38,-51.9531,-43.8866
134,38,-36.5196,-47.4119
136,38,-22.9889,-26.3904
138,38,-15.7328,-19.5526
140,38,-11.6582,-16.3054
142,38,-9.59005,-15.0957
144,38,-9.09027,-15.399
146,38,-10.0164,-17.0527
148,38,-12.5669,-20.336
150,38,-18.0903,-26.9433
152,38,-37.1774,-41.0745
154,38,-17.239,-26.1105
156,38,-11.8936,-22.2776
158,38,-9.32768,-21.0694
160,38,-8.06705,-21.1038
162,38,-7.49899,-21.7392
164,38,-7.24728,-22.6584
166,38,-7.12299,-23.8291
168,38,-7.1059,-25.344
170,38,-7.24081,-27.2483
172,38,-7.53394,-29.4883
174,38,-7.9157,-31.8535
176,38,-8.2586,-33.4987
178,38,-8.43469,-32.783
180,38,-8.38588,-30.2009
182,38,-8.14906,-27.4585
184,38,-7.81492,-25.1034
186,38,-7.47209,-23.1367
188,38,-7.18058,-21.4607
190,38,-6.97129,-19.992
192,38,-6.85629,-18.6935
194,38,-6.84444,-17.5852
196,38,-6.96402,-16.7392
198,38,-7.29173,-16.2725
200,38,-7.98305,-16.3536
202,38,-9.31254,-17.2498
204,38,-11.7943,-19.4965
206,38,-16.779,-24.7116
208,38,-36.4988,-37.6134
210,38,-18.7486,-22.3645
212,38,-12.9332,-16.8829
214,38,-10.5523,-14.0997
216,38,-9.96061,-12.8522
218,38,-10.819,-12.8874
220,38,-13.2277,-14.3048
222,38,-17.7529,-17.5287
224,38,-26.166,-23.5918
226,38,-37.2681,-34.8409
228,38,-41.9943,-37.9211
230,38,-26.5559,-23.8056
232,38,-17.6581,-15.897
234,38,-13.5848,-11.6252
236,38,-12.5196,-10.1025
238,38,-14.7985,-11.8134
240,38,-26.146,-22.4949
242,38,-18.5313,-14.2479
244,38,-11.841,-6.81121
246,38,-10.2365,-4.38839
248,38,-11.7317,-4.93358
250,38,-16.8021,-8.73733
252,38,-30.6774,-19.331
254,38,-30.4394,-23.5363
256,38,-34.2969,-23.7472
258,38,-30.0628,-21.1476
260,38,-23.668,-11.8501
262,38,-25.2044,-11.2597
264,38,-39.4752,-24.8618
266,38,-30.9598,-9.67124
268,38,-30.2907,-3.1672
270,38,-57.4829,-1.49072
272,38,-29.7533,-3.24539
274,38,-30.1152,-9.95977
276,38,-40.8208,-23.1248
278,38,-25.4942,-10.9289
280,38,-23.6057,-11.641
282,38,-29.3759,-21.0286
284,38,-36.0716,-23.5052
286,38,-30.76,-23.2306
288,38,-31.3012,-19.4794
290,38,-17.0065,-8.7466
292,38,-11.8084,-4.93969
294,38,-10.2453,-4.4129
296,38,-11.8292,-6.87562
298,38,-18.6113,-14.4549
300,38,-25.3869,-21.9705
302,38,-14.52,-11.6894
304,38,-12.3181,-10.0602
306,38,-13.4386,-11.6555
308,38,-17.5551,-16.0212
310,38,-26.4352,-24.0367
312,38,-45.6509,-37.1297
314,38,-35.8708,-32.8193
316,38,-25.4559,-22.9124
318,38,-17.6071,-17.208
320,38,-13.2068,-14.123
322,38,-10.844,-12.7601
324,38,-10.0219,-12.739
326,38,-10.6629,-13.9904
328,38,-13.1288,-16.8017
330,38,-19.1911,-22.4091
332,38,-33.4883,-37.4753
334,38,-16.425,-24.2195
336,38,-11.6075,-19.2567
338,38,-9.19872,-17.1448
340,38,-7.92364,-16.3401
342,38,-7.27927,-16.3157
344,38,-6.98901,-16.8142
346,38,-6.89488,-17.6859
348,38,-6.92145,-18.8325
350,38,-7.04346,-20.1858
352,38,-7.25339,-21.7062
354,38,-7.53816,-23.3926
356,38,-7.8656,-25.2899
358,38,-8.17685,-27.4785
360,38,-8.38842,-30.0123
0,40,-15.8418,-32.8315
2,40,-15.7961,-34.7765
4,40,-15.3683,-36.8567
6,40,-14.5713,-38.1121
8,40,-13.5268,-36.9506
10,40,-12.4041,-34.0183
12,40,-11.323,-30.9023
14,40,-10.3019,-28.176
16,40,-9.29087,-25.839
18,40,-8.28928,-23.6666
20,40,-7.44624,-21.5407
22,40,-7.01955,-19.6953
24,40,-7.27385,-18.5464
26,40,-8.46224,-18.4692
28,40,-10.9647,-19.862
30,40,-15.9203,-23.6738
32,40,-32.4594,-36.3186
34,40,-18.2217,-26.3968
36,40,-12.3611,-19.0207
38,40,-10.1743,-15.684
40,40,-10.0407,-14.4943
42,40,-11.6202,-15.1268
44,40,-15.0701,-17.8037
46,40,-21.2894,-23.6062
48,40,-32.7665,-36.7958
50,40,-40.6182,-48.0564
52,40,-24.5287,-26.3028
54,40,-17.1172,-17.75
56,40,-13.8874,-13.8426
58,40,-13.7344,-13.0453
60,40,-17.4901,-16.0835
62,40,-49.2002,-44.1692
64,40,-16.7904,-13.0465
66,40,-12.293,-7.55286
68,40,-12.0347,-6.20931
70,40,-15.2964,-8.26313
72,40,-24.2945,-15.4575
74,40,-32.9351,-31.2663
76,40,-28.3958,-22.3005
78,40,-31.6916,-27.7391
80,40,-26.52,-13.7587
82,40,-27.0088,-11.7608
84,40,-37.7052,-20.5463
86,40,-30.1896,-12.1499
88,40,-29.3048,-4.62423
90,40,-45.6383,-2.72301
92,40,-31.4007,-4.56444
94,40,-31.0354,-11.9802
96,40,-42.3438,-20.7966
98,40,-27.6718,-11.6971
100,40,-26.6105,-13.5726
102,40,-31.4175,-27.14
104,40,-28.6937,-22.3289
106,40,-33.0665,-30.0371
108,40,-24.4476,-15.8492
110,40,-15.3969,-8.42324
112,40,-12.1135,-6.26262
114,40,-12.3568,-7.49703
116,40,-16.8078,-12.8114
118,40,-60.4579,-42.042
120,40,-17.6738,-15.9937
122,40,-13.8236,-12.8022
124,40,-13.9129,-13.5905
126,40,-17.1045,-17.5922
128,40,-24.5662,-26.4001
130,40,-42.1637,-45.6542
132,40,-35.3184,-39.1706
134,40,-21.9774,-24.2178
136,40,-15.3261,-18.1159
138,40,-11.671,-15.2894
140,40,-9.96119,-14.5507
142,40,-9.99016,-15.6473
144,40,-12.0413,-18.8623
146,40,-17.5462,-25.9433
148,40,-34.8699,-36.4214
150,40,-16.235,-23.5809
152,40,-10.9979,-19.6974
154,40,-8.38935,-18.3301
156,40,-7.1677,-18.4698
158,40,-6.92269,-19.6588
160,40,-7.38104,-21.459
162,40,-8.25889,-23.4331
164,40,-9.28168,-25.4063
166,40,-10.2974,-27.5388
168,40,-11.3201,-30.0179
170,40,-12.4158,-32.8636
172,40,-13.5716,-35.9848
174,40,-14.6613,-39.0685
176,40,-15.4965,-40.3392
178,40,-15.9315,-38.1808
180,40,-15.9415,-35.1001
182,40,-15.6009,-32.4325
184,40,-15.0082,-30.191
186,40,-14.2392,-28.1754
188,40,-13.3386,-26.2055
190,40,-12.3314,-24.1829
192,40,-11.2405,-22.1125
194,40,-10.1035,-20.0784
196,40,-8.98528,-18.1934
198,40,-7.98159,-16.5662
200,40,-7.21832,-15.2973
202,40,-6.84954,-14.4932
204,40,-7.0636,-14.2921
206,40,-8.11663,-14.908
208,40,-10.4531,-16.7513
210,40,-15.2351,-20.9267
212,40,-30.3926,-33.1276
214,40,-18.8599,-23.1211
216,40,-12.841,-16.5675
218,40,-10.5387,-13.5802
220,40,-10.1617,-12.5327
222,40,-11.4439,-13.1917
224,40,-14.6995,-15.8491
226,40,-21.0861,-21.4984
228,40,-33.6864,-33.2242
230,40,-39.7521,-40.8135
232,40,-27.9706,-23.7963
234,40,-17.7452,-15.2619
236,40,-13.5524,-11.0377
238,40,-12.9243,-10.0274
240,40,-16.5434,-13.1889
242,40,-55.5133,-40.1759
244,40,-15.6214,-10.587
246,40,-11.3244,-5.65081
248,40,-11.1763,-4.71139
250,40,-14.4525,-6.99084
252,40,-23.2605,-14.0661
254,40,-35.2479,-33.2677
256,40,-29.525,-22.2169
258,40,-38.2665,-27.8414
260,40,-26.8424,-13.3216
262,40,-26.5717,-11.3454
264,40,-37.7138,-20.6594
266,40,-33.0809,-11.2592
268,40,-31.5367,-3.90345
270,40,-57.7864,-2.0695
272,40,-31.283,-3.99037
274,40,-32.211,-11.631
276,40,-39.1778,-19.4003
278,40,-26.9267,-10.9267
280,40,-26.7471,-12.9686
282,40,-38.2397,-27.2723
284,40,-30.3697,-22.0805
286,40,-35.2358,-32.8468
288,40,-23.6112,-14.1135
290,40,-14.5618,-6.971
292,40,-11.167,-4.69431
294,40,-11.2516,-5.66389
296,40,-15.5359,-10.6823
298,40,-42.7168,-46.716
300,40,-16.3468,-13.0389
302,40,-12.7913,-9.98721
304,40,-13.4699,-11.0856
306,40,-17.71,-15.4381
308,40,-27.9275,-24.2115
310,40,-40.9367,-40.4037
312,40,-31.6759,-31.4852
314,40,-20.5534,-20.924
316,40,-14.5576,-15.585
318,40,-11.4547,-13.0659
320,40,-10.2542,-12.4708
322,40,-10.7036,-13.5394
324,40,-13.1304,-16.5294
326,40,-19.5538,-23.0891
328,40,-28.5832,-31.9748
330,40,-14.8863,-20.6471
332,40,-10.2951,-16.6081
334,40,-8.03163,-14.8786
336,40,-7.02103,-14.3763
338,40,-6.84399,-14.675
340,40,-7.25201,-15.5427
342,40,-8.05476,-16.8366
344,40,-9.09266,-18.4626
346,40,-10.2366,-20.3403
348,40,-11.3908,-22.3696
350,40,-12.4891,-24.4157
352,40,-13.4862,-26.3367
354,40,-14.3502,-28.0558
356,40,-15.0554,-29.6141
358,40,-15.5699,-31.1499
360,40,-15.8418,-32.8315
0,42,-45.5462,-46.443
2,42,-44.0627,-44.7834
4,42,-40.2073,-43.458
6,42,-36.1014,-42.6756
8,42,-31.9302,-42.0349
10,42,-27.828,-40.696
12,42,-24.0434,-38.1664
14,42,-20.6241,-35.0383
16,42,-17.4434,-32.0833
18,42,-14.438,-29.3695
20,42,-11.7548,-26.3777
22,42,-9.63505,-23.05
24,42,-8.25232,-20.0954
26,42,-7.67294,-18.0695
28,42,-7.91356,-17.1504
30,42,-9.09701,-17.389
32,42,-11.773,-19.087
34,42,-18.0062,-23.8269
36,42,-31.1376,-42.2293
38,42,-15.7752,-21.4954
40,42,-12.0209,-16.3961
42,42,-11.1161,-14.5908
44,42,-12.0668,-14.9126
46,42,-15.0595,-17.4318
48,42,-21.176,-23.2462
50,42,-32.6229,-35.8272
52,42,-35.2474,-38.2364
54,42,-22.8348,-25.3788
56,42,-16.5486,-17.9721
58,42,-13.977,-14.2808
60,42,-14.6403,-13.7263
62,42,-20.9615,-19.0451
64,42,-24.3491,-20.1609
66,42,-14.2491,-9.26154
68,42,-12.1695,-6.11899
70,42,-14.0288,-6.809
72,42,-20.6419,-11.7995
74,42,-38.8847,-30.3453
76,42,-27.4674,-22.2348
78,42,-29.6855,-35.9163
80,42,-28.1977,-16.0719
82,42,-28.2682,-12.4168
84,42,-39.9213,-18.8464
86,42,-30.3928,-14.0143
88,42,-29.3549,-5.54944
90,42,-45.1792,-3.49785
92,42,-31.4785,-5.51654
94,42,-31.275,-13.9287
96,42,-43.5573,-18.8864
98,42,-28.7752,-12.3212
100,42,-28.1676,-15.8477
102,42,-29.5038,-36.1297
104,42,-27.5258,-22.1444
106,42,-38.5848,-31.611
108,42,-20.7544,-11.9866
110,42,-14.082,-6.87683
112,42,-12.1928,-6.10424
114,42,-14.2374,-9.12663
116,42,-24.1613,-19.5728
118,42,-21.2318,-19.3418
120,42,-14.7393,-13.6188
122,42,-13.9859,-13.9878
124,42,-16.4682,-17.615
126,42,-22.6679,-25.0172
128,42,-35.0354,-35.643
130,42,-33.5499,-35.7535
132,42,-21.5124,-23.3953
134,42,-15.2048,-17.5537
136,42,-12.1032,-15.0316
138,42,-11.053,-14.6963
140,42,-11.8443,-16.4859
142,42,-15.3988,-21.5638
144,42,-29.1718,-40.7107
146,42,-18.4927,-23.794
148,42,-11.8927,-18.9913
150,42,-9.06071,-17.2185
152,42,-7.77458,-16.9539
154,42,-7.4796,-17.8988
156,42,-8.05102,-19.9485
158,42,-9.46049,-22.8263
160,42,-11.6284,-25.8947
162,42,-14.3682,-28.5714
164,42,-17.4266,-31.0754
166,42,-20.6622,-33.8713
168,42,-24.1732,-36.9821
170,42,-28.1264,-40.174
172,42,-32.477,-43.5625
174,42,-36.9836,-48.3319
176,42,-41.8176,-58.711
178,42,-47.7121,-51.7218
180,42,-51.2774,-45.3653
182,42,-49.2148,-42.3582
184,42,-47.0754,-40.9027
186,42,-42.7449,-40.3756
188,42,-36.7156,-40.177
190,42,-30.9164,-38.8714
192,42,-25.7795,-35.2847
194,42,-21.321,-30.7799
196,42,-17.4958,-26.5573
198,42,-14.2591,-22.8846
200,42,-11.591,-19.7719
202,42,-9.50708,-17.216
204,42,-8.05858,-15.2492
206,42,-7.331,-13.9443
208,42,-7.4556,-13.4211
210,42,-8.66435,-13.8868
212,42,-11.4978,-15.7965
214,42,-17.9087,-20.6031
216,42,-28.7937,-41.1519
218,42,-14.77,-19.8812
220,42,-10.5812,-14.4298
222,42,-9.21811,-12.3752
224,42,-9.88337,-12.5463
226,42,-12.7502,-15.0124
228,42,-18.924,-20.7734
230,42,-32.5786,-33.4951
232,42,-42.0241,-39.8855
234,42,-26.5103,-22.2724
236,42,-16.9808,-14.2227
238,42,-13.5224,-10.6956
240,42,-14.0244,-10.8358
242,42,-20.6091,-17.2115
244,42,-23.5681,-18.2587
246,42,-13.6831,-8.25391
248,42,-11.5839,-5.52921
250,42,-13.2684,-6.41824
252,42,-19.4078,-11.4239
254,42,-46.2224,-28.7317
256,42,-28.6458,-22.6516
258,42,-34.5793,-41.5549
260,42,-32.1542,-15.4472
262,42,-28.9101,-11.962
264,42,-37.6793,-18.7001
266,42,-35.3593,-13.2452
268,42,-32.9189,-4.93132
270,42,-56.7821,-2.93526
272,42,-33.2114,-5.02962
274,42,-34.7606,-13.7274
276,42,-38.741,-17.6202
278,42,-29.2552,-11.4683
280,42,-31.985,-14.9337
282,42,-36.6938,-42.0197
284,42,-29.2461,-22.5809
286,42,-48.2841,-29.3694
288,42,-19.6288,-11.4202
290,42,-13.3045,-6.37813
292,42,-11.5034,-5.50185
294,42,-13.5321,-8.28084
296,42,-23.3364,-18.5516
298,42,-20.4971,-16.9176
300,42,-13.9501,-10.7498
302,42,-13.5082,-10.7145
304,42,-17.0398,-14.3895
306,42,-26.6335,-22.7687
308,42,-41.7293,-41.0128
310,42,-30.7354,-31.9216
312,42,-18.5114,-20.2055
314,42,-12.6362,-14.7401
316,42,-9.9125,-12.4314
318,42,-9.34394,-12.3519
320,42,-10.8031,-14.4545
322,42,-15.1934,-19.9314
324,42,-31.0136,-37.8504
326,42,-17.3949,-20.3992
328,42,-11.3206,-15.6684
330,42,-8.60886,-13.8146
332,42,-7.46237,-13.4331
334,42,-7.37314,-14.0662
336,42,-8.12914,-15.4821
338,42,-9.61351,-17.5262
340,42,-11.7469,-20.1008
342,42,-14.4752,-23.1834
344,42,-17.774,-26.8296
346,42,-21.6516,-31.1184
348,42,-26.1211,-35.9639
350,42,-31.0733,-40.596
352,42,-35.9079,-43.6004
354,42,-39.4467,-45.2911
356,42,-41.6926,-46.7198
358,42,-43.8248,-47.3835
360,42,-45.5462,-46.443
0,44,-31.9231,-44.6709
2,44,-31.6532,-48.9651
4,44,-32.4949,-50.7018
6,44,-35.3736,-44.9015
8,44,-42.972,-41.415
10,44,-46.3871,-39.7252
12,44,-38.4243,-38.8731
14,44,-37.478,-38.0966
16,44,-44.3831,-36.6834
18,44,-34.5548,-34.6941
20,44,-24.1435,-32.8557
22,44,-17.9464,-30.2461
24,44,-13.8119,-25.9136
26,44,-11.0504,-21.7704
28,44,-9.27104,-18.8105
30,44,-8.31711,-16.9606
32,44,-8.36511,-16.1022
34,44,-9.94139,-16.559
36,44,-14.196,-19.451
38,44,-27.3891,-30.0292
40,44,-19.9628,-24.6612
42,44,-13.7254,-17.3504
44,44,-11.7401,-14.8801
46,44,-12.2657,-14.9308
48,44,-15.5392,-17.6058
50,44,-22.6099,-24.2268
52,44,-34.3581,-36.303
54,44,-30.9982,-33.8375
56,44,-20.9058,-25.539
58,44,-15.6667,-17.1169
60,44,-14.0022,-13.2482
62,44,-16.4489,-14.1113
64,44,-31.5931,-31.1241
66,44,-17.654,-12.6373
68,44,-13.1377,-7.05488
70,44,-13.581,-6.40288
72,44,-18.4488,-9.80024
74,44,-34.8524,-20.8699
76,44,-27.4791,-24.3306
78,44,-28.0251,-28.5136
80,44,-31.4928,-18.6527
82,44,-31.4577,-13.1186
84,44,-50.4422,-17.8416
86,44,-31.1267,-15.6726
88,44,-30.0685,-6.23795
90,44,-46.5582,-4.04671
92,44,-31.8754,-6.24456
94,44,-31.7832,-15.7367
96,44,-55.7634,-17.7213
98,44,-31.9927,-12.983
100,44,-31.5935,-18.3417
102,44,-27.8857,-28.8847
104,44,-27.35,-24.2041
106,44,-34.8751,-21.2007
108,44,-18.5007,-9.89179
110,44,-13.5966,-6.41088
112,44,-13.1185,-6.98481
114,44,-17.5499,-12.4015
116,44,-33.0593,-33.3505
118,44,-16.636,-14.2125
120,44,-14.054,-13.1222
122,44,-15.5952,-16.738
124,44,-20.68,-24.7401
126,44,-30.5426,-32.0338
128,44,-34.4646,-34.4146
130,44,-22.7511,-24.1753
132,44,-15.5905,-17.5895
134,44,-12.2684,-14.973
136,44,-11.6917,-14.9791
138,44,-13.5907,-17.5249
140,44,-19.5942,-25.0947
142,44,-28.4625,-29.4185
144,44,-14.3343,-19.3052
146,44,-9.94708,-16.441
148,44,-8.28533,-15.9125
150,44,-8.15405,-16.6657
152,44,-9.03259,-18.4482
154,44,-10.7663,-21.3791
156,44,-13.5198,-25.4423
158,44,-17.6823,-29.671
160,44,-23.9844,-32.5278
162,44,-34.7323,-34.6452
164,44,-38.3066,-36.6699
166,44,-33.5876,-38.2803
168,44,-33.5458,-39.5868
170,44,-36.6021,-40.9706
172,44,-42.5092,-43.3548
174,44,-39.6345,-48.8397
176,44,-35.8466,-51.6755
178,44,-34.6877,-43.8491
180,44,-34.9306,-40.1459
182,44,-35.8812,-38.4283
184,44,-37.85,-37.6476
186,44,-42.8869,-37.1399
188,44,-47.8041,-36.4693
190,44,-37.8126,-35.5709
192,44,-33.81,-34.7826
194,44,-33.3879,-34.7063
196,44,-38.4033,-36.422
198,44,-34.6598,-44.6268
200,44,-24.0164,-37.7608
202,44,-17.8745,-27.4112
204,44,-13.6622,-21.5189
206,44,-10.726,-17.502
208,44,-8.85056,-14.7801
210,44,-7.98731,-13.1794
212,44,-8.22157,-12.7122
214,44,-9.89216,-13.6168
216,44,-14.1649,-16.7246
218,44,-30.0338,-26.4832
220,44,-16.3818,-23.053
222,44,-10.4957,-15.0075
224,44,-8.59918,-12.3345
226,44,-9.15867,-12.3828
228,44,-12.2502,-15.0551
230,44,-19.1159,-21.5444
232,44,-35.2548,-36.7519
234,44,-44.0944,-35.4013
236,44,-23.0075,-20.02
238,44,-15.8825,-13.3073
240,44,-13.8835,-11.039
242,44,-16.3595,-13.1693
244,44,-33.7046,-32.7922
246,44,-17.5637,-12.5219
248,44,-12.742,-7.25372
250,44,-12.8351,-6.68563
252,44,-17.0693,-10.0959
254,44,-30.0444,-21.1845
256,44,-29.893,-24.682
258,44,-30.299,-30.3542
260,44,-44.3028,-18.2205
262,44,-32.1008,-12.9311
264,44,-38.262,-17.7333
266,44,-37.1611,-15.5002
268,44,-33.9049,-6.06469
270,44,-54.5013,-3.89485
272,44,-34.8097,-6.17595
274,44,-37.1517,-16.1241
276,44,-38.5645,-16.7701
278,44,-32.0092,-12.3968
280,44,-43.1168,-17.564
282,44,-31.4526,-31.5144
284,44,-30.3849,-24.6602
286,44,-30.4076,-21.2717
288,44,-17.2054,-10.0606
290,44,-12.8157,-6.64186
292,44,-12.6009,-7.24357
294,44,-17.3091,-12.6342
296,44,-34.1357,-30.9159
298,44,-16.317,-12.9732
300,44,-13.8865,-10.983
302,44,-15.9845,-13.3985
304,44,-23.2655,-20.4348
306,44,-43.106,-37.4644
308,44,-33.2853,-35.6504
310,44,-18.7841,-20.9536
312,44,-12.1639,-14.7218
314,44,-9.19525,-12.2221
316,44,-8.73309,-12.3002
318,44,-10.7384,-15.0667
320,44,-16.8881,-23.2392
322,44,-28.5707,-26.3554
324,44,-13.9355,-16.6888
326,44,-9.82634,-13.5814
328,44,-8.24839,-12.6813
330,44,-8.08096,-13.1777
332,44,-8.98692,-14.8348
334,44,-10.8901,-17.6212
336,44,-13.8655,-21.6554
338,44,-18.1788,-27.3757
340,44,-24.6194,-36.5459
342,44,-37.0676,-44.4625
344,44,-38.5065,-36.9921
346,44,-33.6018,-35.0668
348,44,-34.7086,-35.2009
350,44,-40.6515,-36.4177
352,44,-53.5504,-38.1343
354,44,-38.5805,-39.8135
356,44,-34.6046,-41.1633
358,44,-32.8432,-42.485
360,44,-31.9231,-44.6709
0,46,-16.0091,-38.9972
2,46,-16.2373,-39.5615
4,46,-16.5288,-41.4339
6,46,-17.1097,-42.8821
8,46,-18.2529,-40.5771
10,46,-20.1897,-37.8561
12,46,-23.148,-36.0113
14,46,-27.7206,-34.6979
16,46,-37.0806,-34.144
18,46,-40.419,-34.5862
20,46,-33.7868,-34.9169
22,46,-41.2136,-34.2814
24,46,-29.8967,-33.4605
26,46,-20.1162,-29.5838
28,46,-14.642,-24.275
30,46,-11.0239,-20.0829
32,46,-8.86716,-17.0037
34,46,-8.28857,-15.1608
36,46,-9.56726,-15.0404
38,46,-13.3098,-17.4715
40,46,-22.8092,-25.5742
42,46,-22.6166,-27.2948
44,46,-14.1687,-17.7719
46,46,-11.9448,-14.8536
48,46,-13.1347,-15.133
50,46,-17.7069,-18.717
52,46,-26.5141,-27.5713
54,46,-36.1281,-33.3212
56,46,-27.3295,-37.5501
58,46,-18.8557,-21.8389
60,46,-14.8995,-14.0906
62,46,-15.0577,-12.2909
64,46,-21.7076,-17.5026
66,46,-23.2092,-19.4332
68,46,-14.8198,-9.15587
70,46,-13.6754,-6.90403
72,46,-17.0402,-8.85581
74,46,-28.9113,-16.7422
76,46,-28.7004,-28.7754
78,46,-27.4639,-25.4673
80,46,-37.3237,-21.1785
82,46,-34.7816,-13.4898
84,46,-40.6063,-16.7936
86,46,-32.17,-17.0137
88,46,-31.0661,-6.48744
90,46,-49.7571,-4.15123
92,46,-32.3352,-6.52603
94,46,-32.5086,-17.2222
96,46,-40.8138,-16.5967
98,46,-35.0188,-13.3349
100,46,-38.2062,-20.7492
102,46,-27.2636,-25.9166
104,46,-28.366,-28.8339
106,46,-28.9459,-16.8696
108,46,-17.0497,-8.89936
110,46,-13.676,-6.88036
112,46,-14.7846,-9.05166
114,46,-23.0258,-19.0214
116,46,-22.1644,-17.7385
118,46,-15.1987,-12.2965
120,46,-14.8988,-13.9343
122,46,-18.6779,-21.2916
124,46,-26.8797,-35.1715
126,46,-35.7522,-32.3072
128,46,-26.5881,-27.5539
130,46,-17.7146,-18.6795
132,46,-13.1111,-15.1162
134,46,-11.8925,-14.8858
136,46,-14.056,-17.8834
138,46,-22.2845,-27.8417
140,46,-23.1281,-25.0611
142,46,-13.3168,-17.2685
144,46,-9.49551,-14.9049
146,46,-8.17001,-15.0028
148,46,-8.70457,-16.7245
150,46,-10.8085,-19.6329
152,46,-14.3695,-23.7528
154,46,-19.8043,-29.2984
156,46,-29.6262,-34.152
158,46,-40.0932,-35.5442
160,46,-32.4693,-35.6681
162,46,-36.426,-34.6192
164,46,-44.5838,-34.2508
166,46,-30.0018,-35.188
168,46,-24.3581,-36.5777
170,46,-20.8478,-37.9767
172,46,-18.6146,-40.5263
174,46,-17.3352,-45.0085
176,46,-16.714,-44.2668
178,46,-16.4244,-40.2459
180,46,-16.2007,-38.1965
182,46,-15.9885,-37.2769
184,46,-15.9436,-36.7028
186,46,-16.2832,-36.4081
188,46,-17.1957,-36.9126
190,46,-18.8641,-39.0238
192,46,-21.5639,-44.489
194,46,-25.9082,-46.1286
196,46,-33.9235,-37.5883
198,46,-45.0058,-33.3463
200,46,-36.9699,-31.8124
202,46,-41.1093,-33.4522
204,46,-27.9511,-37.0909
206,46,-19.3889,-27.006
208,46,-14.1274,-20.2539
210,46,-10.7276,-16.117
212,46,-8.72748,-13.6489
214,46,-8.02864,-12.5646
216,46,-8.85599,-12.954
218,46,-12.116,-15.4859
220,46,-23.0081,-23.3795
222,46,-17.6312,-24.6221
224,46,-10.5189,-15.3068
226,46,-8.52923,-12.5589
228,46,-9.40017,-12.8764
230,46,-13.2115,-16.2307
232,46,-21.5871,-24.4095
234,46,-42.4395,-44.5439
236,46,-32.7642,-29.8381
238,46,-19.961,-17.8485
240,46,-15.2744,-12.9313
242,46,-15.1809,-12.4357
244,46,-21.447,-18.4526
246,46,-24.403,-19.6774
248,46,-14.6402,-9.72102
250,46,-12.9982,-7.45298
252,46,-15.6702,-9.41311
254,46,-24.6088,-17.4019
256,46,-33.3813,-29.0604
258,46,-28.3441,-26.1089
260,46,-39.032,-21.7934
262,46,-35.2192,-14.0694
264,46,-37.9898,-17.2043
266,46,-38.0938,-17.7994
268,46,-34.2983,-7.03254
270,46,-53.6258,-4.67366
272,46,-35.4468,-7.15528
274,46,-38.6863,-18.6004
276,46,-37.6766,-16.3425
278,46,-33.6936,-13.5367
280,46,-39.2489,-21.044
282,46,-29.1652,-26.6013
284,46,-33.7917,-29.1418
286,46,-24.7827,-17.3631
288,46,-15.7342,-9.37039
290,46,-12.9343,-7.43363
292,46,-14.4416,-9.77311
294,46,-23.884,-20.1237
296,46,-21.5428,-17.9998
298,46,-15.1648,-12.27
300,46,-15.3283,-12.9063
302,46,-20.1729,-18.0728
304,46,-33.295,-31.1688
306,46,-39.9523,-48.4825
308,46,-21.3182,-23.8879
310,46,-13.1464,-15.8287
312,46,-9.43122,-12.6299
314,46,-8.64408,-12.4607
316,46,-10.7432,-15.3466
318,46,-18.1571,-24.9108
320,46,-22.4229,-23.4332
322,46,-12.045,-15.5695
324,46,-8.87971,-13.0329
326,46,-8.11523,-12.6229
328,46,-8.87518,-13.6844
330,46,-10.9212,-16.1278
332,46,-14.3262,-20.215
334,46,-19.5384,-26.8665
336,46,-28.0739,-39.9713
338,46,-49.8356,-36.4362
340,46,-38.8197,-33.308
342,46,-50.6013,-34.0176
344,46,-32.8296,-37.3118
346,46,-25.2391,-45.2971
348,46,-21.0531,-51.4873
350,46,-18.4593,-40.9654
352,46,-16.8775,-38.1276
354,46,-16.0328,-37.704
356,46,-15.7356,-38.3907
358,46,-15.7959,-38.9573
360,46,-16.0091,-38.9972
0,48,-12.24,-35.0738
2,48,-12.5002,-35.2908
4,48,-12.5939,-35.4667
6,48,-12.6355,-36.0714
8,48,-12.827,-36.3539
10,48,-13.3303,-35.935
12,48,-14.2033,-35.0546
14,48,-15.4693,-33.0762
16,48,-17.3631,-30.6676
18,48,-20.6463,-29.4997
20,48,-27.3129,-30.3851
22,48,-41.6238,-33.246
24,48,-31.518,-35.2757
26,48,-36.4128,-34.9803
28,48,-28.5007,-32.9333
30,48,-17.8928,-27.1494
32,48,-12.4793,-21.2342
34,48,-9.73443,-16.9115
36,48,-9.11957,-14.617
38,48,-10.3888,-14.5333
40,48,-13.6594,-17.0636
42,48,-22.1766,-24.8741
44,48,-22.4981,-27.0914
46,48,-14.2138,-17.2483
48,48,-13.0412,-14.8163
50,48,-15.5859,-16.1208
52,48,-21.2395,-21.4037
54,48,-30.3691,-35.2114
56,48,-34.3035,-32.5225
58,48,-23.7821,-30.1943
60,48,-17.1489,-16.3432
62,48,-15.3658,-12.2877
64,48,-18.8399,-14.0544
66,48,-32.907,-42.8249
68,48,-17.1613,-12.5164
70,48,-14.1271,-7.99524
72,48,-16.1219,-8.38105
74,48,-25.2039,-14.0868
76,48,-31.3865,-41.6145
78,48,-28.0458,-23.6313
80,48,-49.2833,-24.7216
82,48,-31.6004,-13.8615
84,48,-33.1476,-15.799
86,48,-33.3516,-18.5052
88,48,-31.9578,-6.61162
90,48,-53.6797,-4.10763
92,48,-32.7391,-6.66534
94,48,-33.5052,-18.8054
96,48,-33.5715,-15.6158
98,48,-31.1404,-13.7319
100,48,-47.8695,-24.1828
102,48,-27.7034,-24.1294
104,48,-30.7657,-43.3848
106,48,-25.2611,-14.1234
108,48,-16.1088,-8.40619
110,48,-14.1218,-7.96738
112,48,-17.1174,-12.4028
114,48,-33.2413,-44.5254
116,48,-19.1045,-14.0876
118,48,-15.4483,-12.2333
120,48,-17.0698,-16.1487
122,48,-23.4398,-29.2324
124,48,-33.7099,-32.8672
126,48,-30.6308,-35.2436
128,48,-21.3053,-21.4246
130,48,-15.5593,-16.0948
132,48,-12.988,-14.8057
134,48,-14.1057,-17.2552
136,48,-22.129,-27.1793
138,48,-22.492,-24.5411
140,48,-13.6562,-16.8479
142,48,-10.2794,-14.3688
144,48,-8.96261,-14.4885
146,48,-9.55971,-16.7617
148,48,-12.2998,-20.9632
150,48,-17.7254,-26.8934
152,48,-28.4535,-33.9219
154,48,-34.926,-36.6547
156,48,-30.3757,-36.4683
158,48,-40.9031,-33.4726
160,48,-29.0148,-30.2865
162,48,-21.5008,-29.4925
164,48,-17.9757,-30.846
166,48,-15.8935,-33.2826
168,48,-14.424,-34.8695
170,48,-13.3736,-35.7465
172,48,-12.7598,-37.4067
174,48,-12.5286,-39.1869
176,48,-12.4968,-39.0259
178,48,-12.4296,-37.7523
180,48,-12.1922,-36.1246
182,48,-11.8358,-33.7588
184,48,-11.5191,-31.177
186,48,-11.3858,-29.059
188,48,-11.5215,-27.5937
190,48,-11.9698,-26.7413
192,48,-12.7729,-26.4729
194,48,-14.0237,-26.9168
196,48,-15.93,-28.4927
198,48,-18.9134,-32.2773
200,48,-23.8502,-42.323
202,48,-32.1317,-37.4892
204,48,-34.0503,-32.5306
206,48,-39.9166,-33.5044
208,48,-27.7228,-32.0537
210,48,-17.758,-23.4688
212,48,-12.3848,-18.0935
214,48,-9.26168,-14.9167
216,48,-7.85298,-13.3634
218,48,-8.22538,-13.4395
220,48,-11.1609,-15.8251
222,48,-21.1333,-23.9229
224,48,-18.0136,-24.4166
226,48,-10.719,-15.5371
228,48,-9.13091,-13.1899
230,48,-10.7627,-14.1814
232,48,-15.9034,-18.8614
234,48,-27.1364,-30.5978
236,48,-48.4937,-46.0525
238,48,-26.3174,-24.8121
240,48,-17.9642,-16.176
242,48,-15.518,-13.2295
244,48,-18.1521,-15.3182
246,48,-52.7474,-49.2306
248,48,-17.4721,-12.8142
250,48,-13.7588,-8.40676
252,48,-15.0526,-8.94936
254,48,-21.6992,-14.7941
256,48,-41.966,-43.7212
258,48,-27.9097,-24.3471
260,48,-31.8772,-26.7132
262,48,-33.0774,-15.2142
264,48,-35.2738,-16.8196
266,48,-38.4702,-19.9253
268,48,-34.4862,-7.66229
270,48,-55.4669,-5.11419
272,48,-35.4009,-7.7925
274,48,-39.5802,-20.933
276,48,-35.1661,-16.0553
278,48,-31.5262,-14.7143
280,48,-31.9312,-25.9328
282,48,-28.5781,-24.6073
284,48,-41.6133,-44.4743
286,48,-21.751,-14.7201
288,48,-15.0546,-8.92442
290,48,-13.6657,-8.43413
292,48,-17.2141,-12.968
294,48,-52.1215,-45.8228
296,48,-18.2032,-15.0219
298,48,-15.4986,-13.0884
300,48,-18.0201,-16.1979
302,48,-26.6005,-25.4004
304,48,-48.8083,-50.1773
306,48,-27.0026,-30.6095
308,48,-15.8503,-18.4536
310,48,-10.777,-13.8438
312,48,-9.20254,-12.9835
314,48,-10.8742,-15.4888
316,48,-18.4071,-24.6244
318,48,-20.7521,-23.978
320,48,-11.1755,-15.9816
322,48,-8.32352,-13.6295
324,48,-8.00014,-13.5439
326,48,-9.45643,-15.0499
328,48,-12.6171,-18.1274
330,48,-17.9374,-23.3056
332,48,-27.301,-32.1928
334,48,-43.3413,-38.0595
336,48,-35.6361,-35.7624
338,48,-30.8013,-39.3216
340,48,-23.2236,-37.7487
342,48,-18.5241,-31.8409
344,48,-15.5814,-28.7475
346,48,-13.6823,-27.2286
348,48,-12.4583,-26.6298
350,48,-11.7131,-26.7011
352,48,-11.3441,-27.4151
354,48,-11.2915,-28.8441
356,48,-11.4944,-31.0071
358,48,-11.8572,-33.5016
360,48,-12.24,-35.0738
0,50,-15.034,-37.313
2,50,-15.2107,-36.0588
4,50,-14.9842,-34.6991
6,50,-14.4238,-33.9335
8,50,-13.7112,-33.4414
10,50,-13.0654,-33.2285
12,50,-12.631,-33.7404
14,50,-12.4489,-33.8499
16,50,-12.5944,-30.7121
18,50,-13.3726,-27.3638
20,50,-15.3588,-26.0002
22,50,-19.4776,-26.9964
24,50,-28.2803,-30.6295
26,50,-38.3584,-36.0647
28,50,-32.0369,-36.3628
30,50,-35.9759,-34.9675
32,50,-20.4042,-30.0157
34,50,-14.1142,-21.8625
36,50,-11.368,-16.8607
38,50,-10.6852,-14.6885
40,50,-11.2077,-14.8312
42,50,-13.6457,-17.3795
44,50,-22.9845,-26.0919
46,50,-21.4119,-24.3293
48,50,-15.225,-16.6066
50,50,-15.2526,-15.5256
52,50,-17.6722,-18.1193
54,50,-22.7862,-25.8098
56,50,-32.8786,-38.4576
58,50,-30.2648,-40.9781
60,50,-20.639,-20.1974
62,50,-16.8372,-13.6917
64,50,-18.1351,-13.2007
66,50,-29.8556,-20.9086
68,50,-20.4968,-17.3792
70,50,-14.9673,-9.23329
72,50,-15.6628,-7.91087
74,50,-22.8203,-11.8643
76,50,-35.5411,-30.9961
78,50,-29.6144,-22.4205
80,50,-43.421,-33.07
82,50,-28.2241,-14.8445
84,50,-29.4978,-15.3054
86,50,-34.5685,-20.6675
88,50,-32.7807,-7.0188
90,50,-54.3822,-4.32391
92,50,-33.3081,-7.07958
94,50,-34.8355,-21.0217
96,50,-29.853,-15.1912
98,50,-27.7954,-14.7982
100,50,-41.0745,-32.4024
102,50,-29.0535,-22.7992
104,50,-34.9876,-30.2801
106,50,-22.9204,-11.8561
108,50,-15.6289,-7.92181
110,50,-14.9312,-9.20094
112,50,-20.3712,-17.2174
114,50,-30.5809,-21.0352
116,50,-18.2786,-13.172
118,50,-16.8344,-13.5994
120,50,-20.4413,-19.9461
122,50,-29.67,-47.7412
124,50,-32.9861,-39.6452
126,50,-23.0415,-25.7501
128,50,-17.7334,-18.0847
130,50,-15.2234,-15.5057
132,50,-15.1428,-16.6058
134,50,-21.0874,-24.276
136,50,-23.4711,-26.0088
138,50,-13.7328,-17.2252
140,50,-11.147,-14.6334
142,50,-10.517,-14.527
144,50,-11.1607,-16.7865
146,50,-13.9251,-21.8949
148,50,-20.3011,-30.3664
150,50,-35.6983,-36.3392
152,50,-30.6927,-37.3233
154,50,-35.7064,-37.35
156,50,-29.7934,-31.0756
158,50,-20.0639,-27.113
160,50,-15.7615,-26.0845
162,50,-13.6915,-27.4841
164,50,-12.8234,-30.8374
166,50,-12.5448,-34.0445
168,50,-12.5701,-34.3755
170,50,-12.8754,-34.4544
172,50,-13.4555,-35.4763
174,50,-14.1696,-36.8419
176,50,-14.7719,-38.2203
178,50,-15.0456,-39.9499
180,50,-14.9132,-40.5771
182,50,-14.4374,-37.2158
184,50,-13.7554,-33.0841
186,50,-13.0114,-29.8022
188,50,-12.3136,-27.2097
190,50,-11.7286,-25.0488
192,50,-11.3144,-23.237
194,50,-11.1669,-21.874
196,50,-11.4477,-21.1679
198,50,-12.3956,-21.3929
200,50,-14.3654,-22.9443
202,50,-17.9657,-26.5851
204,50,-24.2398,-34.3857
206,50,-28.8778,-38.2811
208,50,-28.021,-34.5118
210,50,-37.4265,-36.7738
212,50,-21.1169,-27.9773
214,50,-13.6074,-21.0601
216,50,-9.64799,-17.0119
218,50,-7.87869,-14.8826
220,50,-8.18221,-14.6469
222,50,-11.3281,-17.078
224,50,-22.4693,-26.6001
226,50,-17.5301,-23.2386
228,50,-11.3075,-15.7237
230,50,-10.6634,-14.1342
232,50,-13.6387,-16.2268
234,50,-21.2191,-23.0867
236,50,-38.9174,-43.4838
238,50,-37.2324,-36.1095
240,50,-21.717,-20.7668
242,50,-16.6284,-14.8739
244,50,-16.8038,-14.204
246,50,-25.5926,-22.3754
248,50,-21.6579,-16.8327
250,50,-15.0476,-9.4359
252,50,-15.0741,-8.56789
254,50,-20.2118,-12.7867
256,50,-40.2635,-31.0593
258,50,-29.0787,-23.8445
260,50,-29.2131,-34.7614
262,50,-28.8632,-16.1844
264,50,-31.6751,-16.4379
266,50,-38.7304,-21.8417
268,50,-34.7364,-8.01842
270,50,-60.328,-5.30562
272,50,-35.1851,-8.15213
274,50,-40.4922,-23.0503
276,50,-31.814,-15.7857
278,50,-28.0203,-15.7395
280,50,-29.0739,-33.8471
282,50,-29.7132,-24.0138
284,50,-38.7078,-30.457
286,50,-20.1749,-12.7109
288,50,-15.0337,-8.56609
290,50,-14.9501,-9.50506
292,50,-21.3268,-17.1156
294,50,-26.0421,-21.8012
296,50,-16.8167,-13.9885
298,50,-16.5514,-14.7525
300,50,-21.6763,-20.8966
302,50,-37.4413,-38.7624
304,50,-40.5042,-47.8087
306,50,-21.1798,-22.8469
308,50,-13.619,-15.8504
310,50,-10.679,-13.8126
312,50,-11.3648,-15.5305
314,50,-17.6944,-23.248
316,50,-22.1027,-26.578
318,50,-11.3582,-17.2466
320,50,-8.30786,-14.9091
322,50,-8.06478,-15.1758
324,50,-9.88083,-17.2614
326,50,-13.8728,-21.1373
328,50,-21.3184,-27.5725
330,50,-47.5288,-37.9811
332,50,-30.5086,-38.8924
334,50,-29.7086,-40.5096
336,50,-23.3694,-32.2347
338,50,-17.5968,-26.0682
340,50,-14.1612,-22.891
342,50,-12.1975,-21.4581
344,50,-11.2048,-21.2026
346,50,-10.8806,-21.7971
348,50,-11.0144,-22.9989
350,50,-11.4562,-24.6283
352,50,-12.1073,-26.6286
354,50,-12.896,-29.1109
356,50,-13.7361,-32.2571
358,50,-14.5,-35.7605
360,50,-15.034,-37.313
0,52,-30.6533,-40.0119
2,52,-32.3613,-39.8777
4,52,-36.6883,-39.4644
6,52,-35.7611,-38.0148
8,52,-27.3067,-35.9943
10,52,-21.5031,-34.2494
12,52,-17.6296,-33.734
14,52,-15.0219,-35.0208
16,52,-13.2524,-34.075
18,52,-12.1956,-28.6855
20,52,-12.0695,-25.0874
22,52,-13.2688,-23.8706
24,52,-16.2847,-24.8137
26,52,-22.147,-27.8202
28,52,-36.8362,-33.2282
30,52,-35.6499,-36.6667
32,52,-44.7714,-35.8971
34,52,-22.9757,-32.5235
36,52,-16.5002,-22.0212
38,52,-13.3871,-17.0713
40,52,-11.3316,-15.0967
42,52,-10.8528,-15.0613
44,52,-13.9207,-17.7688
46,52,-27.1576,-31.0804
48,52,-20.9844,-21.5012
50,52,-16.3358,-16.6935
52,52,-15.3741,-16.7439
54,52,-17.7122,-20.2835
56,52,-25.7441,-32.6986
58,52,-35.2932,-38.0789
60,52,-25.2428,-25.7451
62,52,-19.1361,-16.1744
64,52,-18.4119,-13.5486
66,52,-24.0075,-16.7228
68,52,-26.2117,-25.5596
70,52,-16.4133,-10.416
72,52,-15.7408,-7.42735
74,52,-21.3072,-10.0009
76,52,-36.073,-22.5705
78,52,-31.8703,-22.2477
80,52,-39.8681,-35.1317
82,52,-26.8219,-16.8611
84,52,-27.7112,-15.5478
86,52,-35.6421,-23.764
88,52,-34.1005,-7.87415
90,52,-54.5889,-4.97372
92,52,-34.5284,-7.94168
94,52,-36.2794,-24.1243
96,52,-28.0097,-15.5458
98,52,-26.5668,-16.9956
100,52,-39.6959,-34.7441
102,52,-30.9996,-22.452
104,52,-38.9405,-22.2919
106,52,-21.448,-9.95562
108,52,-15.6751,-7.39859
110,52,-16.2948,-10.3224
112,52,-25.7342,-24.81
114,52,-24.345,-16.8679
116,52,-18.4477,-13.533
118,52,-19.0151,-16.0609
120,52,-24.8688,-25.4491
122,52,-34.4572,-43.0522
124,52,-25.9565,-31.998
126,52,-17.8386,-20.2093
128,52,-15.3868,-16.7023
130,52,-16.2858,-16.7114
132,52,-20.7977,-21.5834
134,52,-27.9063,-30.8072
136,52,-14.0701,-17.6931
138,52,-10.8736,-14.8869
140,52,-11.2399,-14.8668
142,52,-13.1812,-16.9345
144,52,-16.2601,-22.1824
146,52,-22.8426,-33.5682
148,52,-45.1871,-35.4678
150,52,-34.1267,-37.3123
152,52,-39.1866,-35.0379
154,52,-22.5771,-28.6584
156,52,-16.5527,-25.217
158,52,-13.4956,-24.1533
160,52,-12.2694,-25.385
162,52,-12.3455,-29.0295
164,52,-13.2973,-34.7829
166,52,-14.8946,-37.016
168,52,-17.2792,-36.0486
170,52,-20.8904,-36.7908
172,52,-26.4142,-38.6826
174,52,-35.5929,-40.2063
176,52,-40.2117,-40.1567
178,52,-33.2748,-39.2232
180,52,-30.8892,-38.8535
182,52,-31.8418,-39.907
184,52,-40.1707,-43.3877
186,52,-34.4085,-57.0092
188,52,-24.7617,-41.4625
190,52,-19.7033,-32.6905
192,52,-16.3282,-27.1603
194,52,-13.9626,-23.2874
196,52,-12.4283,-20.6536
198,52,-11.7404,-19.1308
200,52,-12.0291,-18.7363
202,52,-13.5773,-19.6103
204,52,-17.0201,-22.053
206,52,-24.1178,-26.6217
208,52,-30.626,-33.548
210,52,-25.9289,-36.5561
212,52,-30.9472,-39.227
214,52,-23.1946,-34.429
216,52,-14.406,-24.7757
218,52,-10.0777,-19.2437
220,52,-8.29209,-16.31
222,52,-8.85708,-15.7918
224,52,-12.6971,-18.5199
226,52,-28.0168,-31.9631
228,52,-16.8884,-21.1984
230,52,-12.5356,-15.467
232,52,-13.3776,-14.978
234,52,-18.5974,-18.5742
236,52,-32.1966,-28.7532
238,52,-49.9314,-47.5555
240,52,-26.3465,-27.4111
242,52,-18.0004,-17.1931
244,52,-16.0928,-13.922
246,52,-20.4793,-17.2829
248,52,-28.9176,-23.57
250,52,-16.6477,-10.7068
252,52,-15.3927,-8.35854
254,52,-19.5424,-11.2734
256,52,-33.6034,-23.9458
258,52,-32.1947,-24.2557
260,52,-28.8781,-58.1082
262,52,-26.1682,-16.7763
264,52,-28.8547,-15.9796
266,52,-39.0275,-23.7274
268,52,-34.8663,-8.26349
270,52,-56.8096,-5.41796
272,52,-34.9218,-8.39661
274,52,-41.4281,-25.0795
276,52,-28.9679,-15.4762
278,52,-25.5846,-16.4318
280,52,-28.554,-42.5614
282,52,-32.9386,-24.3831
284,52,-32.961,-23.549
286,52,-19.4507,-11.1938
288,52,-15.3346,-8.36862
290,52,-16.5752,-10.8082
292,52,-28.4539,-24.2518
294,52,-20.6372,-16.9946
296,52,-16.0378,-13.7434
298,52,-17.8138,-17.0992
300,52,-26.1091,-27.9761
302,52,-46.4609,-44.31
304,52,-32.2748,-28.9139
306,52,-18.4845,-18.2622
308,52,-13.308,-14.6092
310,52,-12.4942,-15.156
312,52,-16.8599,-21.0242
314,52,-27.5505,-31.8764
316,52,-12.6936,-18.65
318,52,-8.93978,-16.0749
320,52,-8.45306,-16.6802
322,52,-10.299,-19.5858
324,52,-14.6497,-24.8172
326,52,-23.3464,-33.1372
328,52,-35.6753,-40.3371
330,52,-28.92,-37.8246
332,52,-33.4301,-32.3376
334,52,-22.9801,-26.0308
336,52,-16.7024,-21.9214
338,52,-13.484,-19.6376
340,52,-11.9573,-18.7575
342,52,-11.6129,-19.0528
344,52,-12.2206,-20.4258
346,52,-13.6703,-22.8677
348,52,-15.9451,-26.4492
350,52,-19.1993,-31.384
352,52,-24.0294,-38.4381
354,52,-32.8316,-51.9482
356,52,-42.0184,-46.1889
358,52,-32.061,-41.3891
360,52,-30.6533,-40.0119
0,54,-11.4212,-29.9509
2,54,-11.9355,-32.3579
4,54,-12.6398,-35.565
6,54,-13.4785,-39.6062
8,54,-14.8168,-47.4052
10,54,-17.4728,-48.9756
12,54,-23.2743,-39.3586
14,54,-47.0522,-37.7593
16,54,-22.2582,-42.0796
18,54,-16.6111,-35.0149
20,54,-13.59,-27.6182
22,54,-12.3307,-24.0307
24,54,-12.7637,-22.7233
26,54,-14.9593,-23.0252
28,54,-19.4431,-24.9662
30,54,-28.8541,-30.0332
32,54,-44.6739,-35.9336
34,54,-43.3133,-36.4824
36,54,-26.3965,-33.3352
38,54,-18.8697,-21.8915
40,54,-13.3964,-17.1606
42,54,-10.4466,-14.8643
44,54,-10.994,-14.8895
46,54,-16.3028,-19.4088
48,54,-44.6554,-39.8408
50,54,-19.1137,-19.7973
52,54,-14.3662,-16.7916
54,54,-14.7408,-17.4252
56,54,-20.8179,-23.4336
58,54,-34.5061,-45.9463
60,54,-30.9241,-32.4261
62,54,-22.1307,-19.2946
64,54,-19.2872,-14.2615
66,54,-21.1052,-14.5118
68,54,-41.8762,-32.8825
70,54,-18.7461,-11.8636
72,54,-16.3826,-7.24214
74,54,-20.3046,-8.72107
76,54,-31.1796,-18.1624
78,54,-34.3054,-23.4546
80,54,-40.3739,-25.9484
82,54,-27.2239,-20.0581
84,54,-27.2655,-16.4251
86,54,-36.2336,-27.7064
88,54,-36.7837,-9.05589
90,54,-58.9088,-5.95244
92,54,-37.0941,-9.12845
94,54,-37.1398,-27.8692
96,54,-27.5875,-16.5832
98,54,-27.2338,-20.5307
100,54,-41.2326,-25.3034
102,54,-33.1051,-23.5055
104,54,-33.6103,-17.9696
106,54,-20.4754,-8.62942
108,54,-16.277,-7.14681
110,54,-18.4834,-11.6363
112,54,-40.6239,-34.3725
114,54,-21.3362,-14.7244
116,54,-19.2074,-14.2967
118,54,-21.8618,-19.1869
120,54,-30.235,-32.6557
122,54,-33.7642,-44.6539
124,54,-20.8875,-23.3323
126,54,-14.7439,-17.4218
128,54,-14.2854,-16.7901
130,54,-18.9415,-19.9268
132,54,-50.941,-39.0642
134,54,-16.4787,-19.2461
136,54,-11.0304,-14.7699
138,54,-10.4026,-14.6523
140,54,-13.2869,-16.9117
142,54,-18.6639,-21.9171
144,54,-26.1227,-35.038
146,54,-42.2522,-34.2943
148,54,-41.8334,-35.1827
150,54,-29.3672,-30.5559
152,54,-19.5873,-25.4657
154,54,-15.0783,-23.5401
156,54,-12.9049,-23.2438
158,54,-12.4866,-24.6395
160,54,-13.7292,-28.4596
162,54,-16.6583,-36.6427
164,54,-22.0008,-47.5498
166,54,-40.7953,-40.6687
168,54,-23.8808,-44.0409
170,54,-17.7018,-54.2341
172,54,-14.9069,-40.9894
174,54,-13.5044,-36.586
176,54,-12.635,-33.6995
178,54,-11.905,-31.2646
180,54,-11.3572,-29.4073
182,54,-11.1988,-28.0393
184,54,-11.574,-26.9324
186,54,-12.5593,-26.1888
188,54,-14.2677,-26.3012
190,54,-17.0568,-28.0822
192,54,-22.1997,-33.8117
194,54,-35.7606,-40.2237
196,54,-22.7482,-27.2675
198,54,-17.0417,-22.2059
200,54,-14.4636,-19.5973
202,54,-13.7172,-18.5482
204,54,-14.6595,-18.8092
206,54,-17.7669,-20.3163
208,54,-24.9708,-23.124
210,54,-35.6504,-27.6015
212,54,-27.3807,-34.646
214,54,-31.9118,-40.2245
216,54,-23.8688,-38.1694
218,54,-14.9336,-26.6523
220,54,-10.6446,-19.9213
222,54,-9.11504,-16.6697
224,54,-10.2229,-16.3652
226,54,-15.3423,-20.2469
228,54,-38.1194,-39.6583
230,54,-16.3358,-18.2263
232,54,-14.0782,-14.6623
234,54,-16.7543,-15.6905
236,54,-25.2036,-21.5117
238,54,-40.9464,-40.1711
240,54,-32.2346,-38.6498
242,54,-19.791,-20.4691
244,54,-15.853,-14.3065
246,54,-17.7061,-14.8049
248,54,-37.3454,-37.3756
250,54,-18.4614,-12.5185
252,54,-15.6071,-8.4479
254,54,-18.9756,-10.2097
256,54,-30.9654,-20.1366
258,54,-37.2866,-25.472
260,54,-30.5924,-38.4613
262,54,-24.9889,-16.9675
264,54,-27.1414,-15.4241
266,54,-39.3382,-25.8764
268,54,-34.6669,-8.48056
270,54,-52.1093,-5.51977
272,54,-34.5755,-8.60845
274,54,-41.7767,-27.2982
276,54,-27.1231,-15.1056
278,54,-24.4851,-16.809
280,54,-30.0836,-35.7056
282,54,-38.0745,-25.5602
284,54,-30.593,-19.7684
286,54,-18.865,-10.1142
288,54,-15.5526,-8.46628
290,54,-18.4436,-12.68
292,54,-38.0613,-37.0852
294,54,-17.7199,-14.5909
296,54,-15.726,-14.1549
298,54,-19.5154,-20.4629
300,54,-31.8502,-42.4681
302,54,-38.9983,-41.9103
304,54,-24.865,-21.3647
306,54,-16.5019,-15.3726
308,54,-13.901,-14.34
310,54,-16.1764,-18.0058
312,54,-36.6004,-40.7455
314,54,-15.3271,-20.2506
316,54,-10.2235,-16.5996
318,54,-9.18312,-17.071
320,54,-10.7908,-20.347
322,54,-15.1062,-26.634
324,54,-23.7998,-35.8625
326,54,-35.6542,-38.7265
328,54,-30.6063,-32.7251
330,54,-35.4433,-26.8379
332,54,-23.1987,-22.8793
334,54,-17.3812,-20.3066
336,54,-14.6392,-18.8877
338,54,-13.768,-18.5947
340,54,-14.4675,-19.5106
342,54,-16.959,-21.9003
344,54,-22.5712,-26.5893
346,54,-38.2666,-38.1623
348,54,-22.4787,-35.5124
350,54,-17.2213,-28.7253
352,54,-14.4218,-26.6785
354,54,-12.708,-26.4061
356,54,-11.7046,-27.0625
358,54,-11.2991,-28.2551
360,54,-11.4212,-29.9509
0,56,-7.38029,-26.213
2,56,-7.7409,-28.2461
4,56,-8.17937,-29.7018
6,56,-8.54801,-30.1528
8,56,-8.93812,-30.7537
10,56,-9.72702,-32.4236
12,56,-11.3224,-33.4941
14,56,-14.0013,-32.4709
16,56,-18.278,-32.9637
18,56,-28.5414,-39.5254
20,56,-24.4145,-38.7603
22,56,-16.2309,-28.3414
24,56,-13.3816,-23.944
26,56,-13.0413,-21.7008
28,56,-14.6069,-21.1277
30,56,-18.4709,-23.0191
32,56,-26.7022,-29.5877
34,56,-53.9212,-35.6497
36,56,-37.9255,-37.85
38,56,-29.5582,-31.2694
40,56,-17.4686,-21.0756
42,56,-11.7815,-16.1538
44,56,-10.486,-14.1041
46,56,-13.2167,-15.8402
48,56,-21.2185,-24.9741
50,56,-25.8682,-25.9679
52,56,-14.8345,-18.0436
54,56,-13.4112,-16.1763
56,56,-18.1584,-19.3769
58,56,-32.0828,-31.546
60,56,-38.0126,-38.8701
62,56,-26.0138,-22.6658
64,56,-20.8539,-14.9864
66,56,-19.8017,-13.0718
68,56,-29.0034,-21.0569
70,56,-22.2997,-14.1319
72,56,-17.4637,-7.61961
74,56,-19.4641,-8.14679
76,56,-27.16,-15.6372
78,56,-36.4209,-26.3961
80,56,-42.2471,-23.0187
82,56,-29.5439,-23.2673
84,56,-27.864,-17.3309
86,56,-36.2571,-31.8767
88,56,-42.4459,-10.1489
90,56,-71.4883,-6.8774
92,56,-42.053,-10.2101
94,56,-37.1134,-31.2227
96,56,-28.3352,-17.6562
98,56,-30.0361,-23.7688
100,56,-40.5042,-22.2618
102,56,-35.2718,-26.3158
104,56,-28.5191,-15.446
106,56,-19.6437,-8.00331
108,56,-17.3232,-7.44734
110,56,-21.8218,-13.7183
112,56,-30.2716,-21.9208
114,56,-19.9112,-13.2817
116,56,-20.6451,-15.0578
118,56,-25.5846,-22.6528
120,56,-36.0871,-42.0105
122,56,-31.5096,-30.8608
124,56,-18.0953,-19.4537
126,56,-13.3013,-16.2427
128,56,-14.6277,-18.0892
130,56,-25.206,-26.2944
132,56,-21.4806,-24.2102
134,56,-13.256,-15.6638
136,56,-10.4234,-13.9633
138,56,-11.6769,-15.9353
140,56,-17.4079,-20.8904
142,56,-29.577,-32.2902
144,56,-36.2137,-34.6801
146,56,-46.8168,-33.6067
148,56,-27.0895,-29.2334
150,56,-18.559,-23.0158
152,56,-14.6603,-21.4195
154,56,-13.1384,-22.2993
156,56,-13.5418,-24.8839
158,56,-16.4546,-29.9354
160,56,-24.7166,-44.0909
162,56,-28.3601,-36.4339
164,56,-18.4049,-31.9481
166,56,-14.1051,-31.9496
168,56,-11.3734,-32.9568
170,56,-9.74128,-31.8339
172,56,-8.93749,-30.359
174,56,-8.54721,-29.8669
176,56,-8.17694,-29.3527
178,56,-7.72278,-27.9294
180,56,-7.33647,-26.1463
182,56,-7.16534,-24.3843
184,56,-7.24821,-22.6121
186,56,-7.56498,-21.0312
188,56,-8.11252,-20.0109
190,56,-8.9614,-19.8346
192,56,-10.2977,-20.7203
194,56,-12.4913,-23.014
196,56,-16.3615,-27.6694
198,56,-25.0839,-34.4502
200,56,-28.0345,-27.3511
202,56,-18.5217,-22.5382
204,56,-15.5711,-20.1707
206,56,-15.154,-19.2439
208,56,-16.743,-19.4645
210,56,-20.5192,-21.0246
212,56,-26.8812,-24.6959
214,56,-31.5761,-32.5524
216,56,-40.2777,-42.4906
218,56,-23.8857,-34.7786
220,56,-15.2521,-24.9603
222,56,-11.2241,-18.9207
224,56,-10.1418,-16.2708
226,56,-12.0881,-16.9742
228,56,-19.8389,-24.2476
230,56,-23.5857,-23.9746
232,56,-15.1326,-15.5179
234,56,-14.8455,-14.2258
236,56,-19.2944,-17.4238
238,56,-29.6828,-28.061
240,56,-37.8832,-43.0135
242,56,-22.5891,-25.3322
244,56,-16.3917,-15.424
246,56,-16.2385,-13.6506
248,56,-25.6642,-22.4406
250,56,-20.8203,-15.2005
252,56,-15.6953,-8.90274
254,56,-18.0592,-9.53558
256,56,-28.7818,-17.6045
258,56,-40.1554,-27.6472
260,56,-34.6836,-35.4135
262,56,-25.121,-17.0517
264,56,-26.4836,-14.8712
266,56,-39.5869,-28.6812
268,56,-34.3503,-8.68516
270,56,-50.3641,-5.60249
272,56,-34.2279,-8.80653
274,56,-41.3066,-30.1558
276,56,-26.3328,-14.7436
278,56,-24.6455,-17.1639
280,56,-33.946,-33.0608
282,56,-39.5509,-27.7143
284,56,-28.6418,-17.2174
286,56,-17.9555,-9.42081
288,56,-15.6581,-8.94478
290,56,-20.9033,-15.51
292,56,-25.5628,-21.8648
294,56,-16.1743,-13.4876
296,56,-16.2371,-15.3285
298,56,-22.3233,-25.5595
300,56,-37.4501,-40.7975
302,56,-29.2969,-28.4734
304,56,-18.9215,-17.2425
306,56,-14.5043,-13.9664
308,56,-14.8487,-15.3164
310,56,-23.1727,-24.1205
312,56,-19.9237,-23.8972
314,56,-12.0524,-17.0439
316,56,-10.1106,-16.6093
318,56,-11.2577,-19.4008
320,56,-15.3481,-25.1708
322,56,-23.7257,-33.4732
324,56,-44.2894,-37.973
326,56,-33.1698,-29.8949
328,56,-25.255,-23.8915
330,56,-19.5116,-20.7883
332,56,-16.3801,-19.4338
334,56,-15.1766,-19.2793
336,56,-15.7583,-20.2047
338,56,-18.7201,-22.5203
340,56,-28.1921,-27.2963
342,56,-25.0123,-35.1385
344,56,-16.285,-27.7926
346,56,-12.4113,-23.006
348,56,-10.2463,-20.7179
350,56,-8.95727,-19.835
352,56,-8.15451,-19.9638
354,56,-7.63669,-20.886
356,56,-7.32759,-22.3832
358,56,-7.23301,-24.212
360,56,-7.38029,-26.213
0,58,-6.95342,-25.6902
2,58,-7.17732,-27.5808
4,58,-7.45383,-28.0736
6,58,-7.60768,-27.1485
8,58,-7.56747,-26.4646
10,58,-7.59432,-26.8099
12,58,-8.06058,-27.3752
14,58,-9.09697,-26.7871
16,58,-10.5866,-26.2143
18,58,-12.8082,-27.3286
20,58,-17.518,-31.3714
22,58,-38.0137,-49.5307
24,58,-19.2752,-30.9423
26,58,-14.7263,-23.6356
28,58,-13.7419,-20.2327
30,58,-14.9118,-19.7341
32,58,-18.655,-22.9049
34,58,-26.7436,-33.3651
36,58,-49.5552,-35.1598
38,58,-42.7627,-43.5525
40,58,-24.2249,-27.7253
42,58,-14.7275,-18.8645
44,58,-11.6476,-14.704
46,58,-12.6407,-14.6358
48,58,-16.6025,-19.7788
50,58,-32.7667,-47.0106
52,58,-17.2171,-20.6015
54,58,-13.4933,-16.1092
56,58,-17.253,-17.4623
58,58,-31.4359,-26.0465
60,58,-45.4832,-46.2665
62,58,-31.2082,-26.4841
64,58,-23.4584,-15.9681
66,58,-19.6508,-12.3643
68,58,-24.013,-16.7658
70,58,-27.7211,-17.8265
72,58,-18.6714,-8.67046
74,58,-18.5938,-8.2672
76,58,-24.3177,-14.3434
78,58,-37.9292,-31.9804
80,58,-39.0123,-22.435
82,58,-33.0706,-23.0515
84,58,-28.7476,-17.3017
86,58,-36.1609,-36.1571
88,58,-48.1557,-10.6743
90,58,-55.0235,-7.28753
92,58,-44.404,-10.6911
94,58,-36.9657,-33.8135
96,58,-29.4709,-17.6675
98,58,-34.7437,-22.6213
100,58,-36.7708,-21.5632
102,58,-37.918,-31.6478
104,58,-25.1147,-14.1376
106,58,-18.7556,-8.07656
108,58,-18.5217,-8.42462
110,58,-26.9202,-17.1614
112,58,-24.4568,-17.2641
114,58,-19.6144,-12.5223
116,58,-23.1384,-16.0566
118,58,-30.5094,-26.7741
120,58,-40.2859,-43.2634
122,58,-31.1252,-25.9207
124,58,-17.0614,-17.6173
126,58,-13.2712,-16.2065
128,58,-16.8407,-20.6469
130,58,-34.1349,-37.1288
132,58,-16.7035,-19.2992
134,58,-12.5801,-14.4645
136,58,-11.4981,-14.5763
138,58,-14.6114,-18.6882
140,58,-24.5412,-27.804
142,58,-38.7108,-38.8673
144,58,-44.3388,-32.8017
146,58,-27.0996,-32.5563
148,58,-18.7768,-22.6529
150,58,-14.9555,-19.7738
152,58,-13.7985,-20.6643
154,58,-14.8764,-24.6952
156,58,-19.6365,-33.8608
158,58,-36.8116,-39.4103
160,58,-17.3875,-29.4891
162,58,-12.7946,-26.3168
164,58,-10.5963,-25.5914
166,58,-9.09612,-26.426
168,58,-8.05125,-27.2378
170,58,-7.59219,-26.8768
172,58,-7.58543,-26.7216
174,58,-7.64504,-27.5282
176,58,-7.49121,-28.2937
178,58,-7.19282,-27.5428
180,58,-6.93789,-25.8076
182,58,-6.78533,-23.8009
184,58,-6.68473,-21.6215
186,58,-6.5979,-19.5677
188,58,-6.5663,-17.9991
190,58,-6.69314,-17.0846
192,58,-7.11156,-16.8294
194,58,-7.99476,-17.1676
196,58,-9.60738,-18.089
198,58,-12.4339,-19.8183
200,58,-17.7305,-23.0156
202,58,-33.0746,-28.8547
204,58,-21.1709,-28.6087
206,58,-16.0254,-22.6814
208,58,-14.5148,-19.6834
210,58,-15.1552,-18.8592
212,58,-18.0616,-20.1331
214,58,-24.8612,-24.1338
216,58,-41.9037,-33.2822
218,58,-48.0122,-45.286
220,58,-23.2904,-31.5425
222,58,-15.0488,-22.5543
224,58,-11.4805,-17.5854
226,58,-11.0926,-16.0459
228,58,-14.569,-18.8325
230,58,-33.5296,-46.5158
232,58,-17.2415,-18.1015
234,58,-13.7119,-14.1618
236,58,-15.5943,-15.3253
238,58,-22.619,-22.3521
240,58,-36.1784,-46.627
242,58,-26.8562,-33.0541
244,58,-17.9195,-17.2786
246,58,-15.8452,-13.4259
248,58,-21.3302,-17.9537
250,58,-24.46,-19.2452
252,58,-15.9923,-9.7384
254,58,-17.0676,-9.20704
256,58,-26.001,-15.7786
258,58,-40.0607,-31.5641
260,58,-40.6831,-33.5468
262,58,-26.4583,-17.4138
264,58,-26.7416,-14.5156
266,58,-39.6467,-32.7693
268,58,-34.3001,-8.92791
270,58,-50.6258,-5.70122
272,58,-34.0711,-9.04892
274,58,-40.4238,-34.3802
276,58,-26.509,-14.5496
278,58,-26.0042,-17.8397
280,58,-39.7835,-31.1705
282,58,-38.862,-31.7667
284,58,-25.9687,-15.3541
286,58,-16.9762,-9.08
288,58,-15.9815,-9.83157
290,58,-24.7509,-19.9018
292,58,-21.1495,-17.5873
294,58,-15.7684,-13.3375
296,58,-17.8093,-17.2835
298,58,-26.7508,-33.9305
300,58,-35.9716,-44.9364
302,58,-22.3206,-22.5071
304,58,-15.2206,-15.1963
306,58,-13.3553,-14.0067
308,58,-16.8957,-18.1146
310,58,-34.383,-42.1548
312,58,-14.5721,-18.6041
314,58,-11.0447,-16.2053
316,58,-11.4387,-18.015
318,58,-15.0772,-22.9682
320,58,-23.2711,-30.9181
322,58,-40.3989,-39.1383
324,58,-40.7069,-30.065
326,58,-23.425,-23.13
328,58,-17.3494,-19.7904
330,58,-14.8298,-18.7717
332,58,-14.5027,-19.638
334,58,-16.2644,-22.5493
336,58,-21.5975,-28.8671
338,58,-31.3942,-31.1239
340,58,-17.5704,-23.5698
342,58,-12.3225,-19.8273
344,58,-9.49494,-17.9051
346,58,-7.90274,-16.981
348,58,-7.06252,-16.7107
350,58,-6.69375,-16.9945
352,58,-6.60679,-17.8451
354,58,-6.65892,-19.2703
356,58,-6.74547,-21.1921
358,58,-6.82891,-23.4172
360,58,-6.95342,-25.6902
0,60,-9.10535,-27.6527
2,60,-9.16577,-29.6617
4,60,-9.26111,-29.4075
6,60,-9.21978,-27.373
8,60,-8.80015,-25.7685
10,60,-8.16361,-25.3406
12,60,-7.77446,-25.4036
14,60,-7.85048,-24.4885
16,60,-8.22331,-23.2202
18,60,-8.86215,-23.0417
20,60,-10.4997,-24.0885
22,60,-14.653,-26.2722
24,60,-26.9683,-32.84
26,60,-22.3684,-32.1638
28,60,-16.262,-22.211
30,60,-14.6535,-18.9931
32,60,-15.6737,-19.6909
34,60,-19.607,-25.2357
36,60,-28.3501,-48.5704
38,60,-46.8353,-37.0843
40,60,-36.0203,-41.7637
42,60,-19.4219,-23.3608
44,60,-14.2798,-16.5056
46,60,-13.6383,-14.8264
48,60,-14.6013,-18.0176
50,60,-19.9724,-28.5753
52,60,-23.0717,-25.3849
54,60,-14.9196,-17.1008
56,60,-17.7953,-16.885
58,60,-30.2445,-23.6277
60,60,-34.7632,-46.6974
62,60,-37.4844,-31.5199
64,60,-27.689,-17.5908
66,60,-20.3383,-12.4775
68,60,-21.9331,-14.8346
70,60,-37.5684,-24.0506
72,60,-19.6571,-10.3967
74,60,-17.7651,-8.97669
76,60,-22.3993,-13.8914
78,60,-38.3075,-43.268
80,60,-34.5079,-23.4022
82,60,-31.0421,-21.2724
84,60,-28.2611,-16.3447
86,60,-36.3238,-43.7798
88,60,-40.1325,-10.6453
90,60,-50.4408,-7.15637
92,60,-38.6453,-10.5968
94,60,-37.3105,-37.5278
96,60,-29.0053,-16.639
98,60,-32.1826,-20.5196
100,60,-33.8198,-22.4014
102,60,-40.4202,-39.9243
104,60,-22.8825,-13.6866
106,60,-17.8986,-8.75301
108,60,-19.5479,-10.0888
110,60,-36.1924,-22.9651
112,60,-21.9838,-15.1217
114,60,-20.1526,-12.5788
116,60,-27.3763,-17.7099
118,60,-35.0935,-32.5378
120,60,-36.44,-40.1473
122,60,-30.7503,-23.7201
124,60,-17.447,-17.0547
126,60,-14.5722,-17.1804
128,60,-22.3562,-25.364
130,60,-20.2331,-27.5006
132,60,-14.6185,-17.641
134,60,-13.5076,-14.6808
136,60,-14.0779,-16.4201
138,60,-19.4409,-23.2512
140,60,-39.1938,-42.2623
142,60,-41.2133,-34.2526
144,60,-28.4919,-47.2369
146,60,-19.6704,-25.1595
148,60,-15.7379,-19.6485
150,60,-14.6899,-19.2566
152,60,-16.358,-23.0745
154,60,-22.8071,-35.5462
156,60,-26.1036,-30.1133
158,60,-14.4746,-25.0296
160,60,-10.4357,-23.1993
162,60,-8.84104,-22.3676
164,60,-8.21157,-22.7191
166,60,-7.8379,-24.1678
168,60,-7.77412,-25.3807
170,60,-8.19363,-25.6465
172,60,-8.87023,-26.3605
174,60,-9.31577,-28.1993
176,60,-9.34924,-29.9767
178,60,-9.22145,-29.5118
180,60,-9.12002,-27.6098
182,60,-8.97428,-25.3179
184,60,-8.63653,-22.7921
186,60,-8.10619,-20.3804
188,60,-7.54082,-18.3995
190,60,-7.11016,-16.9427
192,60,-6.92677,-15.9475
194,60,-7.0866,-15.2998
196,60,-7.73426,-14.97
198,60,-9.11046,-15.1255
200,60,-11.638,-16.1302
202,60,-16.3407,-18.5856
204,60,-29.0206,-24.0438
206,60,-22.7143,-40.3274
208,60,-16.2039,-24.0761
210,60,-14.201,-19.7011
212,60,-14.7058,-18.8787
214,60,-18.0852,-20.7087
216,60,-27.2272,-25.7484
218,60,-38.9371,-37.1897
220,60,-44.6838,-41.8536
222,60,-21.1824,-27.916
224,60,-14.0349,-20.1312
226,60,-11.3651,-16.5123
228,60,-12.2939,-16.7854
230,60,-19.4523,-24.0792
232,60,-22.487,-23.6956
234,60,-13.9936,-15.4968
236,60,-13.7764,-14.7074
238,60,-18.6308,-19.3625
240,60,-30.9434,-37.9807
242,60,-32.8175,-45.2093
244,60,-20.441,-19.7626
246,60,-16.3031,-13.8864
248,60,-19.2636,-15.935
250,60,-31.0289,-26.0609
252,60,-16.7677,-10.9486
254,60,-16.4575,-9.2161
256,60,-23.5386,-14.5026
258,60,-43.4173,-40.9463
260,60,-39.4539,-31.5291
262,60,-28.9185,-18.3194
264,60,-27.6485,-14.5435
266,60,-39.3689,-39.1034
268,60,-34.7203,-9.33031
270,60,-52.248,-5.94009
272,60,-34.2684,-9.46296
274,60,-39.3649,-39.9433
276,60,-27.4249,-14.688
278,60,-28.5048,-19.0526
280,60,-39.2849,-29.3707
282,60,-41.7339,-41.3104
284,60,-23.5059,-14.0345
286,60,-16.3734,-9.08721
288,60,-16.7883,-11.1212
290,60,-31.92,-27.8099
292,60,-19.1007,-15.7039
294,60,-16.2754,-13.896
296,60,-20.4524,-19.9144
298,60,-33.012,-46.8517
300,60,-30.7914,-41.0083
302,60,-18.3021,-19.4948
304,60,-13.4257,-14.6659
306,60,-13.6703,-15.4743
308,60,-22.0842,-24.1741
310,60,-19.5092,-23.3108
312,60,-12.2819,-16.6785
314,60,-11.3354,-16.7786
316,60,-14.0285,-20.6164
318,60,-21.287,-27.9868
320,60,-39.6104,-39.568
322,60,-41.4203,-33.3418
324,60,-25.6967,-24.4696
326,60,-17.4356,-20.1897
328,60,-14.3655,-18.7005
330,60,-14.1007,-19.6424
332,60,-16.3777,-23.8379
334,60,-23.342,-42.1141
336,60,-27.9309,-25.1009
338,60,-16.1947,-18.9859
340,60,-11.5441,-16.1857
342,60,-9.00355,-14.9626
344,60,-7.63307,-14.7281
346,60,-7.02197,-15.1084
348,60,-6.91534,-15.8487
350,60,-7.14825,-16.865
352,60,-7.60965,-18.2222
354,60,-8.18091,-20.0219
356,60,-8.69444,-22.2972
358,60,-8.9998,-24.9417
360,60,-9.10535,-27.6527
0,62,-14.2086,-32.2191
2,62,-13.9929,-34.7466
4,62,-13.7932,-33.7142
6,62,-13.4739,-30.3273
8,62,-12.5231,-27.629
10,62,-10.9924,-26.3631
12,62,-9.60889,-25.9295
14,62,-8.76346,-24.6017
16,62,-8.2555,-22.5825
18,62,-7.87793,-21.5235
20,62,-8.12845,-21.4471
22,62,-9.91208,-21.5268
24,62,-14.2257,-22.6977
26,62,-23.808,-28.8543
28,62,-25.7437,-29.484
30,62,-17.5398,-20.7131
32,62,-15.4483,-18.8554
34,62,-16.7425,-21.342
36,62,-21.2328,-29.0633
38,62,-32.0612,-46.953
40,62,-50.6508,-44.4718
42,62,-26.0157,-31.0282
44,62,-18.4497,-19.5977
46,62,-15.9373,-16.1079
48,62,-13.7958,-17.838
50,62,-15.4121,-23.468
52,62,-38.037,-37.1472
54,62,-17.7892,-19.28
56,62,-19.5045,-17.3294
58,62,-25.1008,-22.8245
60,62,-26.9025,-39.9027
62,62,-41.1556,-38.1988
64,62,-34.9296,-20.0745
66,62,-21.4403,-13.4285
68,62,-20.8865,-14.3603
70,62,-38.8903,-36.1846
72,62,-20.3874,-12.7087
74,62,-17.1664,-10.0606
76,62,-21.2619,-13.9079
78,62,-37.6991,-38.183
80,62,-31.6236,-25.5758
82,62,-26.7765,-20.3149
84,62,-26.2949,-15.356
86,62,-36.5513,-42.7222
88,62,-36.4322,-10.5168
90,62,-48.8699,-6.89944
92,62,-35.3104,-10.4027
94,62,-37.9461,-44.0782
96,62,-26.8245,-15.582
98,62,-27.3247,-19.5644
100,62,-31.8112,-24.4867
102,62,-40.0851,-36.5054
104,62,-21.5583,-13.7388
106,62,-17.2793,-9.82673
108,62,-20.3768,-12.3577
110,62,-38.8219,-35.293
112,62,-20.6455,-14.4958
114,62,-21.1236,-13.4871
116,62,-35.3037,-20.2642
118,62,-36.2398,-41.1771
120,62,-28.3308,-40.6094
122,62,-25.5711,-22.9879
124,62,-18.9425,-17.4647
126,62,-17.2797,-19.2946
128,62,-40.0848,-39.2347
130,62,-15.4662,-23.124
132,62,-13.7821,-17.5198
134,62,-15.7956,-15.991
136,62,-18.2377,-19.5515
138,62,-26.3793,-30.8084
140,62,-42.8386,-43.0811
142,62,-32.4432,-41.2143
144,62,-21.0412,-30.0534
146,62,-16.7369,-21.4931
148,62,-15.504,-19.0805
150,62,-17.596,-21.3814
152,62,-26.288,-31.8111
154,62,-23.5097,-26.8645
156,62,-14.0393,-21.7786
158,62,-9.81552,-20.8364
160,62,-8.08556,-20.8375
162,62,-7.86925,-20.9995
164,62,-8.26386,-22.1372
166,62,-8.78512,-24.304
168,62,-9.65995,-26.0127
170,62,-11.0959,-26.8684
172,62,-12.6877,-28.585
174,62,-13.6612,-31.8689
176,62,-13.9543,-34.741
178,62,-14.1103,-33.6148
180,62,-14.271,-31.1984
182,62,-14.1009,-28.644
184,62,-13.2964,-25.9026
186,62,-12.0414,-23.246
188,62,-10.7507,-20.8886
190,62,-9.67295,-18.8703
192,62,-8.87144,-17.1397
194,62,-8.35677,-15.6459
196,62,-8.19592,-14.4305
198,62,-8.54366,-13.6698
200,62,-9.62413,-13.6302
202,62,-11.7748,-14.6333
204,62,-15.7826,-17.1934
206,62,-25.0633,-22.8421
208,62,-24.2832,-49.0334
210,62,-16.6467,-23.8655
212,62,-14.4147,-20.0196
214,62,-15.2905,-19.981
216,62,-19.9513,-22.8457
218,62,-34.6114,-29.504
220,62,-35.1697,-42.9735
222,62,-32.4859,-34.5727
224,62,-18.015,-23.6019
226,62,-12.744,-17.9163
228,62,-11.5977,-16.3144
230,62,-15.0735,-19.5313
232,62,-49.1009,-39.8444
234,62,-15.9317,-18.321
236,62,-13.4263,-15.2443
238,62,-16.5458,-17.9714
240,62,-26.6302,-30.4171
242,62,-40.3187,-41.7066
244,62,-23.8125,-22.7314
246,62,-17.3183,-14.8406
248,62,-18.3313,-15.1099
250,62,-47.0963,-51.8802
252,62,-18.0957,-12.5257
254,62,-16.4162,-9.57746
256,62,-21.9838,-13.7701
258,62,-48.3467,-40.9614
260,62,-37.1592,-29.9988
262,62,-32.137,-19.9077
264,62,-28.6821,-15.0697
266,62,-38.7819,-41.4213
268,62,-35.6081,-10.0323
270,62,-54.2669,-6.47118
272,62,-34.8838,-10.1893
274,62,-38.2512,-38.1312
276,62,-28.5765,-15.2636
278,62,-31.8411,-20.8886
280,62,-37.1921,-28.2731
282,62,-46.3195,-36.1434
284,62,-21.9248,-13.258
286,62,-16.3318,-9.45503
288,62,-18.1481,-12.8028
290,62,-43.9277,-40.7702
292,62,-18.2248,-14.9897
294,62,-17.3829,-14.9541
296,62,-24.0038,-23.088
298,62,-40.3962,-40.9519
300,62,-26.3318,-31.3779
302,62,-16.2178,-18.1498
304,62,-13.1287,-15.2977
306,62,-15.6792,-18.4578
308,62,-67.621,-41.5704
310,62,-15.0712,-19.1111
312,62,-11.5975,-16.3339
314,62,-12.7469,-18.301
316,62,-18.0727,-24.1069
318,62,-32.8099,-34.4874
320,62,-35.7433,-41.6199
322,62,-32.3,-27.9283
324,62,-19.2572,-22.0977
326,62,-14.9151,-19.6212
328,62,-14.23,-19.872
330,62,-16.7005,-23.7095
332,62,-25.1273,-41.3208
334,62,-24.6477,-23.4565
336,62,-15.6479,-17.5362
338,62,-11.7069,-14.7439
340,62,-9.5417,-13.5376
342,62,-8.44842,-13.449
344,62,-8.12267,-14.1956
346,62,-8.33548,-15.4995
348,62,-8.91052,-17.0941
350,62,-9.76008,-18.8255
352,62,-10.8605,-20.7209
354,62,-12.143,-22.9291
356,62,-13.3598,-25.6011
358,62,-14.1041,-28.7794
360,62,-14.2086,-32.2191
0,64,-26.49,-40.6812
2,64,-25,-45.0018
4,64,-23.7156,-43.0659
6,64,-22.6453,-36.8866
8,64,-20.3204,-32.1954
10,64,-16.7301,-29.5827
12,64,-13.6349,-28.4695
14,64,-11.5717,-26.7508
16,64,-10.0938,-23.8521
18,64,-8.71566,-21.8829
20,64,-7.83469,-21.0112
22,64,-8.24563,-19.9387
24,64,-10.3696,-19.1575
26,64,-14.2875,-20.9149
28,64,-21.85,-29.8543
30,64,-27.6559,-26.4727
32,64,-17.6418,-20.1799
34,64,-16.1629,-19.9976
36,64,-18.1891,-23.3955
38,64,-23.8721,-30.2757
40,64,-36.8989,-44.1139
42,64,-31.913,-42.0108
44,64,-24.158,-24.4134
46,64,-19.6074,-18.4215
48,64,-13.7675,-18.7006
50,64,-13.1415,-20.9308
52,64,-22.36,-28.2007
54,64,-22.5146,-23.1734
56,64,-21.7079,-18.6829
58,64,-20.4137,-23.0229
60,64,-21.765,-33.4626
62,64,-37.5757,-41.4738
64,64,-41.2987,-23.4909
66,64,-22.3237,-15.2005
68,64,-20.0652,-15.0097
70,64,-30.7211,-30.8369
72,64,-21.1807,-15.3821
74,64,-16.9293,-11.1669
76,64,-20.8076,-13.9796
78,64,-37.3017,-33.2667
80,64,-30.0921,-28.3827
82,64,-24.136,-20.2572
84,64,-24.3829,-14.8473
86,64,-36.2234,-34.7292
88,64,-35.0157,-10.6521
90,64,-49.1631,-6.87745
92,64,-33.8586,-10.4754
94,64,-38.0182,-39.6732
96,64,-24.7632,-15.0203
98,64,-24.4838,-19.6078
100,64,-30.5147,-27.5316
102,64,-38.6519,-32.7969
104,64,-20.9785,-13.8842
106,64,-17.0302,-10.9499
108,64,-21.3086,-15.0164
110,64,-29.9394,-32.0249
112,64,-19.6363,-15.0114
114,64,-21.9293,-15.2355
116,64,-42.2758,-23.8245
118,64,-37.3818,-52.3107
120,64,-22.6106,-35.4675
122,64,-20.6033,-23.1314
124,64,-20.9465,-18.7378
126,64,-21.743,-23.0503
128,64,-22.6442,-29.1936
130,64,-13.1247,-20.7717
132,64,-13.7817,-18.3905
134,64,-19.5672,-18.2983
136,64,-23.7633,-24.2769
138,64,-31.258,-40.0898
140,64,-38.6694,-56.8057
142,64,-23.5753,-30.7108
144,64,-17.9247,-23.9778
146,64,-16.1643,-20.3727
148,64,-17.7355,-20.765
150,64,-27.9973,-28.2653
152,64,-21.8404,-27.5204
154,64,-14.1761,-20.0702
156,64,-10.2672,-18.5993
158,64,-8.18046,-19.4788
160,64,-7.81346,-20.6064
162,64,-8.73929,-21.5166
164,64,-10.1525,-23.527
166,64,-11.662,-26.6054
168,64,-13.7832,-28.729
170,64,-17.0007,-30.2622
172,64,-20.7586,-33.7316
174,64,-23.0569,-40.2893
176,64,-24.0497,-41.3175
178,64,-25.405,-37.6992
180,64,-26.8923,-35.6944
182,64,-26.5409,-33.8018
184,64,-23.4908,-31.4542
186,64,-19.9081,-28.7616
188,64,-16.9668,-25.9254
190,64,-14.7425,-23.084
192,64,-13.0276,-20.3511
194,64,-11.62,-17.8534
196,64,-10.475,-15.7309
198,64,-9.71364,-14.147
200,64,-9.50841,-13.2888
202,64,-10.0248,-13.3573
204,64,-11.5328,-14.6093
206,64,-14.7637,-17.5925
208,64,-22.4242,-24.2498
210,64,-24.9699,-37.5406
212,64,-16.6892,-23.6653
214,64,-14.7559,-21.1589
216,64,-16.5425,-22.1933
218,64,-23.2014,-26.3804
220,64,-48.5643,-35.4636
222,64,-42.6974,-40.1545
224,64,-24.0805,-27.4499
226,64,-15.2756,-19.896
228,64,-12.1128,-16.7879
230,64,-13.2704,-17.813
232,64,-22.6711,-26.7935
234,64,-19.9282,-23.0616
236,64,-14.1812,-16.6556
238,64,-15.6378,-17.5483
240,64,-23.6445,-26.5191
242,64,-48.8692,-42.2557
244,64,-27.8455,-26.2087
246,64,-18.6421,-16.1747
248,64,-18.0611,-15.0026
250,64,-32.1129,-28.7891
252,64,-19.9442,-14.4747
254,64,-16.9326,-10.3025
256,64,-21.3667,-13.5918
258,64,-40.6612,-32.3181
260,64,-37.4831,-29.3419
262,64,-34.6406,-22.2338
264,64,-29.2376,-16.1265
266,64,-38.1736,-36.8032
268,64,-36.8123,-11.1311
270,64,-55.6071,-7.40239
272,64,-35.8782,-11.3232
274,64,-37.3757,-34.1823
276,64,-29.2845,-16.3051
278,64,-34.6051,-23.3354
280,64,-37.7388,-28.1855
282,64,-39.9525,-29.6767
284,64,-21.2829,-13.04
286,64,-16.8392,-10.1935
288,64,-20.0278,-14.8846
290,64,-31.032,-26.8899
292,64,-18.0139,-14.9674
294,64,-18.8088,-16.3762
296,64,-28.2091,-26.818
298,64,-47.4638,-41.5696
300,64,-23.2838,-27.1702
302,64,-15.3434,-17.7864
304,64,-13.9583,-16.7974
306,64,-19.7794,-23.4355
308,64,-22.6776,-25.9275
310,64,-13.2735,-17.5743
312,64,-12.1259,-16.9357
314,64,-15.2928,-20.3988
316,64,-24.1465,-27.9652
318,64,-43.9024,-43.4445
320,64,-46.3975,-33.9287
322,64,-22.3493,-25.4124
324,64,-16.1017,-21.6061
326,64,-14.5031,-20.7684
328,64,-16.6136,-23.3567
330,64,-25.7183,-35.3069
332,64,-22.2387,-24.6256
334,64,-14.6107,-17.8826
336,64,-11.4509,-14.7596
338,64,-9.95501,-13.3432
340,64,-9.42614,-13.1355
342,64,-9.64098,-13.9274
344,64,-10.4505,-15.5421
346,64,-11.6661,-17.7661
348,64,-13.1425,-20.3481
350,64,-14.9088,-23.0578
352,64,-17.1532,-25.8145
354,64,-20.0694,-28.7554
356,64,-23.5683,-32.1176
358,64,-26.4073,-36.0787
360,64,-26.49,-40.6812
0,66,-25.3572,-45.1518
2,66,-27.25,-47.232
4,66,-29.7138,-50.9288
6,66,-31.0344,-52.8308
8,66,-36.1185,-41.0954
10,66,-30.0606,-35.2611
12,66,-21.2127,-32.9115
14,66,-16.7336,-31.023
16,66,-13.8259,-27.0154
18,66,-11.1331,-23.861
20,66,-8.97662,-22.1828
22,66,-8.2075,-20.1462
24,66,-8.99915,-17.9529
26,66,-10.8973,-17.7208
28,66,-14.2371,-21.2117
30,66,-23.7786,-38.9146
32,66,-23.5131,-24.4679
34,66,-17.3061,-20.6451
36,66,-17.2193,-20.9811
38,66,-20.1536,-24.0146
40,66,-27.645,-33.4753
42,66,-33.6374,-34.6425
44,66,-28.4106,-32.0096
46,66,-25.2423,-21.8853
48,66,-14.3729,-20.3896
50,66,-12.1401,-19.4561
52,66,-17.9766,-21.962
54,66,-30.3586,-30.2949
56,66,-23.0816,-20.9599
58,66,-17.296,-23.7859
60,66,-18.3086,-28.5502
62,66,-31.5267,-37.6592
64,66,-35.6819,-27.7777
66,66,-22.54,-17.7963
68,66,-19.1387,-16.6041
70,66,-26.3579,-26.9674
72,66,-22.3982,-18.0314
74,66,-17.1005,-11.9214
76,66,-20.9637,-13.8032
78,66,-37.9341,-30.1687
80,66,-29.6396,-30.2184
82,66,-22.7898,-20.8082
84,66,-23.1503,-14.9243
86,66,-35.2027,-31.0495
88,66,-34.9215,-11.1926
90,66,-51.0148,-7.23702
92,66,-33.5999,-10.9502
94,66,-37.1673,-34.3869
96,66,-23.4281,-15.0427
98,66,-22.9666,-20.3534
100,66,-29.9468,-30.3704
102,66,-38.5348,-30.4904
104,66,-21.0248,-13.7898
106,66,-17.1863,-11.7331
108,66,-22.679,-17.6707
110,66,-25.5665,-26.9314
112,66,-18.6652,-16.4558
114,66,-22.1507,-17.8358
116,66,-34.6359,-28.4131
118,66,-34.5994,-48.5285
120,66,-18.7725,-29.3487
122,66,-17.34,-23.702
124,66,-22.4264,-20.8689
126,66,-28.9446,-29.9608
128,66,-18.0103,-22.3634
130,66,-12.1131,-19.3401
132,66,-14.4609,-20.0168
134,66,-25.5674,-21.642
136,66,-27.052,-30.7399
138,66,-32.1144,-34.6896
140,66,-27.9955,-33.8638
142,66,-19.7183,-24.3156
144,66,-16.9625,-21.5507
146,66,-17.372,-21.2872
148,66,-23.751,-25.7692
150,66,-23.6055,-33.5841
152,66,-14.186,-20.3231
154,66,-10.8291,-17.2128
156,66,-8.92741,-17.5916
158,66,-8.16177,-19.9205
160,66,-8.98118,-22.0422
162,66,-11.2012,-23.712
164,66,-13.9507,-26.9246
166,66,-16.9131,-31.098
168,66,-21.5407,-32.9654
170,66,-31.3652,-35.5564
172,66,-34.9177,-42.744
174,66,-29.6253,-43.1735
176,66,-28.8086,-38.7372
178,66,-26.9539,-37.9503
180,66,-25.1014,-38.5825
182,66,-25.1025,-39.7308
184,66,-27.8837,-41.2368
186,66,-37.6389,-40.9864
188,66,-33.3885,-36.7396
190,66,-25.1855,-31.4095
192,66,-20.9821,-26.4617
194,66,-17.7007,-22.236
196,66,-14.776,-18.8136
198,66,-12.3757,-16.2056
200,66,-10.6928,-14.4561
202,66,-9.80649,-13.6559
204,66,-9.82651,-13.9384
206,66,-11.0973,-15.5661
208,66,-14.5455,-19.278
210,66,-23.9625,-28.1286
212,66,-22.8439,-31.9941
214,66,-16.03,-24.0219
216,66,-15.2217,-22.935
218,66,-18.4793,-25.1114
220,66,-28.3421,-31.1396
222,66,-41.2207,-43.606
224,66,-34.7274,-31.7903
226,66,-19.1155,-22.3197
228,66,-13.6387,-17.9116
230,66,-12.8963,-17.4313
232,66,-17.9369,-22.0981
234,66,-27.9161,-31.7319
236,66,-15.6917,-18.6748
238,66,-15.3131,-17.6271
240,66,-21.3104,-24.0794
242,66,-41.3083,-47.7178
244,66,-32.4801,-30.6409
246,66,-20.2611,-17.8925
248,66,-18.3116,-15.3966
250,66,-27.7549,-24.1587
252,66,-22.2671,-16.8274
254,66,-17.928,-11.3811
256,66,-21.5589,-13.9423
258,66,-37.0819,-29.2185
260,66,-39.3826,-29.5468
262,66,-34.9093,-25.2518
264,66,-29.3141,-17.6508
266,66,-37.8893,-34.443
268,66,-38.0748,-12.6469
270,66,-56.8279,-8.75955
272,66,-37.1244,-12.8818
274,66,-37.0603,-32.1909
276,66,-29.4507,-17.7524
278,66,-35.0601,-26.2544
280,66,-39.8398,-29.1171
282,66,-36.3813,-26.9156
284,66,-21.4572,-13.362
286,66,-17.8184,-11.2958
288,66,-22.3932,-17.4141
290,66,-27.085,-23.0928
292,66,-18.3035,-15.4171
294,66,-20.5036,-18.1334
296,66,-32.8089,-31.3128
298,66,-40.9187,-49.4555
300,66,-20.9646,-24.6493
302,66,-15.0739,-17.9246
304,66,-15.5519,-18.9089
306,66,-27.9514,-32.7931
308,66,-17.931,-21.6488
310,66,-12.9159,-17.3261
312,66,-13.6476,-18.1802
314,66,-19.0859,-22.894
316,66,-34.2297,-32.2004
318,66,-44.7841,-46.8849
320,66,-27.1302,-30.1206
322,66,-17.9505,-24.4252
324,66,-14.9041,-22.3256
326,66,-15.8522,-23.3822
328,66,-23.0328,-30.5634
330,66,-23.8566,-28.4736
332,66,-14.362,-19.5527
334,66,-10.9708,-15.7496
336,66,-9.72983,-13.9998
338,66,-9.71146,-13.5939
340,66,-10.6054,-14.3122
342,66,-12.3418,-16.0483
344,66,-14.8529,-18.7065
346,66,-17.9183,-22.1998
348,66,-21.336,-26.4512
350,66,-25.6981,-31.3756
352,66,-34.3367,-37.0647
354,66,-37.7708,-44.4713
356,66,-28.2075,-49.6993
358,66,-25.4308,-45.769
360,66,-25.3572,-45.1518
0,68,-20.2077,-39.813
2,68,-21.1041,-42.4465
4,68,-22.1725,-43.6133
6,68,-22.2207,-43.2164
8,68,-22.2283,-43.6105
10,68,-24.5611,-40.1923
12,68,-32.0968,-37.1316
14,68,-27.0896,-36.9194
16,68,-20.5431,-32.5898
18,68,-15.412,-27.5411
20,68,-11.3861,-24.847
22,68,-9.31993,-21.7706
24,68,-9.03519,-18.2056
26,68,-9.64454,-16.5258
28,68,-11.1247,-17.7392
30,68,-15.8706,-23.5139
32,68,-37.8747,-37.7113
34,68,-20.1971,-23.5016
36,68,-17.739,-20.45
38,68,-18.5179,-20.9135
40,68,-22.7243,-26.8561
42,68,-32.6441,-32.8513
44,68,-28.1672,-36.1427
46,68,-35.4162,-26.8333
48,68,-15.5593,-22.8209
50,68,-12.0105,-18.6502
52,68,-16.2375,-18.8872
54,68,-34.9552,-32.0582
56,68,-23.4284,-24.3083
58,68,-15.4276,-24.6443
60,68,-16.0529,-25.0969
62,68,-27.1623,-32.7945
64,68,-34.1262,-32.5935
66,68,-22.3597,-21.2948
68,68,-18.1798,-18.917
70,68,-23.2712,-25.2062
72,68,-24.3212,-20.3327
74,68,-17.6807,-12.2273
76,68,-21.6937,-13.3873
78,68,-40.0981,-27.3326
80,68,-30.1268,-30.0115
82,68,-22.3632,-21.6846
84,68,-22.6149,-15.5636
86,68,-34.0555,-29.2016
88,68,-35.6968,-12.1542
90,68,-54.3026,-7.99235
92,68,-34.1262,-11.8363
94,68,-36.0731,-31.6936
96,68,-22.7789,-15.6208
98,68,-22.3434,-21.5556
100,68,-30.212,-30.7627
102,68,-40.2396,-28.1853
104,68,-21.6272,-13.4236
106,68,-17.7412,-12.0491
108,68,-24.7564,-19.9372
110,68,-22.6644,-24.8611
112,68,-17.7778,-18.569
114,68,-22.0249,-21.3914
116,68,-32.9375,-33.8713
118,68,-29.1097,-36.5527
120,68,-16.2699,-25.3335
122,68,-15.4014,-24.2508
124,68,-23.1379,-23.9516
126,68,-34.0329,-33.8279
128,68,-16.1996,-19.1405
130,68,-12.0006,-18.5326
132,68,-15.7352,-22.3075
134,68,-38.1395,-26.1241
136,68,-26.7541,-33.0989
138,68,-32.5599,-33.127
140,68,-22.645,-26.9364
142,68,-18.0627,-21.2309
144,68,-17.5309,-21.1045
146,68,-20.404,-24.5575
148,68,-35.2637,-41.2132
150,68,-15.7684,-22.5571
152,68,-11.0835,-17.2825
154,68,-9.59597,-16.2181
156,68,-8.97719,-18.0533
158,68,-9.28815,-21.8999
160,68,-11.4155,-25.0413
162,68,-15.5178,-27.5895
164,68,-20.7091,-32.6001
166,68,-27.2653,-35.8583
168,68,-31.9904,-35.7287
170,68,-24.5493,-39.0657
172,68,-22.1216,-41.286
174,68,-22.0245,-38.3219
176,68,-22.0205,-37.482
178,68,-20.9698,-38.272
180,68,-19.9911,-39.2061
182,68,-19.9654,-39.6054
184,68,-21.0477,-39.6979
186,68,-23.0712,-39.5118
188,68,-25.4638,-39.7546
190,68,-27.7968,-43.0397
192,68,-32.29,-41.4461
194,68,-33.8003,-30.7395
196,68,-22.6249,-24.279
198,68,-16.6393,-19.8988
200,68,-12.9464,-16.902
202,68,-10.6847,-15.0899
204,68,-9.57832,-14.4492
206,68,-9.69737,-15.0859
208,68,-11.488,-17.3632
210,68,-16.2676,-22.445
212,68,-32.8669,-37.1478
214,68,-19.4339,-28.6876
216,68,-15.4954,-24.5657
218,68,-16.3765,-24.8977
220,68,-22.0256,-28.7248
222,68,-41.563,-37.822
224,68,-45.6158,-38.6223
226,68,-24.672,-25.4438
228,68,-15.9989,-19.6288
230,68,-13.4144,-17.8943
232,68,-15.9747,-20.3181
234,68,-37.8827,-37.6741
236,68,-17.6846,-21.1307
238,68,-15.1772,-17.9363
240,68,-19.2407,-22.3515
242,68,-33.0414,-42.5057
244,68,-37.6278,-37.2279
246,68,-22.4083,-20.1052
248,68,-19.1526,-16.2134
250,68,-26.0874,-22.18
252,68,-25.0481,-19.6542
254,68,-19.3124,-12.7741
256,68,-22.3857,-14.7438
258,68,-36.2802,-28.0948
260,68,-39.8645,-30.4749
262,68,-34.1877,-28.6602
264,68,-29.4704,-19.4386
266,68,-38.1817,-33.5192
268,68,-39.1318,-14.4844
270,68,-59.4916,-10.4478
272,68,-38.4459,-14.764
274,68,-37.5223,-31.42
276,68,-29.6734,-19.4176
278,68,-34.4616,-29.2289
280,68,-39.9763,-30.9921
282,68,-35.5763,-25.8724
284,68,-22.2735,-14.157
286,68,-19.1878,-12.7316
288,68,-25.2525,-20.4919
290,68,-25.5316,-21.4252
292,68,-19.158,-16.2564
294,68,-22.6718,-20.2776
296,68,-37.3033,-36.4356
298,68,-32.4989,-46.9019
300,68,-18.968,-22.9018
302,68,-15.0159,-18.3071
304,68,-17.6338,-21.5004
306,68,-37.6499,-36.0106
308,68,-15.9992,-20.0445
310,68,-13.4462,-17.9007
312,68,-15.9802,-19.9892
314,68,-24.4654,-25.9561
316,68,-47.9289,-38.1502
318,68,-37.8401,-37.6587
320,68,-21.3528,-28.2494
322,68,-16.0113,-24.409
324,68,-15.2595,-23.8634
326,68,-19.3448,-27.4284
328,68,-34.378,-36.6341
330,68,-16.0535,-22.8366
332,68,-11.3211,-17.6158
334,68,-9.56697,-15.2344
336,68,-9.45728,-14.4927
338,68,-10.5598,-15.0604
340,68,-12.8501,-16.8607
342,68,-16.6733,-19.8991
344,68,-23.058,-24.3166
346,68,-35.5058,-30.7099
348,68,-30.5915,-40.9268
350,68,-26.766,-41.5123
352,68,-24.9542,-37.6705
354,68,-23.0469,-36.7704
356,68,-21.2735,-37.0374
358,68,-20.2421,-37.9962
360,68,-20.2077,-39.813
0,70,-20.3048,-38.149
2,70,-20.9,-41.1402
4,70,-21.8221,-42.9153
6,70,-21.6362,-41.3076
8,70,-20.5309,-39.5985
10,70,-20.5976,-37.8881
12,70,-23.3327,-35.9647
14,70,-30.5791,-36.6098
16,70,-40.6921,-39.6432
18,70,-23.0041,-33.2979
20,70,-15.1877,-29.2379
22,70,-11.3872,-24.8525
24,70,-10.0626,-19.6189
26,70,-9.64533,-16.6032
28,70,-9.80378,-16.2982
30,70,-12.5735,-19.0225
32,70,-22.2736,-26.9771
34,70,-25.7653,-30.4627
36,70,-19.6216,-21.4421
38,70,-18.2856,-19.4817
40,70,-20.0089,-23.1901
42,70,-27.5844,-32.7573
44,70,-28.6168,-32.4208
46,70,-37.2122,-33.3955
48,70,-17.2981,-25.9816
50,70,-12.5365,-18.3623
52,70,-15.8186,-17.2302
54,70,-29.0586,-25.7182
56,70,-24.0953,-29.1306
58,70,-14.5178,-25.1654
60,70,-14.7271,-22.74
62,70,-24.4363,-28.8276
64,70,-35.29,-37.122
66,70,-22.328,-25.9606
68,70,-17.3992,-21.2144
70,70,-21.0252,-23.1881
72,70,-27.257,-22.4278
74,70,-18.6587,-12.3167
76,70,-23.0132,-12.9521
78,70,-44.8381,-24.9331
80,70,-31.4662,-29.1764
82,70,-22.6085,-22.6592
84,70,-22.6693,-16.7323
86,70,-33.2366,-28.4094
88,70,-37.0253,-13.4914
90,70,-58.12,-9.08968
92,70,-35.1237,-13.0821
94,70,-35.2969,-30.4067
96,70,-22.6883,-16.7246
98,70,-22.3833,-22.9851
100,70,-31.3811,-29.5552
102,70,-44.3484,-25.9579
104,70,-22.7821,-12.9973
106,70,-18.6935,-12.1214
108,70,-27.867,-21.8881
110,70,-20.6403,-22.9575
112,70,-17.1181,-20.6493
114,70,-22.0478,-26.2151
116,70,-33.9608,-39.653
118,70,-25.4715,-30.653
120,70,-14.7873,-22.7241
122,70,-14.4658,-24.4569
124,70,-24.1007,-28.2801
126,70,-28.7332,-26.7181
128,70,-15.7552,-17.3937
130,70,-12.5435,-18.2251
132,70,-17.5349,-25.274
134,70,-37.3303,-31.1771
136,70,-27.4991,-31.093
138,70,-27.8444,-33.0843
140,70,-19.8283,-23.3236
142,70,-17.85,-19.8494
144,70,-19.4896,-22.2457
146,70,-26.3563,-32.5459
148,70,-21.8641,-25.8897
150,70,-12.5026,-18.6648
152,70,-9.77602,-16.078
154,70,-9.60815,-16.4719
156,70,-10.0076,-19.7494
158,70,-11.3632,-25.5466
160,70,-15.2326,-29.5584
162,70,-23.0824,-32.854
164,70,-39.6434,-37.4048
166,70,-30.8356,-35.0422
168,70,-23.6066,-35.389
170,70,-20.8394,-38.2254
172,70,-20.6731,-38.768
174,70,-21.6782,-38.2746
176,70,-21.8237,-39.0183
178,70,-20.7859,-39.7013
180,70,-20.0277,-39.0838
182,70,-20.0865,-37.7246
184,70,-20.7591,-36.1384
186,70,-21.4533,-34.4369
188,70,-21.5987,-32.8527
190,70,-21.4945,-31.9966
192,70,-22.1999,-32.9559
194,70,-25.3667,-38.2981
196,70,-34.7944,-35.182
198,70,-22.9779,-25.8571
200,70,-16.247,-20.6307
202,70,-12.5114,-17.4536
204,70,-10.4122,-15.8147
206,70,-9.65287,-15.6057
208,70,-10.398,-16.9585
210,70,-13.2825,-20.4876
212,70,-20.6879,-28.647
214,70,-26.9742,-35.6061
216,70,-17.3175,-26.6499
218,70,-15.9303,-25.3348
220,70,-19.1781,-27.7304
222,70,-29.9598,-34.1955
224,70,-38.5466,-50.4168
226,70,-33.0586,-29.8678
228,70,-18.9719,-22.0462
230,70,-14.4451,-19.0259
232,70,-15.1558,-19.8228
234,70,-25.4097,-28.92
236,70,-20.1708,-24.0979
238,70,-15.1982,-18.4612
240,70,-17.573,-21.1719
242,70,-27.9596,-35.8297
244,70,-42.3375,-47.4371
246,70,-25.4055,-22.9855
248,70,-20.7014,-17.4383
250,70,-25.8244,-21.3695
252,70,-28.3002,-23.0767
254,70,-20.9728,-14.4086
256,70,-23.5809,-15.8561
258,70,-37.2063,-27.9996
260,70,-37.7862,-31.9423
262,70,-33.5599,-31.6778
264,70,-30.158,-21.1173
266,70,-39.2269,-33.1274
268,70,-39.8879,-16.3755
270,70,-65.3472,-12.1884
272,70,-39.705,-16.6815
274,70,-38.916,-31.23
276,70,-30.4803,-20.9636
278,70,-34.084,-31.4517
280,70,-37.7365,-33.7015
282,70,-36.5889,-25.8
284,70,-23.4636,-15.3028
286,70,-20.8502,-14.4405
288,70,-28.6376,-24.2899
290,70,-25.3081,-20.7984
292,70,-20.6953,-17.4613
294,70,-25.6019,-22.8803
296,70,-40.8699,-40.1854
298,70,-27.4708,-36.9958
300,70,-17.4145,-21.7467
302,70,-15.1392,-18.9338
304,70,-20.2156,-24.6997
306,70,-25.3524,-28.2608
308,70,-15.2124,-19.667
310,70,-14.4873,-19.126
312,70,-18.9245,-22.4399
314,70,-32.4307,-30.0299
316,70,-41.2181,-47.3917
318,70,-28.6293,-34.5969
320,70,-18.7281,-27.7534
322,70,-15.6721,-25.0911
324,70,-17.1513,-25.9233
326,70,-27.4132,-32.8878
328,70,-20.4952,-29.3345
330,70,-13.0766,-20.8659
332,70,-10.2375,-17.2157
334,70,-9.51949,-15.7722
336,70,-10.2757,-15.9185
338,70,-12.3652,-17.5666
340,70,-16.1429,-20.8511
342,70,-23.1189,-26.2484
344,70,-33.7678,-35.6148
346,70,-24.3758,-38.4417
348,70,-21.4342,-33.0375
350,70,-20.863,-31.5027
352,70,-21.2042,-31.5346
354,70,-21.4459,-32.3693
356,70,-21.0616,-33.7683
358,70,-20.4607,-35.687
360,70,-20.3048,-38.149
0,72,-23.1381,-38.324
2,72,-23.3634,-40.8233
4,72,-24.3046,-43.1864
6,72,-24.2101,-42.6896
8,72,-22.0514,-39.8974
10,72,-20.5626,-37.0578
12,72,-21.2533,-34.5091
14,72,-23.9388,-33.7925
16,72,-26.4889,-36.5276
18,72,-32.027,-38.3095
20,72,-20.8326,-35.2993
22,72,-14.357,-30.0094
24,72,-11.8655,-22.1452
26,72,-10.5285,-17.6552
28,72,-9.52224,-16.0638
30,72,-10.952,-17.0044
32,72,-17.5484,-21.0078
34,72,-38.5431,-34.3508
36,72,-23.0311,-24.0734
38,72,-19.217,-19.18
40,72,-18.6631,-21.1251
42,72,-23.6132,-31.5473
44,72,-30.866,-31.9671
46,72,-31.4034,-35.9568
48,72,-19.5522,-29.8955
50,72,-13.5672,-18.4975
52,72,-16.2289,-16.4258
54,72,-25.7891,-22.7247
56,72,-25.9754,-36.4575
58,72,-14.3633,-25.2542
60,72,-14.1605,-21.1908
62,72,-22.9882,-26.0352
64,72,-38.895,-40.2731
66,72,-22.7506,-32.5525
68,72,-16.9376,-21.9459
70,72,-19.4733,-20.8425
72,72,-31.8116,-24.8607
74,72,-20.0239,-12.46
76,72,-24.9828,-12.6877
78,72,-49.3908,-23.1494
80,72,-33.4573,-28.638
82,72,-23.3125,-23.5826
84,72,-23.2004,-18.4268
86,72,-32.8838,-28.318
88,72,-38.6337,-15.0972
90,72,-59.3119,-10.4174
92,72,-36.3648,-14.5812
94,72,-34.9817,-29.9947
96,72,-23.0583,-18.3474
98,72,-22.9184,-24.3836
100,72,-33.3521,-28.545
102,72,-49.0829,-24.1381
104,72,-24.5429,-12.7193
106,72,-20.0621,-12.2359
108,72,-32.7066,-24.0334
110,72,-19.2855,-20.8192
112,72,-16.7797,-21.3887
114,72,-22.5085,-33.0136
116,72,-37.0787,-45.9903
118,72,-23.5092,-27.0888
120,72,-14.1293,-21.0302
122,72,-14.3185,-24.346
124,72,-26.22,-34.8037
126,72,-25.5593,-23.3523
128,72,-16.1486,-16.4967
130,72,-13.5691,-18.3279
132,72,-19.7816,-29.0362
134,72,-31.4639,-33.2916
136,72,-29.8905,-31.1267
138,72,-23.6905,-31.8672
140,72,-18.4952,-21.3205
142,72,-18.8081,-19.6012
144,72,-23.0289,-25.166
146,72,-42.6153,-31.8965
148,72,-17.3356,-20.642
150,72,-10.9061,-16.912
152,72,-9.5085,-16.0108
154,72,-10.4948,-17.7041
156,72,-11.8002,-22.6712
158,72,-14.333,-31.5638
160,72,-20.9054,-33.772
162,72,-32.4443,-35.7086
164,72,-27.0228,-35.1876
166,72,-24.4926,-33.5888
168,72,-21.7645,-35.23
170,72,-21.0354,-38.0485
172,72,-22.4378,-39.3249
174,72,-24.5022,-40.5271
176,72,-24.4697,-41.3428
178,72,-23.2545,-40.4247
180,72,-22.7262,-39.0952
182,72,-22.9634,-37.7394
184,72,-23.3022,-36.0355
186,72,-22.8875,-34.0038
188,72,-21.7111,-31.857
190,72,-20.5746,-29.9965
192,72,-20.176,-29.0797
194,72,-21.1562,-30.0175
196,72,-24.8038,-35.0747
198,72,-30.0032,-36.9355
200,72,-20.8839,-25.9636
202,72,-15.3266,-20.6763
204,72,-12.1915,-17.8709
206,72,-10.6134,-16.8772
208,72,-10.4965,-17.5576
210,72,-12.1378,-20.2125
212,72,-16.4967,-26.341
214,72,-28.8246,-45.16
216,72,-21.1028,-28.8646
218,72,-16.7651,-26.1586
220,72,-18.0561,-27.7285
222,72,-25.3925,-33.2182
224,72,-42.7495,-41.5356
226,72,-42.5603,-36.7972
228,72,-22.2345,-25.3508
230,72,-15.7083,-20.7755
232,72,-14.9056,-20.1282
234,72,-21.3455,-25.8243
236,72,-23.6144,-27.9754
238,72,-15.569,-19.3323
240,72,-16.5356,-20.5755
242,72,-24.8322,-31.9942
244,72,-45.882,-43.0331
246,72,-29.6148,-26.7423
248,72,-22.9352,-19.0481
250,72,-26.3373,-21.2739
252,72,-32.1005,-27.2907
254,72,-22.7033,-16.1758
256,72,-24.6892,-17.0844
258,72,-38.3774,-28.2999
260,72,-36.1036,-33.7203
262,72,-33.2447,-33.6052
264,72,-31.613,-22.3413
266,72,-41.1633,-32.6795
268,72,-40.4567,-17.9176
270,72,-67.1195,-13.5514
272,72,-40.8765,-18.1902
274,72,-41.4208,-31.1404
276,72,-32.1585,-22.073
278,72,-34.1203,-32.4486
280,72,-36.2375,-37.0245
282,72,-37.9573,-26.1589
284,72,-24.5658,-16.6224
286,72,-22.617,-16.325
288,72,-32.5805,-29.1144
290,72,-25.888,-20.841
292,72,-22.8934,-18.9957
294,72,-29.5947,-25.9836
296,72,-43.1496,-41.9689
298,72,-24.4854,-32.5294
300,72,-16.5088,-21.2142
302,72,-15.6194,-19.9367
304,72,-23.734,-28.9963
306,72,-21.3973,-25.451
308,72,-14.9905,-20.0684
310,72,-15.7681,-20.9467
312,72,-22.213,-25.6919
314,72,-45.7001,-35.8647
316,72,-46.3552,-45.7696
318,72,-24.5424,-34.302
320,72,-17.7241,-28.2814
322,72,-16.5799,-26.2612
324,72,-21.0371,-28.2908
326,72,-29.4736,-39.2319
328,72,-16.2689,-26.8685
330,72,-11.9309,-20.5571
332,72,-10.3442,-17.8331
334,72,-10.4895,-17.1136
336,72,-12.0598,-18.1297
338,72,-15.1838,-21.0966
340,72,-20.7889,-26.7967
342,72,-29.6865,-38.4841
344,72,-24.0502,-34.5664
346,72,-20.477,-30.1845
348,72,-19.5145,-29.1533
350,72,-19.9796,-29.5586
352,72,-21.3311,-30.6664
354,72,-22.9399,-32.1355
356,72,-23.8086,-33.9114
358,72,-23.573,-36.009
360,72,-23.1381,-38.324
0,74,-29.2344,-39.8194
2,74,-28.5818,-41.0945
4,74,-29.3976,-42.7068
6,74,-30.1121,-44.0077
8,74,-26.2566,-42.3162
10,74,-22.7133,-38.5479
12,74,-21.8012,-34.7448
14,74,-22.8882,-32.7697
16,74,-22.9755,-33.683
18,74,-23.9251,-35.8458
20,74,-26.8843,-36.1399
22,74,-18.288,-39.6898
24,74,-14.3194,-25.9711
26,74,-12.0878,-19.541
28,74,-9.93033,-16.6788
30,74,-10.2273,-16.2195
32,74,-15.1749,-18.2408
34,74,-28.8392,-25.1256
36,74,-27.936,-29.3059
38,74,-21.2915,-19.7441
40,74,-18.2689,-20.0763
42,74,-21.2027,-29.1959
44,74,-33.1613,-34.551
46,74,-29.9612,-34.1308
48,74,-22.2468,-34.5459
50,74,-14.9719,-18.9723
52,74,-17.1852,-16.1944
54,74,-23.448,-21.3798
56,74,-29.437,-42.1703
58,74,-14.8049,-25.1533
60,74,-14.2343,-20.2451
62,74,-22.6006,-24.215
64,74,-45.7796,-40.8363
66,74,-23.7143,-41.4264
68,74,-16.8398,-20.9632
70,74,-18.5108,-18.7776
72,74,-39.8216,-28.3052
74,74,-21.7562,-12.8003
76,74,-27.5648,-12.6756
78,74,-41.3424,-21.9377
80,74,-35.291,-28.4542
82,74,-24.2267,-24.3843
84,74,-24.1079,-20.6841
86,74,-32.9983,-28.7098
88,74,-40.2776,-16.7564
90,74,-58.5359,-11.7844
92,74,-37.7841,-16.1435
94,74,-35.1266,-30.1153
96,74,-23.8296,-20.4909
98,74,-23.7579,-25.4861
100,74,-35.2698,-28.0722
102,74,-42.5255,-22.8066
104,74,-26.8812,-12.6914
106,74,-21.873,-12.5511
108,74,-41.0614,-26.9451
110,74,-18.4792,-18.8808
112,74,-16.789,-20.6331
114,74,-23.501,-38.9234
116,74,-41.8746,-56.6316
118,74,-22.8479,-24.8264
120,74,-14.1615,-19.9695
122,74,-14.7979,-24.1778
124,74,-30.1446,-47.4616
126,74,-23.4112,-21.7377
128,74,-17.0799,-16.1583
130,74,-14.9343,-18.7666
132,74,-22.3647,-33.904
134,74,-30.4033,-32.7537
136,74,-32.0456,-33.7526
138,74,-21.234,-29.4693
140,74,-18.1635,-20.3108
142,74,-20.9009,-20.2282
144,74,-28.278,-31.2026
146,74,-28.3753,-24.2565
148,74,-15.0463,-18.1268
150,74,-10.2042,-16.2808
152,74,-9.92814,-16.7543
154,74,-12.0449,-19.7754
156,74,-14.2231,-27.0762
158,74,-18.2685,-38.9214
160,74,-27.4303,-33.3231
162,74,-24.3633,-34.5085
164,74,-23.5,-33.5536
166,74,-23.5637,-33.3716
168,74,-22.5094,-35.9173
170,74,-23.4426,-39.002
172,74,-27.018,-40.9821
174,74,-30.9915,-42.1979
176,74,-29.9535,-41.1951
178,74,-28.5364,-40.1293
180,74,-28.4908,-39.9708
182,74,-29.0676,-39.6181
184,74,-28.6486,-38.1004
186,74,-26.4117,-35.739
188,74,-23.8135,-33.0987
190,74,-21.8403,-30.5832
192,74,-20.754,-28.7381
194,74,-20.7956,-28.2098
196,74,-22.6241,-29.8873
198,74,-28.2787,-36.7707
200,74,-27.9697,-34.0216
202,74,-19.3887,-24.8069
204,74,-14.9053,-20.5296
206,74,-12.4075,-18.752
208,74,-11.4228,-18.898
210,74,-12.0129,-20.9581
212,74,-14.58,-26.018
214,74,-21.0385,-44.0992
216,74,-28.4425,-31.0607
218,74,-18.7493,-27.2065
220,74,-18.007,-28.3332
222,74,-23.0418,-33.9347
224,74,-41.8,-39.8999
226,74,-40.4632,-48.7951
228,74,-25.4859,-29.7809
230,74,-17.0763,-23.1173
232,74,-15.0183,-21.0485
234,74,-19.2325,-24.6196
236,74,-29.2525,-33.5885
238,74,-16.4473,-20.6642
240,74,-16.2005,-20.5839
242,74,-23.1147,-29.791
244,74,-48.3083,-40.4188
246,74,-35.5936,-31.6369
248,74,-25.3116,-20.9442
250,74,-26.7452,-21.6553
252,74,-36.8371,-32.6379
254,74,-24.1662,-17.9386
256,74,-25.2051,-18.2376
258,74,-37.2456,-28.4871
260,74,-35.6878,-35.5229
262,74,-33.4155,-34.8177
264,74,-34.0383,-23.1534
266,74,-43.9114,-32.07
268,74,-40.9936,-18.9022
270,74,-60.5274,-14.3124
272,74,-42.0074,-19.0582
274,74,-45.1937,-30.9703
276,74,-34.9758,-22.7706
278,74,-34.6139,-32.8094
280,74,-36.0576,-40.3054
282,74,-36.8583,-26.5132
284,74,-25.0658,-17.9201
286,74,-24.1446,-18.2467
288,74,-37.2418,-35.6638
290,74,-26.4928,-21.3356
292,74,-25.22,-20.753
294,74,-35.0024,-29.5409
296,74,-43.1602,-45.3368
298,74,-22.9418,-30.1544
300,74,-16.3031,-21.3185
302,74,-16.5899,-21.4326
304,74,-29.3116,-35.5836
306,74,-19.3772,-24.4028
308,74,-15.1226,-21.0642
310,74,-17.1578,-23.3389
312,74,-25.5813,-29.9978
314,74,-45.5169,-45.7434
316,74,-38.0628,-44.8391
318,74,-22.3621,-35.894
320,74,-17.7291,-29.4494
322,74,-18.6074,-27.7197
324,74,-28.826,-30.924
326,74,-20.9093,-43.2693
328,74,-14.3257,-26.339
330,74,-11.8007,-21.2349
332,74,-11.2878,-19.1982
334,74,-12.3146,-19.1094
336,74,-14.8142,-21.0549
338,74,-19.3082,-25.7967
340,74,-27.9019,-36.313
342,74,-27.5055,-34.9268
344,74,-22.0129,-29.7334
346,74,-20.1717,-28.4399
348,74,-20.1181,-28.8786
350,74,-21.2924,-30.3055
352,74,-23.5347,-32.1964
354,74,-26.6746,-34.2062
356,74,-29.7182,-36.2355
358,74,-30.3783,-38.2038
360,74,-29.2344,-39.8194
0,76,-46.1359,-42.5667
2,76,-41.5831,-41.9346
4,76,-38.5883,-41.9742
6,76,-43.9006,-42.9021
8,76,-35.4096,-43.5021
10,76,-27.0073,-41.4497
12,76,-24.0266,-36.376
14,76,-23.9519,-32.9599
16,76,-22.7922,-32.6908
18,76,-21.3419,-33.976
20,76,-24.6724,-33.1636
22,76,-23.2045,-38.7865
24,76,-17.3689,-31.8021
26,76,-14.1921,-22.196
28,76,-10.8168,-17.9409
30,76,-10.0477,-16.19
32,76,-13.8233,-16.8294
34,76,-23.5192,-21.1724
36,76,-29.1931,-41.5864
38,76,-24.7299,-21.022
40,76,-18.5715,-19.7205
42,76,-19.8753,-27.0848
44,76,-31.6863,-42.8493
46,76,-30.3588,-34.1551
48,76,-25.2245,-39.5395
50,76,-16.6187,-19.705
52,76,-18.457,-16.3573
54,76,-21.5527,-20.972
56,76,-33.1496,-37.1692
58,76,-15.693,-25.1092
60,76,-14.8565,-19.7541
62,76,-23.1726,-23.1413
64,76,-49.0361,-39.3721
66,76,-25.204,-38.2445
68,76,-17.091,-19.6909
70,76,-18.046,-17.2227
72,76,-43.4845,-33.8648
74,76,-23.7913,-13.3732
76,76,-29.8486,-12.9198
78,76,-36.2303,-21.1742
80,76,-35.4104,-28.4933
82,76,-25.0558,-25.0601
84,76,-25.2976,-23.544
86,76,-33.5599,-29.3781
88,76,-41.7293,-18.1162
90,76,-58.3582,-12.9239
92,76,-39.4852,-17.4875
94,76,-35.7364,-30.4066
96,76,-24.9621,-23.0847
98,76,-24.6398,-26.171
100,76,-35.2088,-28.0418
102,76,-37.1862,-21.9002
104,76,-29.039,-12.9303
106,76,-24.1193,-13.1097
108,76,-40.5434,-31.259
110,76,-18.1316,-17.3883
112,76,-17.1314,-19.5525
114,76,-25.0375,-35.5226
116,76,-43.9129,-46.3188
118,76,-23.3011,-23.4021
120,76,-14.78,-19.37
122,76,-15.7572,-24.1732
124,76,-35.1388,-41.0441
126,76,-21.6859,-21.0757
128,76,-18.3145,-16.208
130,76,-16.5085,-19.4783
132,76,-25.1042,-40.6606
134,76,-31.2283,-33.1685
136,76,-30.7081,-41.4617
138,76,-19.9325,-27.3103
140,76,-18.5563,-19.9814
142,76,-24.3456,-21.6054
144,76,-29.5662,-40.2009
146,76,-23.2426,-20.7059
148,76,-13.7519,-16.8361
150,76,-10.0452,-16.3449
152,76,-10.8209,-18.1123
154,76,-14.12,-22.6108
156,76,-17.21,-33.9209
158,76,-23.3079,-34.8018
160,76,-25.3497,-31.8327
162,76,-21.7131,-33.7079
164,76,-23.2763,-33.0549
166,76,-24.7071,-33.7476
168,76,-24.9012,-37.0143
170,76,-28.034,-39.9395
172,76,-37.0395,-41.2033
174,76,-47.1936,-40.9267
176,76,-40.6187,-39.8538
178,76,-42.3546,-40.2215
180,76,-41.3909,-42.048
182,76,-42.3423,-43.3159
184,76,-40.7275,-42.1378
186,76,-32.5377,-39.435
188,76,-27.5231,-36.1774
190,76,-24.5335,-32.9358
192,76,-22.8299,-30.2566
194,76,-22.1963,-28.7288
196,76,-22.9293,-28.9223
198,76,-26.3168,-31.9089
200,76,-38.7118,-40.7463
202,76,-25.4768,-29.9946
204,76,-18.6646,-23.7247
206,76,-14.9405,-21.0995
208,76,-12.9461,-20.7693
210,76,-12.519,-22.3003
212,76,-13.7816,-26.4014
214,76,-17.6923,-37.4743
216,76,-30.8752,-32.7957
218,76,-21.9378,-28.3699
220,76,-18.6782,-29.1987
222,76,-21.8456,-35.343
224,76,-33.6381,-42.6578
226,76,-42.5901,-43.8512
228,76,-28.8483,-35.4467
230,76,-18.6009,-25.9878
232,76,-15.4688,-22.4987
234,76,-18.1416,-24.5023
236,76,-42.665,-41.8112
238,76,-17.8709,-22.4931
240,76,-16.5088,-21.1502
242,76,-22.4682,-28.6836
244,76,-46.9344,-40.5817
246,76,-43.7121,-37.8796
248,76,-26.4947,-22.9042
250,76,-26.2642,-22.3093
252,76,-44.1745,-39.7762
254,76,-25.0933,-19.5661
256,76,-25.112,-19.2306
258,76,-34.8301,-28.4312
260,76,-36.5478,-37.008
262,76,-34.3365,-35.8854
264,76,-37.7615,-23.9171
266,76,-45.9915,-31.5715
268,76,-41.5439,-19.5654
270,76,-57.2882,-14.7289
272,76,-43.0971,-19.5521
274,76,-48.7806,-30.8697
276,76,-39.4346,-23.3853
278,76,-35.7372,-33.2703
280,76,-37.1312,-42.1863
282,76,-34.3707,-26.7228
284,76,-24.9484,-19.065
286,76,-25.1197,-20.0449
288,76,-43.2569,-46.2042
290,76,-26.2694,-22.0761
292,76,-26.3685,-22.521
294,76,-41.1371,-33.2047
296,76,-41.9774,-54.4602
298,76,-22.4828,-29.0379
300,76,-16.7231,-22.0122
302,76,-18.0654,-23.4781
304,76,-41.5957,-45.3252
306,76,-18.3623,-24.3883
308,76,-15.5742,-22.5574
310,76,-18.6893,-26.2636
312,76,-29.0818,-35.9134
314,76,-48.3891,-52.763
316,76,-31.5978,-49.0739
318,76,-21.2209,-38.3011
320,76,-18.4038,-30.7793
322,76,-21.8019,-29.3029
324,76,-31.2913,-33.7942
326,76,-17.4716,-39.1392
328,76,-13.5026,-26.4776
330,76,-12.3068,-22.4621
332,76,-12.8461,-21.0893
334,76,-14.913,-21.6186
336,76,-18.6825,-24.6312
338,76,-25.6514,-31.857
340,76,-36.7606,-37.6124
342,76,-25.6245,-30.9836
344,76,-22.3584,-28.9796
346,76,-21.6199,-29.1104
348,76,-22.3048,-30.6523
350,76,-24.2347,-33.1785
352,76,-27.7008,-36.148
354,76,-33.6282,-38.964
356,76,-45.9857,-41.1738
358,76,-49.8567,-42.4971
360,76,-46.1359,-42.5667
0,78,-33.2247,-46.5983
2,78,-36.9376,-43.239
4,78,-36.8482,-41.6231
6,78,-34.3073,-41.3757
8,78,-37.6248,-41.6354
10,78,-34.4187,-42.6011
12,78,-27.8869,-38.8101
14,78,-26.4286,-33.7557
16,78,-24.2499,-32.428
18,78,-20.927,-33.4473
20,78,-22.0071,-31.8017
22,78,-27.5506,-33.2156
24,78,-21.0456,-43.1445
26,78,-16.7571,-25.5918
28,78,-12.0307,-19.7106
30,78,-10.2156,-16.6547
32,78,-13.0207,-16.1683
34,78,-20.7998,-19.0695
36,78,-25.7005,-32.0669
38,78,-30.3604,-22.9087
40,78,-19.3911,-19.8427
42,78,-19.2905,-25.5918
44,78,-29.0066,-42.5943
46,78,-31.8863,-36.4148
48,78,-28.1847,-43.1253
50,78,-18.369,-20.614
52,78,-19.8089,-16.7817
54,78,-20.0524,-21.1722
56,78,-31.7381,-34.5174
58,78,-16.8673,-25.2225
60,78,-15.9465,-19.6033
62,78,-24.6879,-22.6375
64,78,-44.327,-37.8266
66,78,-27.1549,-34.8847
68,78,-17.649,-18.7738
70,78,-17.9975,-16.1587
72,78,-36.5391,-42.6537
74,78,-25.9379,-14.1569
76,78,-29.5088,-13.383
78,78,-33.1037,-20.7287
80,78,-33.9582,-28.6412
82,78,-25.5671,-25.6475
84,78,-26.662,-26.7745
86,78,-34.564,-30.0506
88,78,-42.767,-18.8506
90,78,-58.8079,-13.6141
92,78,-41.601,-18.3604
94,78,-36.8495,-30.4694
96,78,-26.396,-25.6958
98,78,-25.2809,-26.5526
100,78,-33.446,-28.3208
102,78,-33.7479,-21.3179
104,78,-28.9809,-13.4039
106,78,-26.6638,-13.8894
108,78,-34.9497,-37.5923
110,78,-18.1696,-16.3529
112,78,-17.7734,-18.7585
114,78,-27.1075,-33.3162
116,78,-41.6135,-40.3398
118,78,-24.8221,-22.5646
120,78,-15.8956,-19.1189
122,78,-17.0401,-24.4268
124,78,-32.8611,-36.0502
126,78,-20.2662,-21.0286
128,78,-19.6233,-16.5283
130,78,-18.1671,-20.4041
132,78,-27.7097,-48.3541
134,78,-33.3398,-35.3903
136,78,-28.3541,-44.0002
138,78,-19.4003,-25.7921
140,78,-19.4885,-20.1354
142,78,-29.967,-23.6705
144,78,-25.6785,-29.8578
146,78,-20.6271,-18.7624
148,78,-12.9958,-16.237
150,78,-10.2303,-16.8604
152,78,-12.0345,-19.9434
154,78,-16.6274,-26.1489
156,78,-20.7782,-45.3208
158,78,-28.3881,-31.7056
160,78,-22.4886,-31.3155
162,78,-21.2149,-33.6009
164,78,-24.6161,-32.8327
166,78,-27.2167,-34.2522
168,78,-28.8389,-38.1088
170,78,-35.2686,-39.7904
172,78,-35.9952,-39.9037
174,78,-33.3804,-39.522
176,78,-35.8562,-39.4039
178,78,-35.9235,-41.2748
180,78,-32.7312,-45.2462
182,78,-32.8564,-47.1235
184,78,-37.7121,-46.4109
186,78,-41.1721,-45.8552
188,78,-32.0133,-42.2369
190,78,-27.8858,-37.4364
192,78,-25.7887,-33.4159
194,78,-24.7063,-30.7249
196,78,-24.5269,-29.7144
198,78,-26.0364,-30.7958
200,78,-31.9418,-35.432
202,78,-36.7264,-35.7755
204,78,-23.8186,-27.3549
206,78,-18.1679,-23.7599
208,78,-14.8892,-22.9316
210,78,-13.4366,-23.811
212,78,-13.6943,-26.6849
214,78,-16.1787,-33.1888
216,78,-24.3574,-33.1085
218,78,-26.6698,-29.5169
220,78,-19.8376,-30.0489
222,78,-21.3825,-35.749
224,78,-29.8181,-53.9922
226,78,-49.2652,-41.371
228,78,-33.0613,-40.0991
230,78,-20.4455,-29.2161
232,78,-16.2971,-24.4411
234,78,-17.7822,-25.1998
236,78,-34.5574,-40.5466
238,78,-19.7665,-24.778
240,78,-17.3155,-22.1551
242,78,-22.5885,-28.3147
244,78,-44.251,-41.8148
246,78,-44.7795,-43.8008
248,78,-26.2067,-24.6279
250,78,-25.2823,-23.0364
252,78,-59.9485,-47.4776
254,78,-25.5997,-20.9898
256,78,-24.9075,-20.121
258,78,-33.0816,-28.3925
260,78,-38.7463,-37.8516
262,78,-36.3659,-36.9261
264,78,-42.7501,-24.964
266,78,-44.9669,-31.4762
268,78,-42.0124,-20.301
270,78,-55.9509,-15.2216
272,78,-44.0245,-20.1011
274,78,-47.4942,-31.0843
276,78,-45.706,-24.2282
278,78,-37.8395,-34.1814
280,78,-39.5279,-42.2364
282,78,-32.6228,-26.9647
284,78,-24.7202,-20.0526
286,78,-25.6291,-21.593
288,78,-48.9737,-47.2813
290,78,-25.4136,-22.8454
292,78,-26.0619,-24.0305
294,78,-41.6784,-35.932
296,78,-41.5482,-49.3351
298,78,-22.7917,-28.731
300,78,-17.6038,-23.1844
302,78,-19.9477,-26.0813
304,78,-36.0083,-39.3764
306,78,-18.0553,-25.1456
308,78,-16.3788,-24.4856
310,78,-20.5085,-29.6278
312,78,-33.336,-45.2001
314,78,-61.1599,-44.9497
316,78,-28.3277,-50.6922
318,78,-20.7637,-38.7286
320,78,-19.5252,-31.8531
322,78,-26.4711,-30.8768
324,78,-24.2312,-35.905
326,78,-15.9189,-34.4558
328,78,-13.4,-26.5522
330,78,-13.2402,-23.8247
332,78,-14.8526,-23.2497
334,78,-18.2625,-24.451
336,78,-24.1166,-28.6774
338,78,-39.1767,-36.6349
340,78,-30.756,-33.1116
342,78,-25.3776,-30.2819
344,78,-23.9998,-30.0093
346,78,-24.3041,-31.434
348,78,-25.7265,-34.522
350,78,-28.5602,-39.3514
352,78,-34.3187,-45.8525
354,78,-60.1526,-51.0428
356,78,-36.5025,-50.444
358,78,-32.7482,-49.487
360,78,-33.2247,-46.5983
0,80,-28.8515,-50.0751
2,80,-30.6396,-44.6979
4,80,-31.976,-41.6702
6,80,-30.0648,-40.5821
8,80,-30.2373,-39.9312
10,80,-36.0774,-40.7925
12,80,-34.1414,-40.7623
14,80,-30.2606,-34.6521
16,80,-26.9135,-32.2328
18,80,-21.5916,-33.2902
20,80,-20.912,-31.5858
22,80,-27.3568,-31.1159
24,80,-25.5308,-44.3692
26,80,-19.735,-29.6569
28,80,-13.448,-21.869
30,80,-10.6061,-17.4388
32,80,-12.5525,-15.9621
34,80,-19.0473,-17.9009
36,80,-23.2205,-26.599
38,80,-42.8846,-25.2882
40,80,-20.5841,-20.2794
42,80,-19.2269,-24.6354
44,80,-27.2336,-33.2586
46,80,-33.9426,-41.247
48,80,-30.6654,-43.3858
50,80,-20.0866,-21.6179
52,80,-20.9885,-17.3603
54,80,-18.8757,-21.7918
56,80,-28.8548,-33.2124
58,80,-18.1566,-25.4912
60,80,-17.4255,-19.6995
62,80,-27.1688,-22.5699
64,80,-42.1115,-36.8706
66,80,-29.4472,-33.6442
68,80,-18.4629,-18.2695
70,80,-18.2961,-15.5037
72,80,-33.6745,-36.8351
74,80,-27.7587,-15.1008
76,80,-27.2195,-14.0073
78,80,-31.1102,-20.4872
80,80,-32.365,-28.8373
82,80,-25.7516,-26.1823
84,80,-28.054,-28.8663
86,80,-36.0193,-30.4286
88,80,-43.2743,-18.9746
90,80,-59.1694,-13.8569
92,80,-44.0102,-18.7427
94,80,-38.5091,-30.0972
96,80,-27.9948,-27.1311
98,80,-25.5583,-26.8311
100,80,-31.6957,-28.7947
102,80,-31.4413,-20.96
104,80,-26.9651,-14.0526
106,80,-29.0243,-14.8342
108,80,-32.4231,-38.5114
110,80,-18.534,-15.7038
112,80,-18.6776,-18.3309
114,80,-29.6916,-32.7303
116,80,-39.822,-36.9911
118,80,-27.4641,-22.1621
120,80,-17.4225,-19.1336
122,80,-18.4733,-24.9358
124,80,-29.0022,-33.6258
126,80,-19.09,-21.4189
128,80,-20.7676,-17.0253
130,80,-19.7959,-21.4783
132,80,-29.7984,-43.9943
134,80,-36.3816,-39.9808
136,80,-26.8092,-33.6089
138,80,-19.3958,-24.8404
140,80,-20.8183,-20.6229
142,80,-41.4541,-26.3537
144,80,-23.0709,-25.3546
146,80,-18.9521,-17.6758
148,80,-12.5667,-16.0574
150,80,-10.6342,-17.6586
152,80,-13.4455,-22.1212
154,80,-19.5095,-30.1744
156,80,-25.0855,-39.4833
158,80,-28.5888,-30.4853
160,80,-21.2813,-31.4867
162,80,-21.7575,-33.4978
164,80,-27.022,-32.5149
166,80,-31.0182,-34.8347
168,80,-34.6402,-39.1245
170,80,-35.1503,-39.0583
172,80,-29.901,-38.9485
174,80,-29.5627,-39.207
176,80,-31.2041,-40.0394
178,80,-29.9469,-43.3084
180,80,-28.2615,-47.8898
182,80,-28.7715,-45.1781
184,80,-31.7428,-43.8404
186,80,-35.1359,-46.571
188,80,-32.525,-58.2223
190,80,-29.7185,-47.6006
192,80,-28.5141,-38.9865
194,80,-27.829,-34.1003
196,80,-26.9353,-31.5637
198,80,-26.7168,-31.0707
200,80,-28.6776,-33.0442
202,80,-35.4759,-37.5716
204,80,-31.4256,-31.1602
206,80,-22.1078,-26.5144
208,80,-17.1145,-25.0842
210,80,-14.652,-25.0768
212,80,-14.1485,-26.605
214,80,-15.7464,-30.5856
216,80,-21.6335,-32.1665
218,80,-34.2273,-30.4802
220,80,-21.3217,-30.7292
222,80,-21.4332,-34.6167
224,80,-27.9519,-48.0178
226,80,-48.1516,-41.8054
228,80,-39.7748,-39.7289
230,80,-22.813,-32.4134
232,80,-17.5476,-26.8811
234,80,-18.0028,-26.5889
236,80,-29.3213,-36.8653
238,80,-21.934,-27.4031
240,80,-18.3877,-23.4016
242,80,-23.0896,-28.3534
244,80,-41.6029,-42.4217
246,80,-41.8182,-44.816
248,80,-25.7472,-25.9498
250,80,-24.6049,-23.6923
252,80,-45.8489,-45.0387
254,80,-26.0536,-22.232
256,80,-25.058,-21.0244
258,80,-32.3802,-28.6735
260,80,-42.4871,-37.9716
262,80,-40.1394,-38.0353
264,80,-43.2107,-26.4915
266,80,-42.9033,-31.9724
268,80,-42.2346,-21.3805
270,80,-55.8939,-16.0742
272,80,-44.5927,-20.9894
274,80,-44.8267,-31.7893
276,80,-44.6307,-25.4662
278,80,-41.6675,-35.6916
280,80,-43.6115,-41.6282
282,80,-31.9727,-27.476
284,80,-24.8513,-20.9652
286,80,-26.0704,-22.8591
288,80,-45.8733,-41.6792
290,80,-24.7448,-23.4743
292,80,-25.5873,-25.143
294,80,-39.7075,-36.896
296,80,-41.3188,-42.888
298,80,-23.4433,-28.8587
300,80,-18.6811,-24.6442
302,80,-22.0101,-29.2117
304,80,-30.5093,-35.9869
306,80,-18.3012,-26.5549
308,80,-17.5792,-26.8125
310,80,-22.806,-33.1854
312,80,-39.8507,-49.4433
314,80,-46.9371,-42.5783
316,80,-26.675,-44.0025
318,80,-20.8049,-37.0639
320,80,-20.9421,-32.5931
322,80,-33.762,-32.2469
324,80,-21.4433,-35.4022
326,80,-15.4589,-31.4567
328,80,-13.8522,-26.3833
330,80,-14.4944,-24.9743
332,80,-17.1812,-25.3656
334,80,-22.4245,-27.3226
336,80,-32.7268,-32.5164
338,80,-34.8473,-35.0233
340,80,-27.884,-31.5273
342,80,-26.1024,-30.8811
344,80,-26.5412,-32.2001
346,80,-27.9803,-35.5304
348,80,-29.7015,-42.4124
350,80,-32.22,-56.2601
352,80,-36.3508,-46.0856
354,80,-36.3759,-43.7409
356,80,-31.6894,-44.4105
358,80,-29.1327,-47.758
360,80,-28.8515,-50.0751
0,82,-27.2603,-47.9282
2,82,-28.339,-45.6627
4,82,-29.9353,-41.8645
6,82,-28.5817,-40.3802
8,82,-27.6528,-39.2253
10,82,-30.942,-39.2556
12,82,-42.9636,-41.2249
14,82,-35.9462,-35.3326
16,82,-30.7516,-31.8534
18,82,-22.8452,-32.8157
20,82,-20.7102,-31.8597
22,82,-25.6254,-30.3567
24,82,-31.3535,-37.6521
26,82,-23.1045,-33.9571
28,82,-14.9508,-24.2831
30,82,-11.1323,-18.4076
32,82,-12.3136,-16.0356
34,82,-17.7421,-17.2852
36,82,-21.7693,-23.9599
38,82,-40.3149,-27.9156
40,82,-22.0103,-20.8928
42,82,-19.5323,-24.0779
44,82,-26.3539,-29.1265
46,82,-35.1139,-42.624
48,82,-32.2113,-41.775
50,82,-21.6594,-22.6369
52,82,-21.7682,-18.0058
54,82,-17.8952,-22.7076
56,82,-26.9951,-32.3723
58,82,-19.4078,-25.8706
60,82,-19.2125,-19.9645
62,82,-30.3228,-22.8355
64,82,-40.5832,-36.4677
66,82,-31.8441,-33.46
68,82,-19.4855,-18.1024
70,82,-18.8889,-15.1725
72,82,-32.4543,-32.3036
74,82,-28.6689,-16.1391
76,82,-24.9949,-14.726
78,82,-29.849,-20.3608
80,82,-31.1857,-29.0667
82,82,-25.8013,-26.6482
84,82,-29.2937,-28.1053
86,82,-37.9104,-30.3889
88,82,-43.387,-18.7923
90,82,-59.0815,-13.8508
92,82,-45.8555,-18.8361
94,82,-40.652,-29.4391
96,82,-29.5026,-26.7235
98,82,-25.6075,-27.1079
100,82,-30.4562,-29.3668
102,82,-29.9011,-20.7435
104,82,-24.8746,-14.8021
106,82,-30.3087,-15.8715
108,82,-31.2827,-34.0643
110,82,-19.1815,-15.3561
112,82,-19.8117,-18.2038
114,82,-32.6977,-33.0927
116,82,-38.679,-34.8551
118,82,-31.0559,-22.0968
120,82,-19.2741,-19.3469
122,82,-19.887,-25.6368
124,82,-26.6392,-32.0373
126,82,-18.0638,-22.1378
128,82,-21.5325,-17.6174
130,82,-21.3021,-22.6203
132,82,-31.0656,-40.2361
134,82,-38.5085,-43.0254
136,82,-26.0812,-29.3281
138,82,-19.7592,-24.3138
140,82,-22.4085,-21.3098
142,82,-38.0949,-29.3929
144,82,-21.5751,-23.0461
146,82,-17.7109,-17.1102
148,82,-12.3586,-16.13
150,82,-11.1697,-18.6073
152,82,-14.9388,-24.4943
154,82,-22.7316,-33.7555
156,82,-30.6156,-35.92
158,82,-26.5342,-30.1149
160,82,-20.9963,-31.8965
162,82,-22.8452,-33.0083
164,82,-30.289,-32.1473
166,82,-36.5788,-35.6474
168,82,-39.7225,-40.2788
170,82,-30.948,-38.6109
172,82,-27.6907,-38.843
174,82,-28.2784,-39.8677
176,82,-29.3952,-41.5401
178,82,-27.7629,-45.9192
180,82,-26.5615,-46.4997
182,82,-27.2904,-41.8225
184,82,-29.5914,-40.1146
186,82,-31.1396,-40.5769
188,82,-29.9716,-42.3497
190,82,-28.9786,-46.3236
192,82,-29.5049,-51.1467
194,82,-30.7526,-39.4723
196,82,-29.8352,-34.1853
198,82,-27.9272,-31.9382
200,82,-27.7283,-32.1328
202,82,-30.2812,-35.5978
204,82,-40.211,-34.4637
206,82,-26.9112,-29.0824
208,82,-19.5378,-26.9227
210,82,-16.1295,-25.914
212,82,-15.0772,-26.4083
214,82,-16.0985,-29.147
216,82,-20.7119,-31.095
218,82,-63.0121,-31.1556
220,82,-23.033,-31.222
222,82,-21.8432,-33.2795
224,82,-27.1339,-40.9816
226,82,-46.6516,-43.4847
228,82,-59.2468,-38.714
230,82,-25.9609,-34.9215
232,82,-19.2405,-29.8554
234,82,-18.6639,-28.5702
236,82,-27.3874,-35.396
238,82,-24.0088,-30.1701
240,82,-19.408,-24.6317
242,82,-23.4733,-28.4938
244,82,-38.8208,-41.6141
246,82,-40.1439,-44.6197
248,82,-25.858,-26.9932
250,82,-24.6177,-24.2457
252,82,-42.9286,-41.9535
254,82,-26.7454,-23.3713
256,82,-25.8338,-22.012
258,82,-32.751,-29.4337
260,82,-46.3854,-37.6447
262,82,-46.3356,-39.5528
264,82,-39.3813,-28.5987
266,82,-41.5922,-33.2073
268,82,-42.1235,-22.9524
270,82,-56.9854,-17.4497
272,82,-44.689,-22.371
274,82,-43.2426,-33.0909
276,82,-40.4041,-27.1321
278,82,-49.2906,-37.8884
280,82,-48.6078,-41.129
282,82,-32.4158,-28.3828
284,82,-25.6132,-21.8824
286,82,-26.7817,-23.9068
288,82,-43.9076,-39.0125
290,82,-24.7171,-23.9199
292,82,-25.6983,-25.9792
294,82,-38.9287,-37.0694
296,82,-39.5642,-39.8659
298,82,-23.8602,-29.0795
300,82,-19.6107,-26.1047
302,82,-23.8893,-32.7726
304,82,-28.4623,-34.8527
306,82,-18.9586,-28.5339
308,82,-19.1988,-29.5239
310,82,-25.8137,-36.3144
312,82,-58.1312,-43.5392
314,82,-44.2282,-41.6447
316,82,-25.9486,-40.8348
318,82,-21.2105,-35.7094
320,82,-22.5719,-33.1782
322,82,-56.3659,-33.1262
324,82,-20.4776,-33.5321
326,82,-15.7832,-29.7097
328,82,-14.7909,-26.188
330,82,-16.0361,-25.7823
332,82,-19.7565,-27.1315
334,82,-27.6531,-29.8519
336,82,-41.6665,-34.6894
338,82,-29.6891,-33.0176
340,82,-27.1265,-31.1112
342,82,-27.43,-32.0908
344,82,-29.8004,-35.3777
346,82,-32.132,-42.7885
348,82,-31.7461,-47.3058
350,82,-31.2858,-39.5509
352,82,-31.8908,-37.4475
354,82,-32.0132,-37.612
356,82,-30.0879,-39.2781
358,82,-27.9824,-42.6887
360,82,-27.2603,-47.9282
0,84,-26.7161,-44.5135
2,84,-27.3709,-45.4705
4,84,-29.1151,-41.9236
6,84,-28.2486,-40.416
8,84,-26.6988,-39.2738
10,84,-28.5627,-38.7358
12,84,-38.0253,-41.1994
14,84,-44.9955,-35.7572
16,84,-35.9947,-31.3363
18,84,-24.3398,-31.9279
20,84,-20.9767,-32.0723
22,84,-24.5878,-30.141
24,84,-40.1829,-35.7085
26,84,-26.8401,-37.0228
28,84,-16.4125,-26.757
30,84,-11.7268,-19.4447
32,84,-12.2491,-16.2729
34,84,-16.6925,-17.02
36,84,-20.842,-22.545
38,84,-34.5181,-30.2375
40,84,-23.4808,-21.5578
42,84,-20.089,-23.8053
44,84,-26.1707,-26.7377
46,84,-34.1766,-37.1385
48,84,-32.6802,-39.9034
50,84,-23.0207,-23.5952
52,84,-22.0312,-18.6494
54,84,-16.9888,-23.8346
56,84,-25.6762,-31.6656
58,84,-20.5285,-26.3059
60,84,-21.2285,-20.3338
62,84,-31.9276,-23.3547
64,84,-38.9048,-36.4461
66,84,-33.8984,-33.9008
68,84,-20.6829,-18.1838
70,84,-19.7451,-15.0868
72,84,-32.0066,-30.1288
74,84,-28.512,-17.1979
76,84,-23.2123,-15.4746
78,84,-29.0243,-20.2917
80,84,-30.4657,-29.3346
82,84,-25.9433,-26.9535
84,84,-30.2663,-26.2552
86,84,-40.0792,-30.0784
88,84,-43.4367,-18.57
90,84,-58.8365,-13.7954
92,84,-46.1203,-18.8488
94,84,-42.7332,-28.7793
96,84,-30.6488,-25.5654
98,84,-25.6812,-27.3385
100,84,-29.6977,-29.9503
102,84,-28.8716,-20.609
104,84,-23.1905,-15.5769
106,84,-30.1276,-16.9225
108,84,-30.8558,-31.493
110,84,-20.0896,-15.2312
112,84,-21.1562,-18.2908
114,84,-35.6267,-34.0838
116,84,-37.8385,-33.4313
118,84,-32.9878,-22.303
120,84,-21.3681,-19.7013
122,84,-21.1617,-26.4322
124,84,-25.0128,-30.8462
126,84,-17.0991,-23.1135
128,84,-21.8046,-18.2329
130,84,-22.6288,-23.7295
132,84,-31.492,-38.1086
134,84,-36.9687,-37.8021
136,84,-25.9984,-26.9111
138,84,-20.372,-24.0859
140,84,-24.0686,-22.063
142,84,-33.0271,-31.9527
144,84,-20.6443,-21.8056
146,84,-16.7081,-16.8771
148,84,-12.3155,-16.3419
150,84,-11.7701,-19.5917
152,84,-16.3918,-26.83
154,84,-26.2488,-35.2619
156,84,-39.1299,-34.7565
158,84,-25.2757,-30.0649
160,84,-21.1942,-32.1668
162,84,-24.1375,-32.234
164,84,-34.0846,-31.8381
166,84,-45.8903,-36.7589
168,84,-37.049,-41.8113
170,84,-28.9593,-38.6903
172,84,-26.932,-39.4601
174,84,-28.0905,-41.1816
176,84,-28.8072,-43.4406
178,84,-26.9243,-47.2114
180,84,-25.9764,-43.5816
182,84,-26.8542,-39.4554
184,84,-28.7186,-37.5946
186,84,-29.2028,-37.0044
188,84,-28.1188,-37.0931
190,84,-27.7611,-38.3198
192,84,-29.1649,-43.2049
194,84,-32.509,-50.7017
196,84,-32.8982,-37.4644
198,84,-29.364,-32.9967
200,84,-27.8126,-31.8286
202,84,-28.6641,-34.0386
204,84,-34.6653,-36.2195
206,84,-33.1156,-31.1812
208,84,-22.1497,-28.2853
210,84,-17.8912,-26.4412
212,84,-16.4682,-26.3722
214,84,-17.0888,-28.5263
216,84,-20.8019,-30.4118
218,84,-38.4189,-31.5912
220,84,-24.9436,-31.5983
222,84,-22.4664,-32.4605
224,84,-26.8088,-38.3535
226,84,-48.5696,-45.5203
228,84,-43.345,-38.5882
230,84,-30.3142,-36.1877
232,84,-21.3224,-33.2416
234,84,-19.5707,-30.8838
236,84,-26.7781,-34.7974
238,84,-25.5663,-32.82
240,84,-20.0864,-25.6243
242,84,-23.3831,-28.5544
244,84,-36.4585,-40.4362
246,84,-38.7219,-44.7697
248,84,-26.7235,-28.0202
250,84,-25.4562,-24.7592
252,84,-43.9745,-39.9279
254,84,-27.7999,-24.4832
256,84,-27.3996,-23.0606
258,84,-34.3123,-30.6617
260,84,-44.3726,-37.2499
262,84,-44.7168,-41.8619
264,84,-36.8368,-31.1405
266,84,-41.222,-35.3788
268,84,-41.763,-25.0826
270,84,-59.4252,-19.4681
272,84,-44.4013,-24.33
274,84,-42.614,-35.0638
276,84,-38.1131,-29.0376
278,84,-48.6181,-40.636
280,84,-46.1571,-40.9234
282,84,-34.0343,-29.6618
284,84,-27.1803,-22.826
286,84,-27.9422,-24.8357
288,84,-45.1911,-37.2888
290,84,-25.4835,-24.2573
292,84,-26.5846,-26.7843
294,84,-38.9862,-37.565
296,84,-37.0301,-38.3116
298,84,-23.6651,-29.1883
300,84,-20.1294,-27.2588
302,84,-25.2397,-36.4903
304,84,-27.6849,-34.5814
306,84,-19.829,-30.8974
308,84,-21.1938,-32.545
310,84,-29.861,-38.0545
312,84,-44.3058,-41.2981
314,84,-42.2262,-41.4488
316,84,-25.6705,-39.737
318,84,-21.8478,-35.1679
320,84,-24.3959,-33.7308
322,84,-38.7292,-33.3864
324,84,-20.501,-31.9714
326,84,-16.7371,-28.8267
328,84,-16.2019,-26.1705
330,84,-17.8868,-26.3368
332,84,-22.5739,-28.3839
334,84,-34.8056,-31.6636
336,84,-33.7235,-34.7903
338,84,-28.199,-31.9295
340,84,-27.3814,-31.1832
342,84,-29.1055,-33.5467
344,84,-33.6671,-39.6571
346,84,-34.8754,-50.1861
348,84,-30.9342,-38.3323
350,84,-29.2744,-34.8194
352,84,-29.3746,-34.0429
354,84,-30.0706,-34.7824
356,84,-29.5185,-36.675
358,84,-27.7566,-39.8209
360,84,-26.7161,-44.5135
0,86,-26.5864,-41.9998
2,86,-26.9791,-44.3178
4,86,-28.9017,-41.6994
6,86,-28.5275,-40.4012
8,86,-26.537,-39.7755
10,86,-27.5969,-39.0876
12,86,-34.6191,-41.7959
14,86,-46.5706,-35.9968
16,86,-41.8368,-30.7862
18,86,-25.748,-30.9105
20,86,-21.4478,-31.8993
22,86,-24.1949,-30.0443
24,86,-45.8318,-35.1593
26,86,-30.8135,-37.7664
28,86,-17.6914,-28.9715
30,86,-12.3333,-20.4408
32,86,-12.3271,-16.5922
34,86,-15.8337,-16.9837
36,86,-20.1043,-21.8294
38,86,-33.5285,-31.5907
40,86,-24.6855,-22.1591
42,86,-20.7835,-23.733
44,86,-26.5673,-25.2978
46,86,-32.297,-33.7303
48,86,-32.3157,-38.364
50,86,-24.1553,-24.4241
52,86,-21.8243,-19.2386
54,86,-16.0942,-25.1133
56,86,-24.3733,-31.0512
58,86,-21.5003,-26.7467
60,86,-23.4182,-20.7585
62,86,-30.0001,-24.07
64,86,-37.244,-36.6412
66,86,-35.0864,-34.8009
68,86,-22.0451,-18.4283
70,86,-20.8676,-15.1732
72,86,-31.905,-29.0561
74,86,-27.7022,-18.202
76,86,-21.7491,-16.2048
78,86,-28.3433,-20.2555
80,86,-30.1581,-29.6361
82,86,-26.3585,-26.9721
84,86,-31.0481,-24.7268
86,86,-41.9474,-29.7284
88,86,-43.794,-18.4207
90,86,-58.6889,-13.7898
92,86,-45.6374,-18.8824
94,86,-43.3924,-28.3041
96,86,-31.435,-24.5414
98,86,-26.002,-27.3818
100,86,-29.3332,-30.4582
102,86,-28.1079,-20.5245
104,86,-21.8143,-16.3166
106,86,-29.0799,-17.9129
108,86,-30.8059,-30.1282
110,86,-21.2673,-15.2592
112,86,-22.7118,-18.5105
114,86,-37.0303,-35.5473
116,86,-37.2516,-32.4983
118,86,-30.5769,-22.7395
120,86,-23.6489,-20.1506
122,86,-22.2601,-27.2172
124,86,-23.6026,-29.9787
126,86,-16.1557,-24.2973
128,86,-21.6239,-18.8102
130,86,-23.7619,-24.6881
132,86,-31.3237,-36.8162
134,86,-34.3076,-34.1988
136,86,-26.4551,-25.4789
138,86,-21.1232,-24.0559
140,86,-25.4721,-22.749
142,86,-31.8977,-33.061
144,86,-19.9288,-21.2104
146,86,-15.8743,-16.8584
148,86,-12.4049,-16.614
150,86,-12.3799,-20.5051
152,86,-17.6668,-28.7735
154,86,-29.9109,-35.1049
156,86,-57.2182,-34.5074
158,86,-24.7591,-30.036
160,86,-21.6131,-32.1003
162,86,-25.3414,-31.4177
164,86,-37.0429,-31.5825
166,86,-52.1763,-37.9759
168,86,-34.6924,-43.8634
170,86,-28.1757,-39.2358
172,86,-26.9017,-40.553
174,86,-28.5151,-42.6407
176,86,-28.8638,-44.6803
178,86,-26.71,-45.62
180,86,-25.8981,-41.2234
182,86,-26.882,-37.783
184,86,-28.4125,-35.8427
186,86,-28.2034,-34.7371
188,86,-27.0566,-34.2583
190,86,-26.9431,-34.8013
192,86,-28.6931,-37.6166
194,86,-33.156,-48.6876
196,86,-35.739,-41.3851
198,86,-30.7765,-34.0279
200,86,-28.3972,-31.7759
202,86,-28.3565,-33.0813
204,86,-31.8131,-36.223
206,86,-42.4912,-32.6336
208,86,-25.037,-29.2232
210,86,-20.0096,-26.8623
212,86,-18.3515,-26.6031
214,86,-18.6146,-28.4841
216,86,-21.4302,-30.1682
218,86,-33.5445,-31.9452
220,86,-27.0633,-31.9592
222,86,-23.1422,-32.248
224,86,-26.5291,-37.5388
226,86,-42.3633,-47.5389
228,86,-38.6626,-39.0169
230,86,-36.0688,-36.2806
232,86,-23.4942,-35.7515
234,86,-20.4382,-32.6961
236,86,-26.7386,-34.3679
238,86,-26.4666,-35.1343
240,86,-20.3593,-26.3315
242,86,-22.9102,-28.5427
244,86,-34.959,-39.6991
246,86,-37.3057,-44.489
248,86,-28.4509,-29.2394
250,86,-27.2015,-25.3103
252,86,-50.6064,-38.4348
254,86,-29.1783,-25.6024
256,86,-29.7244,-24.0372
258,86,-37.4317,-32.0362
260,86,-41.0372,-37.0249
262,86,-39.7593,-44.4194
264,86,-35.5603,-32.9327
266,86,-41.7358,-38.79
268,86,-41.3347,-27.5798
270,86,-63.6072,-22.1602
272,86,-43.9393,-26.7663
274,86,-42.6554,-37.6969
276,86,-37.088,-30.4802
278,86,-41.948,-42.4815
280,86,-42.1002,-41.0039
282,86,-37.0359,-31.0547
284,86,-29.5646,-23.7439
286,86,-29.6032,-25.726
288,86,-51.6253,-36.1194
290,86,-27.0932,-24.5913
292,86,-28.3225,-27.7432
294,86,-39.3237,-38.8746
296,86,-35.1817,-37.6121
298,86,-23.056,-29.2046
300,86,-20.2537,-27.9846
302,86,-26.0183,-39.722
304,86,-27.369,-34.4631
306,86,-20.6246,-32.9796
308,86,-23.3058,-35.2876
310,86,-34.9485,-38.1964
312,86,-38.976,-40.4439
314,86,-37.6684,-41.9104
316,86,-25.4354,-39.9555
318,86,-22.5605,-35.2531
320,86,-26.4243,-34.244
322,86,-33.3679,-33.2804
324,86,-21.0277,-31.0218
326,86,-18.2097,-28.5425
328,86,-18.1163,-26.3932
330,86,-20.1233,-26.7748
332,86,-25.7255,-29.1593
334,86,-44.9858,-32.5884
336,86,-31.0339,-33.9972
338,86,-27.9819,-31.3346
340,86,-28.1335,-31.4325
342,86,-30.8901,-35.0093
344,86,-38.0025,-45.6151
346,86,-34.8782,-41.716
348,86,-29.7521,-34.7936
350,86,-27.9918,-32.5511
352,86,-28.0432,-32.2845
354,86,-29.0195,-33.2557
356,86,-29.2853,-35.1895
358,86,-27.8454,-38.0439
360,86,-26.5864,-41.9998
0,88,-26.5352,-40.1777
2,88,-26.7964,-42.8996
4,88,-28.9763,-41.2396
6,88,-29.1778,-40.2214
8,88,-26.8237,-40.4804
10,88,-27.396,-40.1994
12,88,-33.5085,-43.5655
14,88,-42.8806,-36.0146
16,88,-41.8773,-30.2421
18,88,-26.7842,-29.9893
20,88,-21.9549,-31.3778
22,88,-24.2319,-29.8688
24,88,-39.7027,-35.1193
26,88,-34.5189,-37.4152
28,88,-18.6394,-30.4957
30,88,-12.9031,-21.2884
32,88,-12.5274,-16.9332
34,88,-15.1479,-17.1003
36,88,-19.3877,-21.5787
38,88,-34.8359,-32.046
40,88,-25.2165,-22.5973
42,88,-21.4795,-23.7991
44,88,-27.4944,-24.5021
46,88,-30.5486,-31.9629
48,88,-31.5273,-37.3103
50,88,-25.0874,-25.0596
52,88,-21.3127,-19.7289
54,88,-15.222,-26.4971
56,88,-22.9441,-30.6089
58,88,-22.3477,-27.1552
60,88,-25.791,-21.2105
62,88,-27.351,-24.9506
64,88,-35.7293,-36.933
66,88,-35.3369,-36.154
68,88,-23.599,-18.7488
70,88,-22.3136,-15.3611
72,88,-31.9208,-28.5654
74,88,-26.6668,-19.0824
76,88,-20.4823,-16.8977
78,88,-27.5541,-20.2601
80,88,-30.2297,-29.9322
82,88,-27.2063,-26.6435
84,88,-31.864,-23.7102
86,88,-42.5528,-29.4862
88,88,-44.8573,-18.3538
90,88,-58.5222,-13.8449
92,88,-45.7528,-18.9505
94,88,-42.3196,-28.0832
96,88,-32.1877,-23.8821
98,88,-26.7551,-27.1079
100,88,-29.312,-30.7967
102,88,-27.3839,-20.485
104,88,-20.615,-16.992
106,88,-27.7496,-18.7808
108,88,-30.9595,-29.4205
110,88,-22.7746,-15.378
112,88,-24.5105,-18.7845
114,88,-36.2331,-37.3672
116,88,-36.7773,-31.9586
118,88,-27.6357,-23.3891
120,88,-26.1314,-20.6648
122,88,-23.2038,-27.9081
124,88,-22.2361,-29.4562
126,88,-15.251,-25.6481
128,88,-21.1457,-19.2959
130,88,-24.7243,-25.373
132,88,-30.8891,-36.0646
134,88,-32.1943,-32.3373
136,88,-27.4005,-24.7004
138,88,-21.8784,-24.1477
140,88,-26.1671,-23.2467
142,88,-32.8441,-33.2624
144,88,-19.2406,-21.056
146,88,-15.1908,-16.9785
148,88,-12.6068,-16.8917
150,88,-12.9516,-21.2457
152,88,-18.6178,-29.9546
154,88,-33.2568,-34.6848
156,88,-41.1631,-34.5764
158,88,-24.7315,-29.8929
160,88,-22.0904,-31.7271
162,88,-26.2374,-30.6855
164,88,-37.5273,-31.2906
166,88,-46.2821,-38.706
168,88,-33.7918,-46.5482
170,88,-28.0566,-40.1616
172,88,-27.2972,-41.8439
174,88,-29.3461,-43.5072
176,88,-29.258,-44.2997
178,88,-26.7541,-43.3
180,88,-25.9973,-39.4901
182,88,-27.06,-36.5384
184,88,-28.3495,-34.5605
186,88,-27.6808,-33.1879
188,88,-26.4718,-32.4736
190,88,-26.4912,-32.7725
192,88,-28.4361,-34.8871
194,88,-33.4172,-41.5969
196,88,-38.0154,-45.8548
198,88,-31.9914,-34.9224
200,88,-29.1827,-31.8002
202,88,-28.6165,-32.3911
204,88,-30.6656,-35.2407
206,88,-43.0668,-33.4275
208,88,-28.4044,-29.8999
210,88,-22.6214,-27.3061
212,88,-20.7891,-27.0976
214,88,-20.4999,-28.8433
216,88,-22.1128,-30.3005
218,88,-30.7592,-32.3855
220,88,-29.3554,-32.4138
222,88,-23.7073,-32.596
224,88,-26.0304,-37.8602
226,88,-36.1003,-49.748
228,88,-36.3731,-39.607
230,88,-36.2945,-35.6318
232,88,-24.9418,-35.0993
234,88,-20.9832,-32.865
236,88,-26.8205,-33.9172
238,88,-26.9565,-37.0318
240,88,-20.4001,-26.878
242,88,-22.3853,-28.5766
244,88,-34.4695,-39.6081
246,88,-36.0817,-43.8233
248,88,-31.2784,-30.7521
250,88,-29.754,-25.924
252,88,-49.5134,-37.398
254,88,-30.5472,-26.7022
256,88,-31.5422,-24.7245
258,88,-42.4091,-32.6997
260,88,-39.0493,-37.0414
262,88,-37.3099,-43.593
264,88,-35.2685,-32.1464
266,88,-43.1261,-43.0304
268,88,-40.9944,-29.2562
270,88,-65.4582,-24.8283
272,88,-43.4964,-28.7275
274,88,-43.0877,-40.4154
276,88,-36.9845,-30.4922
278,88,-38.9511,-41.1856
280,88,-39.7088,-41.2678
282,88,-40.6588,-31.9314
284,88,-31.5632,-24.5097
286,88,-31.5312,-26.6093
288,88,-48.5857,-35.4705
290,88,-29.3655,-24.9884
292,88,-30.9752,-28.9071
294,88,-39.4475,-41.4041
296,88,-34.4291,-37.5001
298,88,-22.4518,-29.2891
300,88,-20.2084,-28.4385
302,88,-26.4681,-41.7108
304,88,-27.119,-34.1996
306,88,-21.0766,-33.5458
308,88,-24.8195,-36.001
310,88,-35.9959,-37.4692
312,88,-36.2015,-40.2212
314,88,-33.3527,-43.0924
316,88,-24.9958,-41.1144
318,88,-23.1768,-35.7108
320,88,-28.6235,-34.6965
322,88,-30.3715,-33.1966
324,88,-21.5923,-30.612
326,88,-20.0261,-28.6696
328,88,-20.6114,-26.8366
330,88,-22.9076,-27.188
332,88,-29.4281,-29.6108
334,88,-39.5193,-32.751
336,88,-29.995,-32.9648
338,88,-28.2717,-30.9141
340,88,-29.0505,-31.684
342,88,-32.5519,-36.2907
344,88,-42.5251,-54.9425
346,88,-34.0567,-38.155
348,88,-28.978,-33.0424
350,88,-27.2512,-31.3711
352,88,-27.2791,-31.3613
354,88,-28.3622,-32.432
356,88,-29.0933,-34.308
358,88,-27.9204,-36.8385
360,88,-26.5352,-40.1777
0,90,-26.3692,-38.84
2,90,-26.6055,-41.6441
4,90,-29.1162,-40.7014
6,90,-30.0754,-39.928
8,90,-27.4005,-41.1906
10,90,-27.6634,-42.104
12,90,-33.5807,-47.2706
14,90,-43.2263,-35.6394
16,90,-39.7972,-29.6897
18,90,-27.3229,-29.2415
20,90,-22.4098,-30.733
22,90,-24.5772,-29.6107
24,90,-37.7577,-35.3086
26,90,-36.684,-36.7662
28,90,-19.1295,-31.0187
30,90,-13.3966,-21.8848
32,90,-12.8402,-17.253
34,90,-14.6343,-17.3258
36,90,-18.6736,-21.6817
38,90,-36.9701,-32.2176
40,90,-24.8813,-22.8032
42,90,-22.0092,-23.9597
44,90,-28.8994,-24.216
46,90,-29.1003,-31.3292
48,90,-30.6703,-36.7102
50,90,-25.8561,-25.4373
52,90,-20.6873,-20.0759
54,90,-14.4288,-27.922
56,90,-21.5569,-30.4356
58,90,-23.1007,-27.5124
60,90,-28.4796,-21.6845
62,90,-25.197,-26.0003
64,90,-34.2053,-37.2553
66,90,-35.0721,-38.0605
68,90,-25.4247,-19.0521
70,90,-24.2375,-15.5829
72,90,-31.9861,-28.3857
74,90,-25.6416,-19.7833
76,90,-19.3748,-17.5711
78,90,-26.5737,-20.3397
80,90,-30.6837,-30.1432
82,90,-28.6915,-26.0394
84,90,-32.852,-23.1596
86,90,-41.8166,-29.4061
88,90,-47.2123,-18.3401
90,90,-58.1535,-13.9268
92,90,-47.2504,-19.0294
94,90,-40.8437,-28.1258
96,90,-33.2253,-23.6246
98,90,-28.161,-26.5036
100,90,-29.6328,-30.876
102,90,-26.5771,-20.5121
104,90,-19.5503,-17.6152
106,90,-26.4142,-19.4824
108,90,-31.2651,-29.0938
110,90,-24.7687,-15.5333
112,90,-26.6373,-19.0341
114,90,-34.6859,-39.2342
116,90,-35.952,-31.7789
118,90,-25.3728,-24.2624
120,90,-28.9585,-21.2338
122,90,-24.0278,-28.4628
124,90,-20.9785,-29.3107
126,90,-14.438,-27.0962
128,90,-20.5526,-19.6418
130,90,-25.5538,-25.6813
132,90,-30.4677,-35.7143
134,90,-30.6086,-31.6442
136,90,-28.7616,-24.429
138,90,-22.4658,-24.3101
140,90,-25.9161,-23.4679
142,90,-35.2585,-33.5997
144,90,-18.5423,-21.2381
146,90,-14.6582,-17.1932
148,90,-12.9115,-17.1391
150,90,-13.4479,-21.7219
152,90,-19.1184,-30.2514
154,90,-35.3404,-34.3604
156,90,-38.0772,-34.7334
158,90,-25.0581,-29.636
160,90,-22.543,-31.1941
162,90,-26.758,-30.059
164,90,-37.0256,-30.8685
166,90,-46.6682,-38.2596
168,90,-33.6944,-49.8182
170,90,-28.328,-41.4863
172,90,-27.9816,-43.0694
174,90,-30.4911,-43.3716
176,90,-29.7416,-42.9949
178,90,-26.8127,-41.5074
180,90,-26.0612,-38.2508
182,90,-27.185,-35.5976
184,90,-28.3409,-33.6117
186,90,-27.4006,-32.1136
188,90,-26.1485,-31.3094
190,90,-26.2472,-31.5246
192,90,-28.3203,-33.3459
194,90,-33.5756,-38.6708
196,90,-39.6638,-49.578
198,90,-32.9682,-35.6019
200,90,-29.9665,-31.779
202,90,-29.0359,-31.7037
204,90,-30.1062,-33.8272
206,90,-36.915,-33.6615
208,90,-32.4763,-30.4755
210,90,-25.9294,-27.8311
212,90,-23.7517,-27.8156
214,90,-22.2455,-29.464
216,90,-22.3802,-30.7431
218,90,-28.8376,-33.0426
220,90,-31.5969,-33.0877
222,90,-24.0563,-33.4806
224,90,-25.3354,-39.039
226,90,-32.1273,-52.3636
228,90,-34.7411,-40.0268
230,90,-31.7803,-34.6116
232,90,-24.9336,-32.8729
234,90,-21.1628,-31.8052
236,90,-26.8612,-33.5937
238,90,-27.3547,-38.4843
240,90,-20.4294,-27.4282
242,90,-22.0466,-28.7655
244,90,-35.088,-40.173
246,90,-35.2121,-43.3532
248,90,-35.5028,-32.4748
250,90,-31.6201,-26.5353
252,90,-40.2448,-36.8276
254,90,-31.0983,-27.6671
256,90,-30.2201,-24.936
258,90,-42.633,-31.9959
260,90,-38.1371,-37.2393
262,90,-36.5485,-40.1389
264,90,-35.8864,-30.0447
266,90,-45.4567,-42.6527
268,90,-40.8222,-28.5225
270,90,-60.4212,-25.0101
272,90,-43.1964,-28.3559
274,90,-43.5593,-41.2856
276,90,-37.7375,-29.3508
278,90,-37.8545,-38.6593
280,90,-38.4517,-41.4706
282,90,-39.5609,-31.6917
284,90,-30.2476,-24.9475
286,90,-32.6212,-27.441
288,90,-40.5349,-35.3698
290,90,-30.9647,-25.455
292,90,-34.0107,-30.1292
294,90,-39.1385,-46.0098
296,90,-34.892,-37.7793
298,90,-22.1054,-29.6005
300,90,-20.211,-28.8958
302,90,-26.8504,-42.6019
304,90,-26.8947,-33.8845
306,90,-21.174,-32.606
308,90,-25.0017,-34.3803
310,90,-32.1722,-36.397
312,90,-34.2407,-40.3203
314,90,-30.2344,-45.09
316,90,-24.3652,-42.8183
318,90,-23.5683,-36.3246
320,90,-30.8077,-35.1411
322,90,-28.365,-33.3807
324,90,-21.7861,-30.6394
326,90,-21.7294,-29.0689
328,90,-23.7132,-27.4614
330,90,-26.5278,-27.633
332,90,-33.7939,-29.9042
334,90,-34.9863,-32.4232
336,90,-29.4719,-31.8154
338,90,-28.6281,-30.4559
340,90,-29.8725,-31.8123
342,90,-33.9089,-37.2255
344,90,-46.8296,-57.0826
346,90,-33.4209,-36.5384
348,90,-28.4932,-32.1966
350,90,-26.7771,-30.8269
352,90,-26.7744,-30.963
354,90,-27.8815,-32.065
356,90,-28.8243,-33.8097
358,90,-27.8054,-35.9857
360,90,-26.3692,-38.84
0,92,-25.9965,-37.9286
2,92,-26.2803,-40.7457
4,92,-29.1321,-40.26
6,92,-31.124,-39.6456
8,92,-28.1948,-41.7448
10,92,-28.2168,-44.9144
12,92,-34.1547,-52.6282
14,92,-48.2539,-34.7404
16,92,-39.2354,-29.1074
18,92,-27.4488,-28.6716
20,92,-22.8047,-30.1495
22,92,-25.2118,-29.38
24,92,-38.0642,-35.8266
26,92,-35.9602,-35.7706
28,92,-19.0963,-30.5908
30,92,-13.7874,-22.1469
32,92,-13.2688,-17.5244
34,92,-14.303,-17.6439
36,92,-18.042,-22.1045
38,92,-35.268,-32.3275
40,92,-23.9435,-22.7515
42,92,-22.2195,-24.1875
44,92,-30.4898,-24.3882
46,92,-27.8671,-31.6558
48,92,-29.9792,-36.4533
50,92,-26.4843,-25.4896
52,92,-20.1114,-20.2321
54,92,-13.7824,-29.2382
56,92,-20.4216,-30.6087
58,92,-23.7836,-27.8197
60,92,-31.8477,-22.1959
62,92,-23.5226,-27.2669
64,92,-32.5674,-37.5808
66,92,-34.6655,-40.4243
68,92,-27.67,-19.2446
70,92,-27.0038,-15.7836
72,92,-32.1284,-28.391
74,92,-24.7718,-20.265
76,92,-18.4658,-18.2787
78,92,-25.5243,-20.5488
80,92,-31.5716,-30.1748
82,92,-31.1688,-25.3156
84,92,-33.6683,-23.0512
86,92,-40.5962,-29.5024
88,92,-51.4696,-18.3555
90,92,-57.7348,-13.9997
92,92,-50.7812,-19.1018
94,92,-39.6831,-28.4253
96,92,-34.3765,-23.8016
98,92,-30.6192,-25.6745
100,92,-30.3471,-30.6461
102,92,-25.7291,-20.6521
104,92,-18.6661,-18.2387
106,92,-25.2452,-19.9895
108,92,-31.7338,-29.0276
110,92,-27.6326,-15.6829
112,92,-29.2707,-19.1846
114,92,-33.3387,-40.1334
116,92,-34.4372,-31.959
118,92,-23.6509,-25.4043
120,92,-32.504,-21.8647
122,92,-24.7575,-28.8811
124,92,-19.9621,-29.5717
126,92,-13.7782,-28.466
128,92,-20.0021,-19.8069
130,92,-26.2711,-25.5621
132,92,-30.2561,-35.664
134,92,-29.316,-31.8961
136,92,-30.1976,-24.6072
138,92,-22.7176,-24.5175
140,92,-24.9889,-23.3791
142,92,-36.3993,-34.2485
144,92,-17.9047,-21.7214
146,92,-14.2885,-17.4867
148,92,-13.3213,-17.3367
150,92,-13.845,-21.8672
152,92,-19.1046,-29.8194
154,92,-35.1422,-33.9843
156,92,-37.6495,-35.0346
158,92,-25.7209,-29.3539
160,92,-22.9633,-30.6397
162,92,-26.9884,-29.524
164,92,-37.0759,-30.2783
166,92,-52.7447,-36.7326
168,92,-33.736,-50.4556
170,92,-28.7851,-43.3571
172,92,-28.8815,-44.0409
174,92,-31.8636,-42.6496
176,92,-30.0312,-41.79
178,92,-26.7057,-40.4213
180,92,-25.9517,-37.4723
182,92,-27.1273,-34.9428
184,92,-28.2722,-32.9623
186,92,-27.2343,-31.4297
188,92,-25.9536,-30.6114
190,92,-26.0742,-30.811
192,92,-28.1898,-32.5041
194,92,-33.5594,-37.2297
196,92,-41.1495,-49.6601
198,92,-33.7614,-35.9518
200,92,-30.5379,-31.584
202,92,-29.2659,-30.8373
204,92,-29.588,-32.2199
206,92,-33.4248,-33.4465
208,92,-35.6816,-31.064
210,92,-29.7444,-28.4763
212,92,-26.3298,-28.718
214,92,-22.9139,-30.2287
216,92,-22.1198,-31.4429
218,92,-27.6553,-34.0109
220,92,-33.2685,-34.1456
222,92,-24.2065,-34.9538
224,92,-24.6373,-40.9478
226,92,-29.554,-54.8794
228,92,-33.3122,-40.0427
230,92,-28.6324,-33.4608
232,92,-24.0417,-30.9182
234,92,-21.2326,-30.6892
236,92,-26.9853,-33.6231
238,92,-27.8857,-39.3528
240,92,-20.6025,-28.0993
242,92,-21.9996,-29.1628
244,92,-37.0378,-41.2726
246,92,-34.7855,-43.3454
248,92,-37.8133,-33.805
250,92,-30.1551,-26.9802
252,92,-35.9518,-36.7363
254,92,-30.266,-28.258
256,92,-27.463,-24.6615
258,92,-38.1299,-30.5733
260,92,-38.051,-37.4266
262,92,-37.2169,-37.3206
264,92,-37.4955,-28.2683
266,92,-48.6703,-39.1507
268,92,-40.829,-26.5995
270,92,-56.4303,-22.8803
272,92,-43.0978,-26.4073
274,92,-43.6803,-39.986
276,92,-39.4244,-28.0882
278,92,-38.1975,-36.6627
280,92,-37.9886,-41.2152
282,92,-36.1245,-30.6209
284,92,-27.3262,-24.9158
286,92,-31.5645,-28.0567
288,92,-36.4773,-35.8723
290,92,-29.862,-25.9384
292,92,-34.2797,-30.9584
294,92,-38.6037,-51.6852
296,92,-36.853,-38.1618
298,92,-22.1113,-30.2306
300,92,-20.3969,-29.6051
302,92,-27.3512,-43.2513
304,92,-26.8871,-33.7686
306,92,-21.1935,-31.4151
308,92,-24.257,-32.2914
310,92,-29.1088,-35.1362
312,92,-32.7084,-40.5551
314,92,-28.1165,-47.9085
316,92,-23.7214,-44.3175
318,92,-23.7297,-36.9753
320,92,-32.5391,-35.6828
322,92,-27.1365,-33.9022
324,92,-21.5282,-31.0079
326,92,-22.4703,-29.6308
328,92,-26.5824,-28.2382
330,92,-30.8977,-28.1628
332,92,-35.9636,-30.1658
334,92,-32.2415,-31.8415
336,92,-28.9541,-30.5753
338,92,-28.7124,-29.8153
340,92,-30.3541,-31.7022
342,92,-34.8384,-37.6636
344,92,-50.9138,-53.2704
346,92,-32.9484,-35.9495
348,92,-28.102,-31.9418
350,92,-26.3853,-30.7383
352,92,-26.3687,-30.9682
354,92,-27.4733,-32.0661
356,92,-28.4408,-33.6252
358,92,-27.4322,-35.4352
360,92,-25.9965,-37.9286
0,94,-25.4057,-37.5107
2,94,-25.7641,-40.3685
4,94,-28.8567,-40.1037
6,94,-32.125,-39.5199
8,94,-29.1316,-42.0393
10,94,-28.8278,-47.8755
12,94,-34.1634,-46.7625
14,94,-54.2755,-33.4093
16,94,-39.9043,-28.4971
18,94,-27.3467,-28.27
20,94,-23.2039,-29.7263
22,94,-26.2285,-29.3218
24,94,-40.8142,-37.0739
26,94,-32.928,-34.3092
28,94,-18.5696,-29.4768
30,94,-14.0667,-22.0324
32,94,-13.8343,-17.7378
34,94,-14.1775,-18.0666
36,94,-17.6089,-22.8874
38,94,-31.3584,-31.9647
40,94,-22.829,-22.4669
42,94,-22.068,-24.474
44,94,-31.2286,-25.0224
46,94,-26.7822,-32.9662
48,94,-29.6046,-36.4051
50,94,-26.9432,-25.1634
52,94,-19.715,-20.1621
54,94,-13.3438,-30.1286
56,94,-19.6728,-31.1752
58,94,-24.4105,-28.0907
60,94,-36.9335,-22.7677
62,94,-22.2346,-28.851
64,94,-30.9668,-37.8897
66,94,-34.2718,-41.3612
68,94,-30.5031,-19.2605
70,94,-31.5829,-15.9365
72,94,-32.3224,-28.5851
74,94,-24.1924,-20.5024
76,94,-17.8384,-19.1029
78,94,-24.6082,-20.9578
80,94,-33.0185,-29.9821
82,94,-35.2486,-24.6208
84,94,-33.2303,-23.4247
86,94,-39.4115,-29.7929
88,94,-49.9851,-18.4072
90,94,-57.7024,-14.0607
92,94,-51.2504,-19.1834
94,94,-38.9068,-28.9843
96,94,-34.312,-24.493
98,94,-35.1045,-24.7595
100,94,-31.5751,-30.1342
102,94,-24.9903,-20.9752
104,94,-18.0573,-18.9469
106,94,-24.3997,-20.2834
108,94,-32.3068,-29.2156
110,94,-32.4906,-15.8078
112,94,-32.7161,-19.1861
114,94,-32.3958,-38.9467
116,94,-32.5857,-32.5105
118,94,-22.3408,-26.9022
120,94,-37.8213,-22.571
122,94,-25.406,-29.1897
124,94,-19.2973,-30.2663
126,94,-13.3281,-29.4012
128,94,-19.6203,-19.77
130,94,-26.8312,-25.0401
132,94,-30.383,-35.8127
134,94,-28.1494,-33.0648
136,94,-30.6895,-25.2339
138,94,-22.5706,-24.7705
140,94,-23.8417,-23.0137
142,94,-33.3785,-34.2526
144,94,-17.4447,-22.5415
146,94,-14.1066,-17.8716
148,94,-13.855,-17.481
150,94,-14.1373,-21.6588
152,94,-18.6063,-28.8465
154,94,-32.6868,-33.3096
156,94,-39.0608,-35.7687
158,94,-26.8277,-29.1793
160,94,-23.4115,-30.1621
162,94,-27.0657,-29.0727
164,94,-38.0135,-29.5521
166,94,-47.1101,-34.776
168,94,-33.0792,-45.6448
170,94,-29.1429,-45.697
172,94,-29.8653,-44.6118
174,94,-33.1438,-41.9549
176,94,-29.8076,-41.1317
178,94,-26.315,-40.1321
180,94,-25.5991,-37.2364
182,94,-26.8297,-34.641
184,94,-28.0922,-32.6534
186,94,-27.1207,-31.1443
188,94,-25.8093,-30.3521
190,94,-25.875,-30.5602
192,94,-27.9282,-32.2008
194,94,-33.3138,-36.6795
196,94,-43.6772,-47.9294
198,94,-34.2665,-35.824
200,94,-30.5486,-31.0887
202,94,-28.9537,-29.724
204,94,-28.8052,-30.5682
206,94,-30.8617,-32.8648
208,94,-33.3223,-31.7162
210,94,-30.7031,-29.2935
212,94,-26.0328,-29.7857
214,94,-22.2084,-31.0342
216,94,-21.6461,-32.3353
218,94,-27.2377,-35.3518
220,94,-33.8611,-35.8297
222,94,-24.2902,-37.2132
224,94,-24.1124,-43.5935
226,94,-27.9204,-55.8173
228,94,-32.0238,-39.5878
230,94,-26.4913,-32.3292
232,94,-23.1666,-29.517
234,94,-21.5255,-30.0185
236,94,-27.4172,-34.189
238,94,-28.7522,-39.4717
240,94,-21.0206,-28.9566
242,94,-22.2912,-29.7614
244,94,-40.6732,-42.3798
246,94,-34.8836,-43.6479
248,94,-33.6352,-33.5938
250,94,-27.4932,-27.0738
252,94,-33.7231,-37.1704
254,94,-28.6757,-28.1789
256,94,-25.3022,-24.0528
258,94,-35.5627,-29.2702
260,94,-38.6854,-37.3005
262,94,-39.4985,-35.5276
264,94,-40.209,-27.1887
266,94,-51.2943,-36.9184
268,94,-40.9718,-24.9708
270,94,-53.8604,-20.8766
272,94,-43.2058,-24.6273
274,94,-43.2977,-38.5722
276,94,-41.9274,-27.2305
278,94,-39.9448,-35.4757
280,94,-38.1601,-40.2331
282,94,-34.0247,-29.4183
284,94,-25.0297,-24.4132
286,94,-29.3878,-28.1687
288,94,-34.3269,-37.0913
290,94,-27.586,-26.3369
292,94,-31.4134,-30.8464
294,94,-38.2179,-45.5862
296,94,-41.0167,-38.2281
298,94,-22.5002,-31.1723
300,94,-20.8497,-30.7798
302,94,-28.156,-44.3192
304,94,-27.3046,-34.0558
306,94,-21.4699,-30.6479
308,94,-23.4502,-30.5744
310,94,-26.9392,-33.7431
312,94,-31.4955,-40.7011
314,94,-26.767,-51.093
316,94,-23.2323,-44.8874
318,94,-23.7851,-37.6734
320,94,-33.305,-36.3945
322,94,-26.6452,-34.6788
324,94,-21.0871,-31.6079
326,94,-21.9018,-30.2631
328,94,-26.3354,-29.1568
330,94,-31.3707,-28.8473
332,94,-32.5771,-30.4668
334,94,-30.1122,-31.1456
336,94,-28.1996,-29.2972
338,94,-28.2773,-28.9281
340,94,-30.2196,-31.2433
342,94,-35.1184,-37.4635
344,94,-54.4643,-53.9112
346,94,-32.4989,-36.103
348,94,-27.6824,-32.1634
350,94,-25.9779,-31.0453
352,94,-25.9867,-31.3535
354,94,-27.0951,-32.4453
356,94,-27.9461,-33.7966
358,94,-26.8135,-35.2598
360,94,-25.4057,-37.5107
0,96,-24.6398,-37.7629
2,96,-25.0539,-40.782
4,96,-28.1799,-40.5018
6,96,-32.5612,-39.7547
8,96,-29.9661,-42.1595
10,96,-29.0736,-47.1719
12,96,-32.6209,-40.9737
14,96,-40.9836,-31.8993
16,96,-40.6361,-27.8954
18,96,-27.1798,-28.0412
20,96,-23.7297,-29.5239
22,96,-27.875,-29.5979
24,96,-48.9634,-39.9725
26,96,-29.2094,-32.4345
28,96,-17.6703,-27.9179
30,96,-14.2476,-21.5609
32,96,-14.5816,-17.902
34,96,-14.2993,-18.6363
36,96,-17.4953,-24.1689
38,96,-28.4843,-30.5458
40,96,-21.8324,-22.021
42,96,-21.6644,-24.8365
44,96,-30.1142,-26.1689
46,96,-25.8757,-35.4474
48,96,-29.6579,-36.4273
50,96,-27.1076,-24.4604
52,96,-19.6103,-19.8719
54,96,-13.1646,-30.2397
56,96,-19.3966,-32.1291
58,96,-24.9422,-28.3238
60,96,-50.3222,-23.4065
62,96,-21.3053,-30.9145
64,96,-29.6738,-38.1491
66,96,-33.9303,-38.6273
68,96,-33.5034,-19.1022
70,96,-40.3821,-16.0596
72,96,-32.3567,-29.084
74,96,-24.07,-20.4826
76,96,-17.5984,-20.1458
78,96,-23.9948,-21.6532
80,96,-35.2978,-29.6253
82,96,-38.7284,-24.048
84,96,-31.2349,-24.4055
86,96,-38.3999,-30.3213
88,96,-43.4467,-18.5425
90,96,-58.5219,-14.155
92,96,-44.7578,-19.3288
94,96,-38.3867,-29.8279
96,96,-32.1168,-25.86
98,96,-42.1061,-23.8685
100,96,-33.5613,-29.4444
102,96,-24.5204,-21.5779
104,96,-17.8402,-19.843
106,96,-24.049,-20.3475
108,96,-32.6896,-29.7453
110,96,-45.5731,-15.9236
112,96,-36.7402,-19.0431
114,96,-31.8609,-36.5266
116,96,-30.9836,-33.4386
118,96,-21.4091,-28.8927
120,96,-51.2878,-23.3487
122,96,-25.9302,-29.413
124,96,-19.0718,-31.4095
126,96,-13.1379,-29.5478
128,96,-19.5183,-19.551
130,96,-27.0683,-24.2115
132,96,-30.9193,-36.0103
134,96,-27.0819,-35.2545
136,96,-29.4533,-26.3529
138,96,-22.126,-25.0999
140,96,-22.7855,-22.4674
142,96,-30.2116,-32.308
144,96,-17.287,-23.8344
146,96,-14.1548,-18.3938
148,96,-14.5541,-17.5863
150,96,-14.3397,-21.1302
152,96,-17.7408,-27.454
154,96,-29.2106,-32.1473
156,96,-41.3981,-37.4774
158,96,-28.6783,-29.2759
160,96,-24.003,-29.8451
162,96,-27.0899,-28.7232
164,96,-39.3318,-28.7675
166,96,-38.9529,-32.8234
168,96,-31.3501,-40.8876
170,96,-28.975,-46.4569
172,96,-30.5275,-44.6224
174,96,-33.4113,-41.685
176,96,-28.9016,-41.2798
178,96,-25.6063,-40.9018
180,96,-25.0019,-37.7291
182,96,-26.3071,-34.8211
184,96,-27.8079,-32.7793
186,96,-27.0475,-31.3235
188,96,-25.6819,-30.5724
190,96,-25.6142,-30.7862
192,96,-27.542,-32.4148
194,96,-32.9888,-36.8955
196,96,-50.7427,-46.5591
198,96,-33.814,-35.1675
200,96,-29.5976,-30.2539
202,96,-27.9146,-28.4402
204,96,-27.6869,-29.0052
206,96,-28.7401,-31.9925
208,96,-29.5187,-32.3839
210,96,-27.4762,-30.3689
212,96,-23.6417,-31.0295
214,96,-20.9897,-31.7867
216,96,-21.3284,-33.2981
218,96,-27.6263,-36.998
220,96,-33.5061,-38.4615
222,96,-24.4845,-40.7859
224,96,-23.8526,-47.3161
226,96,-26.9901,-54.4599
228,96,-30.8761,-38.7655
230,96,-24.9559,-31.3066
232,96,-22.6836,-28.5949
234,96,-22.2933,-29.8783
236,96,-28.2967,-35.428
238,96,-30.2792,-38.884
240,96,-21.7658,-30.0018
242,96,-22.9579,-30.47
244,96,-43.4564,-42.4109
246,96,-35.6243,-43.6516
248,96,-29.9065,-31.9298
250,96,-25.5415,-26.7901
252,96,-32.8767,-38.2743
254,96,-27.1402,-27.3455
256,96,-24.0101,-23.2865
258,96,-34.7156,-28.4107
260,96,-40.0189,-36.6328
262,96,-43.2326,-34.6774
264,96,-42.9625,-26.8442
266,96,-50.5186,-36.0591
268,96,-41.1734,-23.9876
270,96,-52.2468,-19.652
272,96,-43.4725,-23.5095
274,96,-42.6465,-37.8842
276,96,-43.1783,-26.9327
278,96,-42.3961,-35.1627
280,96,-38.9242,-38.7317
282,96,-33.3178,-28.4765
284,96,-23.6299,-23.5901
286,96,-27.4224,-27.5595
288,96,-33.4786,-39.2759
290,96,-25.8187,-26.5435
292,96,-28.7236,-29.8666
294,96,-38.2463,-40.6591
296,96,-44.5144,-37.7372
298,96,-23.2773,-32.2295
300,96,-21.6306,-32.5975
302,96,-29.5738,-45.5912
304,96,-28.2478,-34.8628
306,96,-22.2563,-30.4611
308,96,-22.9896,-29.334
310,96,-25.3113,-32.3059
312,96,-30.4899,-40.3613
314,96,-26.0273,-54.016
316,96,-22.9875,-45.0366
318,96,-23.9115,-38.4686
320,96,-33.0901,-37.1777
322,96,-26.8749,-35.4472
324,96,-20.7784,-32.2911
326,96,-20.761,-30.8804
328,96,-23.7284,-30.2209
330,96,-27.3503,-29.7892
332,96,-28.8863,-30.8188
334,96,-28.2764,-30.3913
336,96,-27.1822,-28.0609
338,96,-27.2652,-27.841
340,96,-29.2482,-30.3938
342,96,-34.2589,-36.5666
344,96,-49.7392,-60.0306
346,96,-32.0762,-36.9455
348,96,-27.2341,-32.8266
350,96,-25.5487,-31.7279
352,96,-25.6225,-32.1253
354,96,-26.7521,-33.2608
356,96,-27.3734,-34.4455
358,96,-26.0164,-35.6243
360,96,-24.6398,-37.7629
0,98,-23.7748,-38.9299
2,98,-24.1929,-42.5246
4,98,-27.1246,-41.9819
6,98,-31.7842,-40.7326
8,98,-30.1168,-42.5095
10,98,-28.5007,-44.0012
12,98,-30.2019,-37.2556
14,98,-35.3446,-30.4477
16,98,-39.1574,-27.3715
18,98,-27.063,-28.0218
20,98,-24.554,-29.6198
22,98,-30.6716,-30.434
24,98,-40.3064,-48.672
26,98,-25.6779,-30.3021
28,98,-16.5695,-26.0995
30,98,-14.366,-20.8176
32,98,-15.5877,-18.048
34,98,-14.7323,-19.4343
36,98,-17.8289,-26.27
38,98,-26.7436,-28.2624
40,98,-21.1104,-21.5229
42,98,-21.2022,-25.33
44,98,-28.1292,-27.9313
46,98,-25.2812,-39.2691
48,98,-30.1712,-36.2872
50,98,-26.7382,-23.4702
52,98,-19.9098,-19.4317
54,98,-13.2937,-29.6396
56,98,-19.6864,-33.3368
58,98,-25.1695,-28.4601
60,98,-40.7544,-24.0688
62,98,-20.7481,-33.6832
64,98,-28.9176,-38.3301
66,98,-33.6261,-35.1706
68,98,-33.7563,-18.8597
70,98,-33.7766,-16.219
72,98,-31.9777,-30.0754
74,98,-24.6528,-20.2087
76,98,-17.8776,-21.5122
78,98,-23.8012,-22.7462
80,98,-39.0967,-29.2493
82,98,-33.8473,-23.6217
84,98,-28.8556,-26.2717
86,98,-37.6182,-31.1627
88,98,-38.9007,-18.8422
90,98,-60.6768,-14.3692
92,98,-39.9149,-19.6218
94,98,-37.9694,-31.0066
96,98,-29.3103,-28.2231
98,98,-35.2072,-23.0741
100,98,-36.8691,-28.7148
102,98,-24.4441,-22.5927
104,98,-18.1545,-21.0269
106,98,-24.4237,-20.1685
108,98,-32.481,-30.7772
110,98,-34.8076,-16.0855
112,98,-36.4476,-18.8296
114,98,-31.6732,-34.1222
116,98,-29.9869,-34.7195
118,98,-20.8703,-31.5458
120,98,-40.8841,-24.1406
122,98,-26.0915,-29.5301
124,98,-19.3874,-32.9629
126,98,-13.2573,-29.0177
128,98,-19.811,-19.2214
130,98,-26.6994,-23.2147
132,98,-31.7648,-35.9443
134,98,-26.2403,-38.5478
136,98,-27.457,-28.0553
138,98,-21.5852,-25.5768
140,98,-21.9825,-21.8795
142,98,-28.162,-29.2285
144,98,-17.5618,-25.9206
146,98,-14.4983,-19.1423
148,98,-15.4899,-17.6908
150,98,-14.4862,-20.3714
152,98,-16.6708,-25.7636
154,98,-25.7313,-30.4713
156,98,-37.8072,-41.2559
158,98,-31.9952,-29.8657
160,98,-24.9032,-29.797
162,98,-27.1059,-28.5336
164,98,-38.6894,-28.0259
166,98,-34.1631,-31.0581
168,98,-29.1389,-37.2625
170,98,-28.0297,-43.7501
172,98,-30.1926,-44.1849
174,98,-31.9642,-42.1941
176,98,-27.4836,-42.6755
178,98,-24.6431,-43.4416
180,98,-24.2176,-39.1964
182,98,-25.6308,-35.6063
184,98,-27.4689,-33.4371
186,98,-27.0413,-32.0402
188,98,-25.5923,-31.3196
190,98,-25.3568,-31.5112
192,98,-27.203,-33.1545
194,98,-32.9053,-37.9244
196,98,-47.7444,-45.846
198,98,-31.7666,-34.1818
200,98,-27.7523,-29.2112
202,98,-26.3592,-27.1627
204,98,-26.4035,-27.6398
206,98,-26.991,-30.9075
208,98,-26.6403,-32.8595
210,98,-24.364,-31.8544
212,98,-21.4188,-32.4907
214,98,-19.9718,-32.3993
216,98,-21.389,-34.0997
218,98,-28.8463,-38.2302
220,98,-32.8335,-41.4274
222,98,-24.953,-46.5138
224,98,-23.8699,-53.3413
226,98,-26.6375,-51.9336
228,98,-29.8231,-37.7736
230,98,-23.8205,-30.4295
232,98,-22.6358,-28.0087
234,98,-23.6749,-30.1638
236,98,-29.5863,-37.3995
238,98,-33.153,-37.6373
240,98,-22.8893,-31.0264
242,98,-24.0163,-31.0644
244,98,-39.5119,-41.2192
246,98,-37.1523,-42.6756
248,98,-27.5505,-30.0561
250,98,-24.5178,-26.3324
252,98,-33.2416,-40.4128
254,98,-26.0247,-26.0296
256,98,-23.548,-22.499
258,98,-35.3848,-28.0708
260,98,-41.9682,-35.5201
262,98,-41.7245,-34.8159
264,98,-41.7124,-27.2615
266,98,-48.6902,-36.4779
268,98,-41.3536,-23.6766
270,98,-51.3578,-19.2366
272,98,-43.7961,-23.1118
274,98,-42.0913,-38.0395
276,98,-40.7361,-27.2372
278,98,-40.9208,-35.9366
280,98,-40.3695,-37.1747
282,98,-33.924,-27.9385
284,98,-23.0728,-22.6613
286,98,-26.0659,-26.3568
288,98,-33.7317,-43.0756
290,98,-24.8714,-26.5267
292,98,-26.8967,-28.6316
294,98,-38.7257,-37.7243
296,98,-38.8099,-36.9516
298,98,-24.3911,-32.9172
300,98,-22.7474,-34.8251
302,98,-32.2296,-43.5696
304,98,-29.6398,-36.2201
306,98,-23.7035,-30.7946
308,98,-22.9228,-28.4923
310,98,-24.0189,-30.9469
312,98,-29.5326,-39.1773
314,98,-25.8023,-58.6561
316,98,-23.0035,-45.7548
318,98,-24.2673,-39.114
320,98,-32.4636,-37.4712
322,98,-27.7803,-35.7282
324,98,-20.8012,-32.8646
326,98,-19.7612,-31.399
328,98,-21.3776,-31.4229
330,98,-24.0641,-31.1605
332,98,-26.1476,-31.1662
334,98,-26.7138,-29.5695
336,98,-26.0497,-26.9439
338,98,-25.8654,-26.6984
340,98,-27.5394,-29.2736
342,98,-32.0724,-35.1857
344,98,-42.7275,-57.4557
346,98,-31.8726,-38.4795
348,98,-26.8952,-33.8524
350,98,-25.1938,-32.6753
352,98,-25.3449,-33.1664
354,98,-26.4997,-34.4605
356,98,-26.7872,-35.6499
358,98,-25.1389,-36.6985
360,98,-23.7748,-38.9299
0,100,-22.9167,-40.7253
2,100,-23.2823,-46.3792
4,100,-25.8846,-46.049
6,100,-30.0044,-43.3452
8,100,-29.1582,-43.7099
10,100,-27.2269,-41.4571
12,100,-27.9792,-34.6742
14,100,-31.9806,-29.2122
16,100,-36.1481,-27.0301
18,100,-27.1053,-28.3058
20,100,-25.9101,-30.1669
22,100,-35.1184,-32.259
24,100,-32.326,-45.2875
26,100,-22.603,-28.0796
28,100,-15.4424,-24.1957
30,100,-14.4779,-19.9397
32,100,-16.972,-18.2376
34,100,-15.566,-20.6027
36,100,-18.7682,-29.9996
38,100,-25.8781,-25.8243
40,100,-20.7572,-21.1076
42,100,-20.8751,-26.0676
44,100,-26.4839,-30.4934
46,100,-25.2191,-42.0172
48,100,-30.7293,-35.4744
50,100,-25.6258,-22.3554
52,100,-20.7446,-18.968
54,100,-13.7855,-28.854
56,100,-20.707,-34.3794
58,100,-24.6526,-28.3673
60,100,-32.7673,-24.6417
62,100,-20.5863,-37.3584
64,100,-28.8851,-38.4595
66,100,-33.2543,-32.6019
68,100,-30.9421,-18.6879
70,100,-27.4967,-16.5169
72,100,-31.3582,-31.7182
74,100,-26.3896,-19.7086
76,100,-18.8672,-23.2281
78,100,-24.1155,-24.3937
80,100,-47.1328,-29.0064
82,100,-29.3105,-23.2929
84,100,-26.8783,-29.7127
86,100,-37.1574,-32.4199
88,100,-35.7374,-19.4113
90,100,-64.6322,-14.8135
92,100,-36.5734,-20.1657
94,100,-37.5915,-32.5871
96,100,-26.9791,-32.2986
98,100,-29.6272,-22.4255
100,100,-43.35,-28.0731
102,100,-24.8569,-24.2197
104,100,-19.1986,-22.5132
106,100,-25.9192,-19.7473
108,100,-31.8344,-32.4671
110,100,-27.9271,-16.3813
112,100,-32.3298,-18.6755
114,100,-31.6711,-32.2066
116,100,-29.7951,-36.2798
118,100,-20.7482,-34.8813
120,100,-33.1027,-24.8124
122,100,-25.3854,-29.4393
124,100,-20.4156,-34.7076
126,100,-13.7439,-28.3321
128,100,-20.6354,-18.8917
130,100,-25.5298,-22.1956
132,100,-32.0859,-35.1049
134,100,-25.8657,-41.5088
136,100,-25.7718,-30.5047
138,100,-21.1571,-26.3327
140,100,-21.5313,-21.4105
142,100,-27.0256,-26.306
144,100,-18.4262,-29.5999
146,100,-15.2301,-20.2724
148,100,-16.7752,-17.8663
150,100,-14.6258,-19.5153
152,100,-15.5619,-23.9416
154,100,-22.643,-28.4356
156,100,-31.71,-44.6901
158,100,-37.9967,-31.3187
160,100,-26.3397,-30.1986
162,100,-27.1607,-28.6256
164,100,-35.6357,-27.4548
166,100,-31.0326,-29.5779
168,100,-27.1336,-34.5632
170,100,-26.6223,-40.6731
172,100,-28.8015,-43.8739
174,100,-29.7028,-44.1818
176,100,-25.9336,-46.6948
178,100,-23.5757,-50.0271
180,100,-23.3526,-41.3111
182,100,-24.9066,-36.7936
184,100,-27.1515,-34.5182
186,100,-27.1667,-33.19
188,100,-25.6402,-32.4519
190,100,-25.294,-32.5436
192,100,-27.2309,-34.178
194,100,-33.5022,-39.5398
196,100,-37.9747,-45.9742
198,100,-28.892,-33.2598
200,100,-25.6115,-28.2093
202,100,-24.7454,-26.0682
204,100,-25.2635,-26.5169
206,100,-25.7034,-29.6333
208,100,-24.6362,-32.7592
210,100,-22.1707,-34.0392
212,100,-19.8669,-34.1868
214,100,-19.4119,-32.8008
216,100,-21.9246,-34.4073
218,100,-30.7451,-37.2768
220,100,-32.5054,-39.5051
222,100,-25.8003,-45.0464
224,100,-24.1003,-54.6865
226,100,-26.8164,-49.6426
228,100,-28.757,-36.8124
230,100,-22.9337,-29.6641
232,100,-22.8561,-27.5355
234,100,-25.5785,-30.5533
236,100,-31.0374,-39.8445
238,100,-38.1345,-35.4603
240,100,-24.253,-31.2886
242,100,-25.3695,-31.2468
244,100,-35.8639,-40.0114
246,100,-39.4256,-41.0016
248,100,-26.2676,-28.6224
250,100,-24.4178,-25.9814
252,100,-34.8608,-44.5279
254,100,-25.4776,-24.6217
256,100,-23.9284,-21.8068
258,100,-37.8254,-28.2823
260,100,-43.6945,-34.3131
262,100,-36.5765,-36.266
264,100,-38.6338,-28.4446
266,100,-47.9375,-38.3804
268,100,-41.4654,-24.0275
270,100,-51.0814,-19.6306
272,100,-44.0403,-23.4518
274,100,-41.9043,-39.0443
276,100,-37.7768,-28.0977
278,100,-36.5669,-38.4546
280,100,-42.7538,-35.9324
282,100,-36.0389,-27.8763
284,100,-23.3622,-21.8324
286,100,-25.4147,-24.9424
288,100,-35.0164,-50.4758
290,100,-24.7737,-26.3835
292,100,-25.9001,-27.5905
294,100,-39.2629,-35.9116
296,100,-34.6707,-36.3359
298,100,-25.6124,-32.7988
300,100,-23.972,-35.2598
302,100,-36.7931,-38.1954
304,100,-31.1811,-37.9727
306,100,-25.7353,-31.3316
308,100,-23.0603,-27.8685
310,100,-22.9266,-29.761
312,100,-28.4566,-37.4048
314,100,-26.0655,-58.4413
316,100,-23.2414,-46.6359
318,100,-24.9505,-38.6197
320,100,-32.1098,-36.3274
322,100,-29.1569,-35.0452
324,100,-21.249,-33.1337
326,100,-19.1941,-31.7483
328,100,-19.7822,-32.6722
330,100,-21.8616,-33.2951
332,100,-24.223,-31.3696
334,100,-25.5322,-28.6155
336,100,-25.0497,-25.981
338,100,-24.4134,-25.6676
340,100,-25.5328,-28.1397
342,100,-29.2541,-33.7904
344,100,-37.3188,-49.0963
346,100,-32.2568,-40.1463
348,100,-26.9351,-34.7811
350,100,-25.1125,-33.3857
352,100,-25.3049,-33.8602
354,100,-26.4521,-35.3505
356,100,-26.2886,-36.8444
358,100,-24.303,-38.0962
360,100,-22.9167,-40.7253
0,102,-22.2166,-39.6956
2,102,-22.4982,-45.1607
4,102,-24.7634,-57.1966
6,102,-28.1109,-49.9519
8,102,-27.6056,-45.401
10,102,-25.8654,-39.4169
12,102,-26.3803,-32.7836
14,102,-29.9691,-28.3075
16,102,-33.7149,-27.0293
18,102,-27.4972,-29.0957
20,102,-28.0732,-31.4902
22,102,-33.7011,-36.2064
24,102,-27.3643,-35.1709
26,102,-20.0599,-25.9247
28,102,-14.4444,-22.3861
30,102,-14.6537,-19.0993
32,102,-18.9169,-18.5812
34,102,-16.9152,-22.4088
36,102,-20.5496,-38.067
38,102,-25.6467,-23.6912
40,102,-20.8611,-20.927
42,102,-20.8506,-27.2487
44,102,-25.6374,-34.2045
46,102,-26.0122,-39.2576
48,102,-29.8144,-33.5342
50,102,-23.8764,-21.2973
52,102,-22.2844,-18.6303
54,102,-14.7111,-28.3983
56,102,-22.814,-34.5411
58,102,-23.1413,-27.9435
60,102,-28.0972,-25.0082
62,102,-20.8291,-41.281
64,102,-29.8108,-38.6764
66,102,-32.5511,-31.1024
68,102,-28.319,-18.7671
70,102,-24.0426,-17.073
72,102,-31.1459,-33.6021
74,102,-30.1742,-19.0366
76,102,-20.9054,-24.8816
78,102,-25.0222,-26.8563
80,102,-50.2586,-28.9791
82,102,-26.3909,-22.9479
84,102,-25.5016,-37.4819
86,102,-37.1521,-34.2166
88,102,-33.4934,-20.3783
90,102,-67.5322,-15.6146
92,102,-34.2086,-21.0845
94,102,-37.363,-34.619
96,102,-25.3365,-38.8853
98,102,-26.3724,-21.9569
100,102,-52.1638,-27.6126
102,102,-25.8443,-26.815
104,102,-21.327,-23.9236
106,102,-29.2751,-19.1127
108,102,-31.5475,-34.4187
110,102,-24.2655,-16.92
112,102,-29.1222,-18.7397
114,102,-31.513,-30.9685
116,102,-30.6308,-38.0057
118,102,-21.0492,-37.8297
120,102,-28.3218,-25.2224
122,102,-23.5884,-29.0176
124,102,-22.5149,-35.9602
126,102,-14.6737,-27.9616
128,102,-22.1713,-18.6873
130,102,-23.7261,-21.2815
132,102,-30.2342,-33.2494
134,102,-26.2969,-39.9346
136,102,-24.8231,-34.0222
138,102,-21.0262,-27.591
140,102,-21.5287,-21.2307
142,102,-26.5131,-23.96
144,102,-20.1102,-37.5169
146,102,-16.4756,-22.0677
148,102,-18.5818,-18.2326
150,102,-14.8185,-18.7234
152,102,-14.5626,-22.1806
154,102,-20.0653,-26.2893
156,102,-27.0677,-36.6659
158,102,-34.3088,-34.4043
160,102,-28.5801,-31.3862
162,102,-27.4296,-29.233
164,102,-32.8786,-27.2358
166,102,-29.0882,-28.4814
168,102,-25.6795,-32.5879
170,102,-25.31,-38.3935
172,102,-27.1517,-43.8693
174,102,-27.676,-49.6445
176,102,-24.6085,-67.4813
178,102,-22.6159,-47.4485
180,102,-22.563,-40.3567
182,102,-24.2693,-36.8501
184,102,-26.9548,-35.0415
186,102,-27.5431,-33.9188
188,102,-26.0329,-33.0982
190,102,-25.7463,-32.9411
192,102,-28.1032,-34.3372
194,102,-35.429,-39.6542
196,102,-32.6553,-47.7338
198,102,-26.2327,-32.7718
200,102,-23.7374,-27.4522
202,102,-23.4891,-25.2294
204,102,-24.5967,-25.5524
206,102,-25.035,-28.102
208,102,-23.3918,-31.7625
210,102,-20.7814,-37.4437
212,102,-18.989,-35.8681
214,102,-19.382,-32.9765
216,102,-22.932,-33.9737
218,102,-32.5748,-34.3453
220,102,-33.1842,-34.7989
222,102,-26.9267,-38.6518
224,102,-24.4208,-47.3861
226,102,-27.5819,-48.5774
228,102,-27.4942,-35.9864
230,102,-22.1229,-28.8964
232,102,-22.9474,-26.9148
234,102,-27.2751,-30.6208
236,102,-32.2916,-41.2572
238,102,-34.4919,-32.3306
240,102,-25.102,-30.0214
242,102,-26.6112,-30.9758
244,102,-33.9297,-39.6483
246,102,-41.2684,-39.4659
248,102,-25.9881,-27.7549
250,102,-25.3383,-25.9423
252,102,-37.7422,-50.8618
254,102,-25.6227,-23.41
256,102,-25.2791,-21.3327
258,102,-42.6121,-29.1028
260,102,-42.9425,-33.3604
262,102,-33.0348,-40.1453
264,102,-36.6156,-30.0017
266,102,-48.7739,-42.3525
268,102,-41.5026,-24.9605
270,102,-51.3326,-20.8215
272,102,-44.0851,-24.5108
274,102,-42.2757,-40.7557
276,102,-35.8209,-29.1411
278,102,-33.1524,-45.5335
280,102,-45.9725,-35.2528
282,102,-40.1582,-28.3667
284,102,-24.6186,-21.2753
286,102,-25.5562,-23.6661
288,102,-37.1843,-48.6676
290,102,-25.6053,-26.2943
292,102,-25.7587,-26.9029
294,102,-39.046,-34.8451
296,102,-32.5684,-36.1951
298,102,-26.4371,-32.1471
300,102,-24.5239,-32.512
302,102,-34.2051,-33.2853
304,102,-32.4912,-39.2833
306,102,-27.5708,-31.4625
308,102,-23.0057,-27.1892
310,102,-21.9214,-28.7504
312,102,-27.1249,-35.6728
314,102,-26.9004,-50.1683
316,102,-23.6398,-44.874
318,102,-25.9186,-36.4602
320,102,-32.6822,-33.8764
322,102,-30.4673,-33.429
324,102,-22.1305,-32.9923
326,102,-19.1534,-31.9253
328,102,-18.9157,-33.6752
330,102,-20.5236,-36.9944
332,102,-23.0293,-31.2028
334,102,-24.9008,-27.4402
336,102,-24.4658,-25.1126
338,102,-23.2473,-24.8421
340,102,-23.697,-27.2316
342,102,-26.5853,-32.8486
344,102,-33.0996,-45.5573
346,102,-33.8484,-39.5201
348,102,-27.7867,-34.4145
350,102,-25.6143,-32.8769
352,102,-25.747,-33.1198
354,102,-26.793,-34.4173
356,102,-26.0212,-35.9475
358,102,-23.6612,-37.3334
360,102,-22.2166,-39.6956
0,104,-21.8848,-35.341
2,104,-22.0899,-38.1573
4,104,-24.0864,-42.5289
6,104,-26.7278,-45.1123
8,104,-26.2594,-42.4227
10,104,-24.9023,-37.116
12,104,-25.5221,-31.3587
14,104,-29.0964,-27.8733
16,104,-32.6187,-27.6325
18,104,-28.6245,-30.8305
20,104,-30.4781,-34.3231
22,104,-27.4317,-45.5548
24,104,-23.8587,-29.9194
26,104,-18.0852,-23.9946
28,104,-13.7089,-20.8523
30,104,-14.9781,-18.4933
32,104,-21.7153,-19.2708
34,104,-18.9053,-25.461
36,104,-23.6,-35.0668
38,104,-25.7893,-22.0521
40,104,-21.5478,-21.1483
42,104,-21.2822,-29.2082
44,104,-25.8105,-39.8732
46,104,-28.2179,-35.8898
48,104,-26.8882,-30.8122
50,104,-21.902,-20.442
52,104,-24.7525,-18.5568
54,104,-16.1747,-28.601
56,104,-26.9778,-33.561
58,104,-21.0541,-27.3074
60,104,-24.7292,-25.2076
62,104,-21.4549,-42.4497
64,104,-32.1806,-39.2917
66,104,-31.1648,-30.7892
68,104,-26.6312,-19.2833
70,104,-22.0612,-18.0105
72,104,-32.0969,-33.4044
74,104,-33.2707,-18.2594
76,104,-24.7543,-25.0526
78,104,-26.6174,-30.6796
80,104,-40.224,-29.115
82,104,-24.5547,-22.4746
84,104,-24.7394,-41.7421
86,104,-37.7758,-36.6653
88,104,-31.9548,-21.9159
90,104,-64.7201,-16.9292
92,104,-32.5788,-22.5468
94,104,-37.5493,-37.0367
96,104,-24.3817,-35.67
98,104,-24.3968,-21.6837
100,104,-40.2381,-27.3773
102,104,-27.4983,-31.1995
104,104,-25.358,-24.057
106,104,-32.6078,-18.3215
108,104,-32.5527,-34.1204
110,104,-22.1028,-17.8201
112,104,-27.0661,-19.1957
114,104,-30.7233,-30.6241
116,104,-32.9878,-39.8406
118,104,-21.7398,-38.2975
120,104,-24.806,-25.412
122,104,-21.253,-28.319
124,104,-26.648,-35.7041
126,104,-16.1599,-28.2036
128,104,-24.6563,-18.7252
130,104,-21.7181,-20.5644
132,104,-26.7992,-30.7574
134,104,-28.0817,-36.4408
136,104,-24.8322,-39.4219
138,104,-21.3675,-29.7203
140,104,-22.1179,-21.5185
142,104,-26.3668,-22.2706
144,104,-23.0269,-35.1997
146,104,-18.3904,-25.1466
148,104,-21.1783,-18.9818
150,104,-15.1361,-18.1771
152,104,-13.8035,-20.6711
154,104,-18.0479,-24.2828
156,104,-23.6346,-30.817
158,104,-27.3659,-39.9479
160,104,-30.9767,-34.0428
162,104,-28.3512,-30.8242
164,104,-31.5232,-27.655
166,104,-28.2576,-27.9177
168,104,-24.9299,-31.1961
170,104,-24.4638,-36.4949
172,104,-25.9007,-42.0794
174,104,-26.3065,-47.6513
176,104,-23.7866,-44.3996
178,104,-22.0173,-39.0437
180,104,-22.0623,-35.9966
182,104,-23.8966,-34.3636
184,104,-27.0233,-33.5161
186,104,-28.396,-32.8071
188,104,-27.1288,-31.9844
190,104,-27.2084,-31.5915
192,104,-30.7078,-32.5701
194,104,-38.9653,-36.7441
196,104,-29.1239,-54.7442
198,104,-24.2149,-32.8051
200,104,-22.4462,-26.9147
202,104,-22.8826,-24.513
204,104,-24.7186,-24.4983
206,104,-25.1833,-26.2853
208,104,-22.8792,-30.0378
210,104,-20.1091,-41.6927
212,104,-18.7592,-36.6576
214,104,-19.8956,-33.0403
216,104,-24.2825,-32.8883
218,104,-33.4495,-31.2932
220,104,-35.6929,-31.1322
222,104,-27.6754,-34.5943
224,104,-24.7582,-43.3794
226,104,-29.1283,-49.7926
228,104,-25.8421,-35.1937
230,104,-21.2248,-28.0116
232,104,-22.5237,-26.0826
234,104,-27.7204,-30.4232
236,104,-32.6544,-38.8692
238,104,-27.7542,-28.9251
240,104,-24.4018,-27.8848
242,104,-27.1335,-30.6574
244,104,-33.4085,-40.5473
246,104,-40.9812,-38.4983
248,104,-26.9032,-27.3556
250,104,-27.5715,-26.2993
252,104,-40.6941,-44.138
254,104,-26.6186,-22.5577
256,104,-27.864,-21.1929
258,104,-43.1737,-30.6229
260,104,-40.1585,-32.9195
262,104,-30.8637,-54.4657
264,104,-35.8934,-30.2033
266,104,-52.1853,-45.9103
268,104,-41.4683,-25.9765
270,104,-51.9517,-22.3599
272,104,-43.8684,-25.869
274,104,-43.3989,-42.1003
276,104,-34.9346,-29.2651
278,104,-30.8832,-48.4015
280,104,-45.5534,-35.3604
282,104,-43.4644,-29.4895
284,104,-27.1256,-21.1177
286,104,-26.6159,-22.7484
288,104,-39.7401,-41.2221
290,104,-27.5635,-26.423
292,104,-26.6785,-26.5578
294,104,-38.1345,-34.3011
296,104,-31.9619,-36.6541
298,104,-26.5222,-31.6189
300,104,-23.7003,-29.4681
302,104,-27.5982,-29.4061
304,104,-32.8816,-38.1235
306,104,-28.0273,-30.9714
308,104,-22.4746,-26.2741
310,104,-20.9342,-27.8122
312,104,-25.4718,-34.2957
314,104,-28.5447,-46.3691
316,104,-24.2011,-41.7853
318,104,-26.7989,-33.8884
320,104,-35.0156,-31.2459
322,104,-31.2648,-31.4079
324,104,-23.351,-32.4832
326,104,-19.6633,-32.0824
328,104,-18.7361,-34.0365
330,104,-19.9435,-45.2998
332,104,-22.5661,-30.463
334,104,-25.0262,-26.0232
336,104,-24.5964,-24.1642
338,104,-22.6482,-24.1441
340,104,-22.3546,-26.5892
342,104,-24.4508,-32.5769
344,104,-29.74,-45.4156
346,104,-37.5235,-36.4761
348,104,-30.3025,-32.3986
350,104,-27.2011,-31.0364
352,104,-27.0634,-31.0928
354,104,-27.81,-31.9493
356,104,-26.1829,-32.9559
358,104,-23.4103,-33.8787
360,104,-21.8848,-35.341
0,106,-22.2047,-31.6243
2,106,-22.3747,-33.5108
4,106,-24.186,-35.96
6,106,-26.1871,-37.4312
8,106,-25.574,-37.1793
10,106,-24.5749,-34.5341
12,106,-25.4738,-30.3945
14,106,-29.4551,-28.1634
16,106,-33.4638,-29.3493
18,106,-31.0202,-34.6445
20,106,-28.6447,-39.7549
22,106,-23.0161,-35.8672
24,106,-21.3478,-26.4265
26,106,-16.7183,-22.45
28,106,-13.3574,-19.775
30,106,-15.5627,-18.3479
32,106,-25.9329,-20.6392
34,106,-21.5733,-31.8521
36,106,-28.8435,-27.412
38,106,-26.06,-20.9926
40,106,-23.0324,-21.956
42,106,-22.3132,-32.5221
44,106,-27.2828,-50.1804
46,106,-33.1766,-32.9566
48,106,-23.7133,-27.9384
50,106,-20.1199,-19.8625
52,106,-28.2984,-18.85
54,106,-18.3408,-29.6848
56,106,-38.4184,-32.0944
58,106,-19.0264,-26.81
60,106,-22.2581,-25.5079
62,106,-22.4141,-41.7606
64,106,-37.4848,-40.9648
66,106,-28.9918,-32.0615
68,106,-25.832,-20.4372
70,106,-21.177,-19.4504
72,106,-34.6439,-30.5368
74,106,-26.5408,-17.4365
76,106,-32.2853,-23.1501
78,106,-29.0173,-37.4762
80,106,-36.1614,-29.1881
82,106,-23.5498,-21.8784
84,106,-24.57,-30.6376
86,106,-39.2697,-39.6461
88,106,-31.0277,-24.2964
90,106,-62.6344,-18.9945
92,106,-31.5936,-24.8363
94,106,-38.5134,-39.4615
96,106,-24.1012,-30.2461
98,106,-23.3393,-21.5899
100,106,-35.725,-27.3373
102,106,-29.9283,-39.9678
104,106,-33.2482,-22.3438
106,106,-26.761,-17.4437
108,106,-35.9104,-30.9406
110,106,-21.0292,-19.2036
112,106,-25.953,-20.2373
114,106,-29.0324,-31.6022
116,106,-38.5687,-41.9557
118,106,-22.7404,-37.8918
120,106,-22.2107,-25.6935
122,106,-19.0644,-27.6705
124,106,-37.939,-34.0871
126,106,-18.3853,-29.2636
128,106,-28.2367,-19.0992
130,106,-19.907,-20.083
132,106,-23.5352,-28.0755
134,106,-32.5535,-33.0614
136,106,-26.0891,-50.8928
138,106,-22.3603,-33.357
140,106,-23.5467,-22.4633
142,106,-26.4311,-21.261
144,106,-28.1536,-27.4922
146,106,-21.1165,-31.5929
148,106,-25.0415,-20.4298
150,106,-15.6797,-18.0819
152,106,-13.4079,-19.5929
154,106,-16.6354,-22.6295
156,106,-21.1381,-26.9543
158,106,-22.9551,-35.5128
160,106,-28.8841,-38.759
162,106,-30.6063,-34.5639
164,106,-32.1712,-29.2344
166,106,-28.7067,-28.1521
168,106,-24.9833,-30.3729
170,106,-24.2433,-34.5281
172,106,-25.3206,-37.8385
174,106,-25.7712,-38.9588
176,106,-23.727,-37.2885
178,106,-22.0763,-34.3308
180,106,-22.1323,-32.2737
182,106,-24.0394,-31.29
184,106,-27.6113,-30.9374
186,106,-30.2078,-30.5571
188,106,-29.5899,-29.8658
190,106,-30.5738,-29.4502
192,106,-38.0257,-30.2565
194,106,-36.0207,-33.8254
196,106,-26.6185,-52.1285
198,106,-22.9226,-32.5538
200,106,-21.8813,-26.1823
202,106,-23.1106,-23.5723
204,106,-25.9372,-23.1321
206,106,-26.377,-24.3865
208,106,-23.0996,-28.1703
210,106,-20.1178,-39.6962
212,106,-19.1659,-36.1357
214,106,-20.9249,-33.2624
216,106,-25.7493,-31.5179
218,106,-34.4004,-28.8428
220,106,-38.676,-28.5847
222,106,-27.1724,-32.0991
224,106,-25.295,-41.8717
226,106,-31.4775,-52.5039
228,106,-23.8321,-34.1558
230,106,-20.2286,-27.0727
232,106,-21.7578,-25.3214
234,106,-27.6244,-30.6949
236,106,-30.6129,-34.1664
238,106,-23.4431,-25.9143
240,106,-22.7683,-25.9752
242,106,-27.0426,-30.8584
244,106,-34.2041,-43.0625
246,106,-40.7197,-37.8561
248,106,-29.689,-27.1213
250,106,-31.6514,-26.9848
252,106,-41.5172,-38.4761
254,106,-28.4886,-22.1102
256,106,-31.5119,-21.4365
258,106,-37.789,-32.8632
260,106,-37.4971,-33.184
262,106,-29.7433,-41.3977
264,106,-36.5137,-28.0309
266,106,-65.7257,-41.1534
268,106,-41.3583,-25.6677
270,106,-52.5648,-22.2938
272,106,-43.3916,-25.8636
274,106,-45.5412,-40.9896
276,106,-35.1272,-27.7158
278,106,-29.5746,-36.9754
280,106,-41.0658,-36.5388
282,106,-39.149,-31.2122
284,106,-31.0956,-21.395
286,106,-28.5074,-22.2872
288,106,-42.692,-37.1946
290,106,-30.8357,-26.8162
292,106,-29.2434,-26.4172
294,106,-37.8627,-34.0345
296,106,-32.7165,-37.7498
298,106,-26.3198,-31.6749
300,106,-22.2216,-27.2858
302,106,-23.2793,-26.4321
304,106,-30.6832,-34.5101
306,106,-27.9376,-30.6025
308,106,-21.7362,-25.2971
310,106,-20.0102,-26.8653
312,106,-23.6001,-33.1303
314,106,-31.095,-44.8624
316,106,-25.1182,-40.2598
318,106,-26.9451,-32.0071
320,106,-39.1987,-29.146
322,106,-32.1759,-29.5231
324,106,-24.7312,-31.7618
326,106,-20.6966,-32.5485
328,106,-19.219,-33.8959
330,106,-20.0789,-45.8974
332,106,-22.8583,-29.2298
334,106,-26.1464,-24.5069
336,106,-25.7575,-22.9728
338,106,-22.8288,-23.2918
340,106,-21.6911,-25.8736
342,106,-22.9778,-32.3816
344,106,-27.0331,-51.2675
346,106,-37.0263,-33.8249
348,106,-37.4643,-30.1591
350,106,-30.9166,-28.9845
352,106,-30.0401,-28.9905
354,106,-30.0526,-29.5472
356,106,-27.0686,-30.1096
358,106,-23.8152,-30.63
360,106,-22.2047,-31.6243
0,108,-23.5881,-29.2681
2,108,-23.7902,-30.7183
4,108,-25.4962,-32.381
6,108,-26.8082,-33.3751
8,108,-25.8273,-33.6449
10,108,-25.0594,-32.5063
12,108,-26.378,-30.2021
14,108,-31.2889,-29.7209
16,108,-37.53,-33.5348
18,108,-32.2638,-43.7302
20,108,-23.9049,-36.2011
22,108,-19.9635,-29.1336
24,108,-19.6662,-24.0509
26,108,-16.0133,-21.4534
28,108,-13.5176,-19.3437
30,108,-16.5853,-18.9445
32,108,-33.3016,-23.3309
34,108,-24.4337,-41.9043
36,108,-35.6057,-23.4095
38,108,-26.3608,-20.5737
40,108,-25.7125,-23.5502
42,108,-24.0178,-38.1657
44,108,-30.5325,-49.0678
46,108,-41.0288,-29.7649
48,108,-21.2924,-25.181
50,108,-18.8069,-19.5313
52,108,-31.6127,-19.5592
54,108,-21.4792,-31.8695
56,108,-32.7759,-30.8476
58,108,-17.4588,-26.861
60,108,-20.6035,-26.2923
62,108,-23.7007,-42.0784
64,108,-42.3367,-45.5026
66,108,-26.3507,-36.2378
68,108,-25.8012,-22.4733
70,108,-21.3297,-21.5072
72,108,-34.2534,-27.5775
74,108,-21.5468,-16.6131
76,108,-30.2728,-20.7132
78,108,-32.356,-44.572
80,108,-34.2212,-28.9246
82,108,-23.3013,-21.3245
84,108,-24.9668,-26.3374
86,108,-42.0659,-41.9048
88,108,-30.6937,-27.9812
90,108,-60.2449,-22.2564
92,108,-31.2615,-28.5326
94,108,-40.7773,-41.2904
96,108,-24.5002,-27.2192
98,108,-23.0923,-21.6213
100,108,-33.6827,-27.3573
102,108,-33.2623,-38.0471
104,108,-29.9354,-20.057
106,108,-21.7141,-16.5494
108,108,-36.8026,-27.7128
110,108,-20.9795,-21.1902
112,108,-25.6463,-22.0943
114,108,-26.6452,-34.9322
116,108,-44.2048,-43.9554
118,108,-23.995,-38.733
120,108,-20.4611,-26.5118
122,108,-17.4016,-27.5194
124,108,-32.661,-32.2785
126,108,-21.6679,-31.2846
128,108,-31.3635,-19.8652
130,108,-18.5625,-19.802
132,108,-21.0816,-25.3892
134,108,-45.4636,-29.5595
136,108,-29.1631,-47.4909
138,108,-24.1526,-39.5891
140,108,-26.286,-24.2607
142,108,-26.6971,-20.9505
144,108,-37.7858,-23.5625
146,108,-24.4832,-43.3654
148,108,-31.4071,-23.1827
150,108,-16.6229,-18.6928
152,108,-13.5099,-19.1278
154,108,-15.8861,-21.5111
156,108,-19.4556,-24.3594
158,108,-19.9283,-29.166
160,108,-24.0239,-35.4475
162,108,-32.3897,-43.8114
164,108,-36.2513,-33.3068
166,108,-30.7786,-29.7364
168,108,-25.9616,-30.3811
170,108,-24.7428,-32.8701
172,108,-25.561,-34.2534
174,108,-26.2881,-34.2593
176,108,-24.7842,-33.3459
178,108,-23.1871,-31.4685
180,108,-23.1659,-29.8517
182,108,-25.0996,-29.0751
184,108,-29.266,-28.9143
186,108,-34.3481,-28.7433
188,108,-34.6488,-28.2278
190,108,-35.6948,-27.9379
192,108,-36.9146,-28.8397
194,108,-29.7331,-32.3851
196,108,-24.7436,-40.852
198,108,-22.2802,-30.4619
200,108,-22.0395,-24.7526
202,108,-24.1795,-22.2071
204,108,-28.4515,-21.5955
206,108,-28.8369,-22.7748
208,108,-24.0033,-26.7131
210,108,-20.7717,-35.6796
212,108,-20.1858,-35.5758
214,108,-22.3918,-33.9714
216,108,-27.3003,-30.2687
218,108,-37.4296,-27.1536
220,108,-33.5997,-27.0184
222,108,-26.0205,-30.9037
224,108,-26.5935,-43.2588
226,108,-31.7609,-44.506
228,108,-21.8076,-32.8361
230,108,-19.3537,-26.3773
232,108,-21.2654,-25.0611
234,108,-28.58,-32.4297
236,108,-26.9715,-29.8346
238,108,-20.7126,-23.6278
240,108,-21.4866,-24.8092
242,108,-27.2118,-32.124
244,108,-36.312,-46.6523
246,108,-43.7434,-36.3378
248,108,-37.2664,-26.5715
250,108,-35.626,-27.7329
252,108,-43.884,-34.941
254,108,-29.7841,-21.9163
256,108,-31.6881,-21.9128
258,108,-34.708,-35.3161
260,108,-35.5467,-34.262
262,108,-29.5573,-34.2602
264,108,-38.8909,-25.4102
266,108,-53.32,-37.5037
268,108,-41.2076,-23.4914
270,108,-52.5863,-19.7399
272,108,-42.753,-23.583
274,108,-48.7389,-38.5122
276,108,-36.6194,-25.4869
278,108,-29.1542,-32.1704
280,108,-37.5763,-39.0411
282,108,-35.8092,-33.0075
284,108,-32.7796,-21.9062
286,108,-29.444,-22.1877
288,108,-51.2705,-34.9363
290,108,-33.7222,-27.3031
292,108,-35.3174,-26.1986
294,108,-39.9548,-33.6482
296,108,-34.8988,-39.5715
298,108,-26.6001,-32.6317
300,108,-21.1295,-26.0396
302,108,-20.5522,-24.274
304,108,-26.8578,-30.6429
306,108,-29.0775,-31.364
308,108,-21.3718,-24.698
310,108,-19.3297,-26.0594
312,108,-21.8026,-31.9388
314,108,-31.7177,-42.2204
316,108,-26.8836,-41.1427
318,108,-26.4124,-31.2569
320,108,-35.0869,-27.8653
322,108,-34.3412,-28.1503
324,108,-26.2306,-31.0519
326,108,-22.1705,-33.7309
328,108,-20.3266,-34.0586
330,108,-20.8901,-37.2519
332,108,-23.8886,-27.9169
334,108,-28.5075,-23.1636
336,108,-28.2222,-21.6281
338,108,-23.8732,-22.0583
340,108,-21.7645,-24.529
342,108,-22.1527,-30.4275
344,108,-24.8413,-44.2053
346,108,-30.0712,-32.5914
348,108,-37.4991,-28.8117
350,108,-37.0877,-27.6208
352,108,-36.6593,-27.5579
354,108,-35.2042,-27.915
356,108,-29.2601,-28.207
358,108,-25.2972,-28.5032
360,108,-23.5881,-29.2681
0,110,-26.8031,-28.3446
2,110,-27.1255,-29.5419
4,110,-28.8971,-30.7941
6,110,-29.2734,-31.6164
8,110,-27.48,-32.1287
10,110,-26.6893,-31.9294
12,110,-28.2593,-31.5782
14,110,-32.5689,-34.1351
16,110,-35.4868,-50.2577
18,110,-27.0505,-35.0998
20,110,-20.1122,-29.6105
22,110,-17.9096,-25.3685
24,110,-18.7689,-22.6128
26,110,-16.0495,-21.1753
28,110,-14.3529,-19.7836
30,110,-18.367,-20.7026
32,110,-45.7606,-29.0879
34,110,-25.9235,-27.5357
36,110,-30.9533,-21.1206
38,110,-26.7688,-20.8582
40,110,-30.3867,-26.111
42,110,-26.2002,-44.1254
44,110,-35.8415,-39.4511
46,110,-33.0316,-26.2688
48,110,-19.8475,-22.6167
50,110,-18.1304,-19.3344
52,110,-31.1005,-20.6829
54,110,-26.0341,-35.4748
56,110,-25.6003,-30.0618
58,110,-16.556,-27.8421
60,110,-19.7875,-27.9722
62,110,-25.5434,-43.2806
64,110,-32.2904,-48.7187
66,110,-23.7099,-43.263
68,110,-26.2936,-25.6578
70,110,-22.6348,-24.2763
72,110,-28.9522,-25.2882
74,110,-18.5837,-15.8284
76,110,-24.2725,-18.6763
78,110,-36.7715,-35.7354
80,110,-33.8132,-28.3159
82,110,-23.8604,-21.048
84,110,-25.9029,-24.094
86,110,-47.3505,-41.6253
88,110,-31.0076,-32.525
90,110,-55.536,-27.4133
92,110,-31.6809,-34.1211
94,110,-45.4941,-42.7286
96,110,-25.5916,-25.5142
98,110,-23.6947,-21.7128
100,110,-33.2994,-27.2239
102,110,-37.6148,-31.7448
104,110,-24.1369,-18.1317
106,110,-18.6832,-15.7081
108,110,-29.98,-25.2049
110,110,-22.0684,-23.882
112,110,-25.9604,-24.9697
114,110,-24.0463,-39.5486
116,110,-32.7891,-40.6492
118,110,-25.6869,-41.3708
120,110,-19.5657,-28.3413
122,110,-16.4431,-28.2959
124,110,-25.3682,-30.9474
126,110,-26.6054,-34.0952
128,110,-30.4041,-21.031
130,110,-17.8562,-19.6205
132,110,-19.5865,-22.8099
134,110,-34.2115,-25.9761
136,110,-35.3564,-37.3573
138,110,-26.6305,-45.2401
140,110,-31.3788,-27.0685
142,110,-27.1613,-21.3589
144,110,-32.8957,-21.3738
146,110,-26.9761,-27.7763
148,110,-48.9016,-28.9078
150,110,-18.2953,-20.3876
152,110,-14.2843,-19.4879
154,110,-15.8875,-21.101
156,110,-18.5585,-22.792
158,110,-17.8784,-25.4219
160,110,-20.1706,-29.313
162,110,-27.2516,-34.9144
164,110,-36.1933,-47.7791
166,110,-32.766,-34.2975
168,110,-27.8685,-32.0305
170,110,-26.2199,-32.522
172,110,-26.9944,-32.5744
174,110,-28.4317,-32.015
176,110,-27.6882,-31.3475
178,110,-26.0367,-30.1231
180,110,-25.8494,-28.8408
182,110,-27.9212,-28.1803
184,110,-33.6279,-28.1178
186,110,-47.9845,-28.1069
188,110,-34.4291,-27.811
190,110,-30.1935,-27.7878
192,110,-27.8089,-29.0428
194,110,-25.4429,-32.8539
196,110,-23.2231,-34.4605
198,110,-22.064,-27.2082
200,110,-22.692,-22.8411
202,110,-25.6442,-20.7219
204,110,-31.5632,-20.3126
206,110,-32.5222,-21.7774
208,110,-25.3869,-26.0126
210,110,-21.9865,-33.6625
212,110,-21.7501,-36.2156
214,110,-24.2202,-35.3795
216,110,-29.4667,-29.5152
218,110,-39.7592,-26.3165
220,110,-28.9687,-26.4312
222,110,-25.5784,-31.1053
224,110,-29.7146,-49.2419
226,110,-27.6831,-37.8502
228,110,-20.1895,-31.7071
230,110,-18.938,-26.3068
232,110,-21.6002,-25.6713
234,110,-31.7296,-37.434
236,110,-23.8299,-26.61
238,110,-19.2228,-22.2092
240,110,-21.1427,-24.5962
242,110,-28.372,-35.2375
244,110,-39.2135,-44.9322
246,110,-47.9395,-33.1934
248,110,-40.1126,-25.4514
250,110,-32.3682,-28.2403
252,110,-60.5762,-31.9807
254,110,-27.6094,-21.4988
256,110,-28.0678,-22.1376
258,110,-33.5077,-36.5589
260,110,-34.3378,-35.84
262,110,-30.3388,-30.5441
264,110,-44.8822,-23.3843
266,110,-45.8359,-36.0451
268,110,-41.1487,-20.8761
270,110,-51.744,-16.8902
272,110,-42.2063,-20.8472
274,110,-49.5638,-36.6523
276,110,-40.2223,-23.5181
278,110,-29.6704,-29.4372
280,110,-35.4842,-41.1043
282,110,-34.4205,-33.7413
284,110,-29.0763,-22.0531
286,110,-27.0238,-21.9664
288,110,-43.5448,-33.5597
290,110,-32.095,-27.5594
292,110,-38.856,-25.5595
294,110,-49.5868,-32.5699
296,110,-38.4809,-42.6927
298,110,-27.9231,-34.9508
300,110,-20.921,-25.7497
302,110,-19.0688,-22.925
304,110,-23.6406,-27.5148
306,110,-32.9036,-34.4637
308,110,-21.8672,-24.9115
310,110,-19.1468,-25.7799
312,110,-20.4224,-30.9948
314,110,-27.8012,-37.9535
316,110,-30.4502,-43.3467
318,110,-26.1983,-31.8427
320,110,-29.7265,-27.5366
322,110,-36.4157,-27.546
324,110,-28.2625,-30.6909
326,110,-24.0181,-35.9566
328,110,-21.9845,-35.3104
330,110,-22.2925,-33.8703
332,110,-25.5061,-26.9844
334,110,-32.1902,-22.2781
336,110,-31.5915,-20.472
338,110,-25.4929,-20.6564
340,110,-22.4351,-22.6225
342,110,-21.8273,-26.9458
344,110,-23.0701,-34.597
346,110,-25.357,-33.0849
348,110,-27.7223,-29.0353
350,110,-30.1315,-27.5491
352,110,-34.4746,-27.2669
354,110,-55.3423,-27.3969
356,110,-34.6738,-27.4999
358,110,-28.8122,-27.6884
360,110,-26.8031,-28.3446
0,112,-32.9877,-29.2657
2,112,-33.186,-30.3276
4,112,-36.324,-31.4003
6,112,-35.9395,-32.2867
8,112,-31.5573,-33.1494
10,112,-29.2555,-34.0753
12,112,-28.3051,-37.0639
14,112,-27.822,-59.9816
16,112,-27.4798,-34.0277
18,112,-22.2538,-28.7582
20,112,-17.5885,-25.8742
22,112,-16.7593,-23.2669
24,112,-18.6924,-22.1189
26,112,-16.9519,-21.8284
28,112,-16.1151,-21.4285
30,112,-21.5457,-24.4936
32,112,-32.2071,-37.1655
34,112,-25.7746,-22.7148
36,112,-27.68,-20.0556
38,112,-27.4179,-21.9293
40,112,-38.0832,-29.6369
42,112,-28.2652,-43.8733
44,112,-37.6626,-32.103
46,112,-29.5498,-22.9521
48,112,-19.4357,-20.3884
50,112,-18.2081,-19.1979
52,112,-29.5746,-22.2458
54,112,-32.628,-39.2818
56,112,-22.9928,-29.4058
58,112,-16.443,-30.0898
60,112,-19.8891,-31.0786
62,112,-28.7404,-42.8662
64,112,-26.754,-37.765
66,112,-21.4414,-32.6292
68,112,-26.7221,-29.3515
70,112,-25.3892,-27.7818
72,112,-25.2174,-23.5485
74,112,-17.0512,-15.1328
76,112,-21.6542,-17.217
78,112,-42.4021,-32.0632
80,112,-35.1049,-27.633
82,112,-25.4294,-21.2578
84,112,-27.366,-23.0248
86,112,-65.2389,-40.3937
88,112,-32.13,-30.2906
90,112,-51.0696,-28.8405
92,112,-33.0741,-31.8172
94,112,-58.1722,-45.108
96,112,-27.3599,-24.6477
98,112,-25.346,-21.8685
100,112,-34.6599,-26.8264
102,112,-42.8583,-29.2627
104,112,-21.5887,-16.8108
106,112,-17.0991,-14.9971
108,112,-25.647,-23.2976
110,112,-24.5881,-27.339
112,112,-26.4233,-28.1706
114,112,-21.7024,-31.6567
116,112,-27.0627,-34.3333
118,112,-28.5696,-44.3989
120,112,-19.5875,-31.7909
122,112,-16.2983,-30.3689
124,112,-22.72,-30.0409
126,112,-34.4096,-35.8035
128,112,-28.696,-22.5984
130,112,-17.9127,-19.4739
132,112,-19.1203,-20.5321
134,112,-29.491,-22.6851
136,112,-40.7456,-30.7513
138,112,-28.9358,-44.9324
140,112,-40.232,-30.8659
142,112,-27.7343,-22.5302
144,112,-28.4032,-20.3882
146,112,-27.0285,-22.9881
148,112,-34.2646,-38.7906
150,112,-21.3601,-23.9216
152,112,-16.0039,-20.9802
154,112,-16.7818,-21.6052
156,112,-18.4999,-22.2221
158,112,-16.7218,-23.3528
160,112,-17.607,-25.7339
162,112,-22.2851,-28.5803
164,112,-27.6032,-33.7213
166,112,-28.1136,-46.4935
168,112,-28.2457,-37.909
170,112,-28.6494,-34.9904
172,112,-30.5829,-33.5345
174,112,-34.0662,-32.2069
176,112,-34.0607,-31.3758
178,112,-31.6123,-30.5828
180,112,-31.4071,-29.6899
182,112,-35.0541,-29.182
184,112,-57.734,-29.2005
186,112,-33.2321,-29.346
188,112,-27.4905,-29.3725
190,112,-24.776,-29.8819
192,112,-23.3913,-31.9229
194,112,-22.5168,-34.5734
196,112,-21.8684,-29.5875
198,112,-21.919,-24.2773
200,112,-23.3565,-21.1057
202,112,-26.6457,-19.597
204,112,-33.0435,-19.6443
206,112,-36.0841,-21.6083
208,112,-26.8417,-26.2531
210,112,-23.6138,-33.2411
212,112,-23.7557,-38.5518
214,112,-26.5448,-37.541
216,112,-33.3949,-29.6427
218,112,-33.7301,-26.4298
220,112,-26.8562,-26.9025
222,112,-26.8671,-33.1102
224,112,-35.4608,-42.1032
226,112,-23.9257,-33.7496
228,112,-19.3042,-31.2829
230,112,-19.3177,-27.1864
232,112,-23.206,-27.443
234,112,-35.6911,-63.9211
236,112,-21.8905,-24.6047
238,112,-18.9005,-21.7515
240,112,-21.9759,-25.5042
242,112,-30.9906,-42.8353
244,112,-40.3127,-39.7461
246,112,-36.5701,-29.6146
248,112,-29.7144,-24.0827
250,112,-29.6632,-28.7146
252,112,-37.248,-28.665
254,112,-24.4134,-20.3642
256,112,-25.553,-21.6739
258,112,-33.815,-36.7595
260,112,-33.8597,-36.3504
262,112,-32.3078,-28.3101
264,112,-57.1209,-22.0503
266,112,-41.9781,-36.4808
268,112,-41.376,-18.7176
270,112,-50.4503,-14.7448
272,112,-42.1414,-18.6961
274,112,-45.6677,-36.024
276,112,-50.2028,-22.0922
278,112,-31.3195,-27.8615
280,112,-34.5961,-38.1987
282,112,-34.5576,-33.5562
284,112,-26.2537,-21.3543
286,112,-23.9922,-20.9282
288,112,-33.9363,-31.3411
290,112,-30.0822,-27.6351
292,112,-30.0935,-24.4392
294,112,-39.7643,-30.456
296,112,-41.6392,-50.0385
298,112,-30.7334,-39.7853
300,112,-21.8485,-26.5627
302,112,-18.7515,-22.4576
304,112,-21.6808,-25.4054
306,112,-38.2653,-44.3374
308,112,-23.6257,-26.2956
310,112,-19.7286,-26.4515
312,112,-19.74,-30.9858
314,112,-24.1805,-34.9425
316,112,-35.3216,-40.1389
318,112,-27.3758,-33.8048
320,112,-27.1067,-28.1649
322,112,-32.9171,-27.8351
324,112,-31.692,-31.144
326,112,-26.4225,-39.3527
328,112,-24.1225,-37.8082
330,112,-24.1496,-32.5398
332,112,-27.3485,-26.7372
334,112,-36.2474,-22.0809
336,112,-33.3984,-19.861
338,112,-26.802,-19.5654
340,112,-23.2655,-20.8462
342,112,-21.705,-23.7975
344,112,-21.6286,-28.8405
346,112,-22.2984,-33.9266
348,112,-23.2067,-31.8645
350,112,-24.5916,-29.713
352,112,-27.1733,-28.898
354,112,-32.2971,-28.6357
356,112,-48.2237,-28.5176
358,112,-37.4876,-28.6434
360,112,-32.9877,-29.2657
0,114,-29.8802,-33.737
2,114,-29.4745,-34.786
4,114,-31.2599,-35.956
6,114,-34.743,-37.2895
8,114,-32.1362,-39.1006
10,114,-26.993,-43.4454
12,114,-23.8797,-41.9779
14,114,-22.9316,-32.1259
16,114,-22.8075,-27.6466
18,114,-19.3057,-25.7153
20,114,-16.265,-24.0636
22,114,-16.5672,-22.5539
24,114,-19.5594,-22.7328
26,114,-18.9266,-23.7704
28,114,-19.2572,-24.9619
30,114,-27.745,-33.8351
32,114,-27.5868,-26.8264
34,114,-25.9149,-20.5255
36,114,-27.071,-20.1309
38,114,-28.539,-23.9302
40,114,-38.5005,-33.7083
42,114,-30.2132,-46.8713
44,114,-35.1473,-26.6256
46,114,-29.5804,-20.2515
48,114,-20.1209,-18.7313
50,114,-19.1681,-19.2762
52,114,-29.7145,-24.53
54,114,-40.0504,-34.8588
56,114,-22.6572,-28.1077
58,114,-17.2229,-33.1565
60,114,-21.0552,-36.7158
62,114,-35.864,-39.7969
64,114,-23.2958,-31.5939
66,114,-19.7869,-26.9129
68,114,-26.3876,-29.1589
70,114,-30.1297,-31.8909
72,114,-23.4934,-22.1644
74,114,-16.7664,-14.6016
76,114,-20.9391,-16.3425
78,114,-49.1149,-30.7705
80,114,-38.8888,-27.0871
82,114,-28.4959,-22.1174
84,114,-29.4063,-22.7857
86,114,-50.4191,-40.0144
88,114,-34.4331,-25.5431
90,114,-47.9948,-23.1078
92,114,-35.9265,-25.9765
94,114,-49.7905,-49.5171
96,114,-29.6936,-24.3819
98,114,-28.5646,-22.239
100,114,-38.3979,-26.3346
102,114,-47.2592,-28.8089
104,114,-20.8673,-16.1353
106,114,-16.7702,-14.5098
108,114,-23.6153,-21.8208
110,114,-29.0282,-31.6781
112,114,-26.2638,-28.2678
114,114,-19.9407,-26.0262
116,114,-23.4618,-29.3563
118,114,-34.867,-41.7214
120,114,-20.6666,-38.0386
122,114,-17.0669,-33.3663
124,114,-22.3647,-28.8981
126,114,-43.42,-33.3947
128,114,-28.7213,-24.7544
130,114,-18.8662,-19.4998
132,114,-19.775,-18.8041
134,114,-28.8407,-20.0215
136,114,-35.804,-25.8305
138,114,-30.5095,-44.7973
140,114,-37.1398,-35.4299
142,114,-28.6429,-24.6209
144,114,-27.2361,-20.4975
146,114,-26.7156,-20.8294
148,114,-28.4127,-27.5091
150,114,-27.5282,-31.9145
152,114,-19.1661,-24.2006
154,114,-18.8116,-23.3503
156,114,-19.4321,-22.7736
158,114,-16.5359,-22.6745
160,114,-16.273,-24.01
162,114,-19.3011,-25.5544
164,114,-22.8132,-27.4008
166,114,-23.0926,-31.277
168,114,-24.0594,-37.6926
170,114,-26.9982,-41.0694
172,114,-31.7584,-38.7781
174,114,-34.3572,-35.9816
176,114,-31.2886,-34.3452
178,114,-29.7141,-33.8278
180,114,-30.3804,-33.7689
182,114,-32.4101,-33.8846
184,114,-30.9424,-34.237
186,114,-26.6179,-34.7216
188,114,-23.4931,-35.5105
190,114,-21.6854,-37.5029
192,114,-20.7911,-37.8856
194,114,-20.4631,-31.1992
196,114,-20.6261,-25.6701
198,114,-21.5743,-22.0651
200,114,-23.6721,-19.9412
202,114,-27.2005,-19.1398
204,114,-33.8717,-19.8108
206,114,-36.3623,-22.4268
208,114,-27.9991,-27.5268
210,114,-25.5327,-33.7422
212,114,-26.2384,-41.0583
214,114,-30.1042,-41.1077
216,114,-39.9704,-31.0259
218,114,-30.1085,-27.5095
220,114,-27.1156,-28.5354
222,114,-31.6083,-38.1455
224,114,-30.42,-35.1503
226,114,-21.6517,-31.0748
228,114,-19.3999,-31.4781
230,114,-20.826,-29.1988
232,114,-26.6338,-30.6007
234,114,-31.9727,-37.6741
236,114,-21.3193,-23.8506
238,114,-19.8106,-22.3666
240,114,-24.204,-27.7915
242,114,-35.412,-48.7792
244,114,-38.361,-35.1305
246,114,-30.9563,-26.5735
248,114,-26.0581,-23.0035
250,114,-29.3888,-30.0991
252,114,-30.4002,-25.1554
254,114,-22.2492,-18.7722
256,114,-24.5096,-20.8667
258,114,-35.6024,-38.0064
260,114,-34.1334,-34.8523
262,114,-36.0743,-26.9674
264,114,-41.0802,-21.3582
266,114,-39.8396,-39.243
268,114,-41.9916,-17.2204
270,114,-49.2999,-13.3978
272,114,-43.0402,-17.2839
274,114,-42.2626,-36.9946
276,114,-45.4747,-21.2893
278,114,-34.5212,-27.0634
280,114,-34.8171,-34.6911
282,114,-36.1164,-33.9272
284,114,-25.0265,-20.2931
286,114,-22.0078,-19.2069
288,114,-28.8844,-27.4858
290,114,-30.0564,-28.3016
292,114,-26.4288,-23.2432
294,114,-32.3728,-27.7394
296,114,-40.2103,-44.7454
298,114,-35.5039,-48.093
300,114,-24.1804,-28.8396
302,114,-19.6746,-23.032
304,114,-21.112,-24.4672
306,114,-32.5869,-41.798
308,114,-27.1767,-29.174
310,114,-21.3565,-28.3545
312,114,-19.9785,-32.1778
314,114,-22.032,-33.338
316,114,-29.9313,-36.1432
318,114,-31.3959,-36.9718
320,114,-26.869,-29.5652
322,114,-29.5491,-28.8127
324,114,-36.728,-32.7354
326,114,-30.2099,-44.9205
328,114,-26.8654,-39.1375
330,114,-26.3741,-32.2542
332,114,-28.9861,-27.3172
334,114,-37.4893,-22.759
336,114,-33.6596,-20.0559
338,114,-27.3819,-19.1572
340,114,-23.7475,-19.7064
342,114,-21.4705,-21.5697
344,114,-20.4262,-24.8811
346,114,-20.252,-29.9541
348,114,-20.6207,-36.261
350,114,-21.5644,-37.3299
352,114,-23.3775,-35.1885
354,114,-26.3784,-33.8611
356,114,-30.253,-33.182
358,114,-31.4901,-33.128
360,114,-29.8802,-33.737
0,116,-23.9594,-44.7999
2,116,-23.891,-42.6604
4,116,-24.9345,-40.3626
6,116,-26.3279,-38.0378
8,116,-25.106,-35.9429
10,116,-22.0071,-33.1657
12,116,-20.0354,-29.2533
14,116,-19.9467,-26.1148
16,116,-20.2987,-24.7794
18,116,-17.9487,-24.6679
20,116,-16.1715,-23.941
22,116,-17.5063,-23.3354
24,116,-21.6216,-24.8856
26,116,-22.3261,-27.8476
28,116,-24.8261,-32.6309
30,116,-37.4511,-34.8256
32,116,-25.6177,-22.9283
34,116,-27.8796,-20.069
36,116,-28.4599,-21.4543
38,116,-30.4506,-27.1465
40,116,-36.9332,-38.6194
42,116,-33.0297,-35.6632
44,116,-32.5245,-22.8534
46,116,-32.7969,-18.4209
48,116,-22.0429,-17.8894
50,116,-21.2301,-19.9727
52,116,-31.8731,-28.5379
54,116,-38.2381,-29.1772
56,116,-24.2562,-26.1164
58,116,-18.9977,-33.1757
60,116,-23.5431,-50.3468
62,116,-37.2692,-35.9912
64,116,-21.1963,-27.5515
66,116,-18.895,-23.6593
68,116,-25.4867,-26.5164
70,116,-36.8073,-36.6436
72,116,-23.7437,-21.0464
74,116,-17.778,-14.3443
76,116,-21.6518,-16.0742
78,116,-51.7933,-31.2198
80,116,-41.2895,-26.7037
82,116,-34.1085,-23.7784
84,116,-32.2127,-23.1532
86,116,-44.0323,-41.2108
88,116,-38.9216,-22.2741
90,116,-46.3513,-19.1392
92,116,-41.6258,-22.1765
94,116,-43.9606,-46.413
96,116,-32.3306,-24.5623
98,116,-34.7183,-23.116
100,116,-40.0476,-26.0914
102,116,-47.904,-30.0889
104,116,-21.5232,-16.1318
106,116,-17.7439,-14.3592
108,116,-23.6222,-20.7069
110,116,-34.792,-38.1235
112,116,-25.3795,-26.2683
114,116,-18.9594,-22.8164
116,116,-21.2376,-25.8534
118,116,-37.5425,-36.6599
120,116,-23.0863,-47.609
122,116,-18.8672,-33.7033
124,116,-23.9926,-27.1063
126,116,-39.3179,-29.3093
128,116,-31.076,-28.2624
130,116,-20.9557,-20.0845
132,116,-21.7286,-17.8623
134,116,-31.3733,-18.1894
136,116,-33.274,-22.3657
138,116,-33.0311,-34.6974
140,116,-35.5407,-41.7007
142,116,-30.7069,-28.0654
144,116,-28.3241,-21.814
146,116,-28.1369,-20.355
148,116,-25.8681,-23.4075
150,116,-37.8066,-37.2476
152,116,-24.9609,-31.0096
154,116,-22.4134,-27.0663
156,116,-21.6647,-24.8055
158,116,-17.521,-23.4467
160,116,-16.2061,-23.9106
162,116,-17.9818,-24.505
164,116,-20.329,-24.5699
166,116,-20.0647,-25.6917
168,116,-20.172,-28.306
170,116,-22.0563,-31.5392
172,116,-24.9324,-34.384
174,116,-25.9388,-36.3644
176,116,-24.6074,-36.6236
178,116,-23.7122,-36.4592
180,116,-23.9383,-37.3664
182,116,-24.7786,-39.4364
184,116,-24.7911,-41.6852
186,116,-23.2406,-42.1132
188,116,-21.3687,-39.6113
190,116,-20.0034,-34.9342
192,116,-19.2521,-29.994
194,116,-19.0993,-25.8409
196,116,-19.6601,-22.7093
198,116,-21.1605,-20.6038
200,116,-23.803,-19.5148
202,116,-27.9222,-19.5458
204,116,-34.7548,-21.0234
206,116,-34.0478,-24.4734
208,116,-29.0724,-29.8836
210,116,-27.9525,-34.3173
212,116,-29.8436,-39.3002
214,116,-37.7516,-51.4023
216,116,-36.7544,-33.5817
218,116,-29.4844,-29.2846
220,116,-30.7804,-31.5666
222,116,-38.5318,-46.7726
224,116,-24.9397,-30.9009
226,116,-20.7933,-28.7969
228,116,-20.7157,-31.0747
230,116,-23.8739,-32.0792
232,116,-32.8463,-35.0741
234,116,-29.2592,-33.8327
236,116,-22.2707,-24.4432
238,116,-22.1136,-24.2415
240,116,-28.1716,-31.9034
242,116,-40.6925,-37.4666
244,116,-35.891,-31.2081
246,116,-28.2333,-24.3626
248,116,-24.9352,-22.6358
250,116,-31.5699,-34.1845
252,116,-26.8018,-22.1341
254,116,-21.3072,-17.4276
256,116,-24.7428,-20.4206
258,116,-39.0688,-42.2154
260,116,-35.1122,-33.1098
262,116,-41.9126,-26.3
264,116,-35.9705,-21.32
266,116,-38.9763,-46.5708
268,116,-42.7118,-16.4314
270,116,-48.7391,-12.826
272,116,-45.504,-16.6106
274,116,-40.2512,-40.4398
276,116,-37.4519,-21.1989
278,116,-38.9732,-26.89
280,116,-36.0108,-32.6076
282,116,-39.2617,-35.8718
284,116,-25.1198,-19.6421
286,116,-21.195,-17.6384
288,116,-26.0002,-23.6892
290,116,-32.5497,-30.8613
292,116,-25.3356,-22.5258
294,116,-29.1049,-25.2206
296,116,-37.0006,-35.5523
298,116,-41.2692,-40.639
300,116,-28.3655,-33.4243
302,116,-22.0261,-24.9395
304,116,-22.0833,-24.9062
306,116,-29.6162,-34.9879
308,116,-33.5481,-33.7411
310,116,-24.3579,-31.2016
312,116,-21.351,-32.5108
314,116,-21.2499,-31.1512
316,116,-25.0105,-32.8945
318,116,-36.3453,-41.4821
320,116,-29.6864,-31.8085
322,116,-28.7072,-29.8596
324,116,-35.6121,-34.3647
326,116,-38.6126,-53.6745
328,116,-30.8997,-37.258
330,116,-29.1715,-32.3734
332,116,-30.4309,-28.7321
334,116,-35.4323,-24.5095
336,116,-34.0624,-21.283
338,116,-27.8741,-19.6667
340,116,-23.899,-19.4184
342,116,-21.1322,-20.2893
344,116,-19.5074,-22.2005
346,116,-18.9076,-25.1527
348,116,-19.1007,-29.0592
350,116,-19.9408,-33.56
352,116,-21.404,-38.0276
354,116,-23.3216,-42.0734
356,116,-24.7907,-45.2769
358,116,-24.7057,-46.2063
360,116,-23.9594,-44.7999
0,118,-20.8763,-29.818
2,118,-20.933,-29.8622
4,118,-21.7427,-29.3916
6,118,-22.3856,-28.6367
8,118,-21.1641,-27.7071
10,118,-19.0954,-26.229
12,118,-18.1246,-24.4046
14,118,-18.7915,-23.3472
16,118,-19.5598,-23.8503
18,118,-18.1123,-25.4194
20,118,-17.4705,-25.7234
22,118,-19.9296,-26.1037
24,118,-25.407,-29.771
26,118,-27.817,-36.523
28,118,-37.8585,-36.6075
30,118,-28.9604,-26.8067
32,118,-25.7515,-21.8596
34,118,-34.3517,-21.1671
36,118,-30.5009,-24.2734
38,118,-32.6375,-32.0182
40,118,-39.1282,-50.2412
42,118,-33.5429,-29.1303
44,118,-28.8947,-20.5606
46,118,-36.95,-17.5992
48,118,-25.5754,-18.0868
50,118,-24.8267,-21.8595
52,118,-32.7532,-37.7782
54,118,-32.3008,-25.3429
56,118,-28.0016,-24.3477
58,118,-21.8693,-30.8669
60,118,-27.6886,-47.162
62,118,-28.906,-32.4111
64,118,-20.2963,-24.8748
66,118,-18.8518,-21.8647
68,118,-24.8693,-25.1297
70,118,-39.7417,-42.65
72,118,-26.6237,-20.2565
74,118,-20.3655,-14.5133
76,118,-23.5876,-16.4923
78,118,-50.4292,-33.6538
80,118,-34.7788,-26.5153
82,118,-36.8897,-26.4533
84,118,-36.0695,-23.8919
86,118,-40.7093,-45.1142
88,118,-51.1321,-20.0928
90,118,-46.1431,-16.635
92,118,-54.1123,-19.6687
94,118,-41.2441,-40.1076
96,118,-34.9876,-25.0229
98,118,-38.1842,-24.8813
100,118,-33.8828,-26.4018
102,118,-48.2034,-33.5504
104,118,-23.3513,-16.8644
106,118,-20.3089,-14.6838
108,118,-26.2386,-20.0144
110,118,-36.2178,-50.6177
112,118,-24.6463,-25.3501
114,118,-18.8739,-21.1938
116,118,-20.2435,-23.6649
118,118,-28.9723,-32.6255
120,118,-27.361,-43.8659
122,118,-21.8648,-31.7728
124,118,-27.9518,-25.3707
126,118,-32.8587,-25.8372
128,118,-33.7646,-34.7113
130,118,-24.7189,-21.8197
132,118,-25.4357,-17.9342
134,118,-35.9176,-17.3131
136,118,-29.9812,-20.1937
138,118,-36.0939,-28.8797
140,118,-39.4941,-59.8808
142,118,-33.9421,-33.7425
144,118,-30.6475,-24.6179
146,118,-34.1425,-21.3679
148,118,-25.7739,-22.2037
150,118,-28.5617,-27.75
152,118,-39.9968,-41.991
154,118,-28.4668,-35.3185
156,118,-25.8884,-29.3447
158,118,-20.0814,-26.0956
160,118,-17.5855,-25.6198
162,118,-18.236,-25.2389
164,118,-19.6799,-23.7398
166,118,-18.9336,-23.1818
168,118,-18.2474,-24.0912
170,118,-19.1067,-25.7744
172,118,-20.9442,-27.3138
174,118,-21.9189,-28.4484
176,118,-21.235,-29.1431
178,118,-20.4852,-29.2057
180,118,-20.5056,-28.9166
182,118,-21.1875,-28.715
184,118,-21.8363,-28.7137
186,118,-21.5537,-28.7068
188,118,-20.4241,-28.1983
190,118,-19.248,-26.7317
192,118,-18.5261,-24.5788
194,118,-18.4928,-22.4617
196,118,-19.3245,-20.873
198,118,-21.1849,-20.0223
200,118,-24.2343,-20.0258
202,118,-28.7188,-21.1038
204,118,-33.7101,-23.7098
206,118,-32.9423,-28.3007
208,118,-31.2141,-33.0201
210,118,-31.9692,-34.3225
212,118,-36.4555,-36.5071
214,118,-42.0013,-46.6501
216,118,-32.997,-35.1976
218,118,-32.5444,-31.406
220,118,-44.775,-37.8042
222,118,-27.7068,-35.1075
224,118,-22.2599,-27.4412
226,118,-21.2709,-26.41
228,118,-23.5347,-29.5707
230,118,-29.0926,-34.7225
232,118,-41.5418,-39.4398
234,118,-29.8656,-34.3223
236,118,-24.984,-26.6607
238,118,-25.9578,-27.7313
240,118,-34.5577,-37.4561
242,118,-41.3548,-33.4714
244,118,-34.3633,-28.1788
246,118,-27.6293,-23.1079
248,118,-25.6891,-23.3283
250,118,-37.3612,-42.2921
252,118,-25.168,-19.9925
254,118,-21.5434,-16.7742
256,118,-26.1777,-20.7483
258,118,-44.0938,-52.3451
260,118,-36.1759,-32.0555
262,118,-38.3346,-26.3587
264,118,-33.222,-22.0598
266,118,-39.3253,-45.7112
268,118,-42.6544,-16.412
270,118,-49.1493,-13.0524
272,118,-49.0898,-16.7122
274,118,-39.5102,-50.3431
276,118,-33.6432,-21.9777
278,118,-37.1361,-27.4413
280,118,-37.2922,-31.6528
282,118,-44.4546,-40.3932
284,118,-26.4061,-19.7866
286,118,-21.5135,-16.7595
288,118,-24.7183,-20.9209
290,118,-39.4551,-38.3991
292,118,-26.2712,-22.7421
294,118,-28.3765,-23.4643
296,118,-34.906,-30.294
298,118,-40.921,-35.8418
300,118,-35.3495,-41.9882
302,118,-26.0012,-28.7508
304,118,-24.8402,-27.1388
306,118,-30.3077,-34.45
308,118,-45.0851,-39.3056
310,118,-29.0547,-33.5737
312,118,-24.0704,-30.2378
314,118,-21.7304,-27.7598
316,118,-22.4949,-28.8157
318,118,-28.0531,-36.3555
320,118,-40.0476,-37.3305
322,118,-31.1206,-31.2172
324,118,-32.415,-33.7945
326,118,-41.039,-40.5275
328,118,-36.8842,-35.3222
330,118,-33.1407,-32.5748
332,118,-32.5216,-30.7403
334,118,-33.8949,-27.5738
336,118,-33.3608,-23.8735
338,118,-28.517,-21.3501
340,118,-24.2692,-20.1493
342,118,-21.166,-20.0029
344,118,-19.1816,-20.7294
346,118,-18.2901,-22.2025
348,118,-18.3599,-24.1562
350,118,-19.2015,-26.0549
352,118,-20.5445,-27.3896
354,118,-21.814,-28.1971
356,118,-22.1356,-28.8108
358,118,-21.4996,-29.3831
360,118,-20.8763,-29.818
0,120,-19.5917,-25.0608
2,120,-19.7151,-25.1425
4,120,-20.4737,-24.8594
6,120,-20.8712,-24.461
8,120,-19.7892,-23.9617
10,120,-18.4134,-23.1571
12,120,-18.233,-22.4117
14,120,-19.5225,-22.6595
16,120,-20.5768,-24.7406
18,120,-19.9232,-28.5371
20,120,-20.5495,-30.3788
22,120,-24.6791,-32.2853
24,120,-32.05,-40.7976
26,120,-36.0209,-33.6878
28,120,-35.8144,-28.6048
30,120,-26.586,-24.6276
32,120,-27.7299,-22.6449
34,120,-40.4027,-23.8221
36,120,-29.7708,-28.8428
38,120,-33.6087,-37.8682
40,120,-38.1996,-43.1492
42,120,-29.6225,-25.6603
44,120,-25.9846,-19.5246
46,120,-32.3376,-17.8647
48,120,-31.8411,-19.5873
50,120,-30.4038,-25.9548
52,120,-29.0808,-33.3089
54,120,-28.407,-23.0617
56,120,-34.3471,-23.5052
58,120,-25.8867,-30.0831
60,120,-32.2241,-42.0654
62,120,-25.6402,-29.6992
64,120,-20.583,-23.4066
66,120,-19.6993,-21.2929
68,120,-25.1178,-25.462
70,120,-40.377,-37.8791
72,120,-35.8318,-19.9815
74,120,-25.1603,-15.3128
76,120,-26.3953,-17.7462
78,120,-52.5082,-39.4412
80,120,-30.6258,-26.7779
82,120,-31.2754,-30.528
84,120,-39.9564,-24.7442
86,120,-38.8417,-52.8011
88,120,-45.7806,-18.7294
90,120,-47.555,-15.1506
92,120,-43.294,-18.1188
94,120,-39.5872,-36.3203
96,120,-37.4444,-25.5527
98,120,-31.5816,-27.9657
100,120,-29.8469,-27.4491
102,120,-52.0194,-41.0405
104,120,-25.9771,-18.4611
106,120,-25.0809,-15.6623
108,120,-35.2448,-19.894
110,120,-37.9912,-35.6388
112,120,-24.8717,-26.1556
114,120,-19.7539,-20.9006
116,120,-20.4838,-22.7405
118,120,-25.4717,-30.0891
120,120,-32.8824,-41.3553
122,120,-26.292,-31.4124
124,120,-35.2508,-24.5346
126,120,-28.3486,-23.539
128,120,-29.8071,-32.4491
130,120,-31.1719,-25.794
132,120,-32.3456,-19.3191
134,120,-32.1564,-17.4925
136,120,-26.5767,-19.1473
138,120,-31.8418,-25.532
140,120,-47.7817,-43.8185
142,120,-34.1904,-41.3032
144,120,-29.7004,-29.2451
146,120,-40.5988,-23.8291
148,120,-28.0771,-22.7876
150,120,-26.3508,-25.1321
152,120,-34.0501,-30.05
154,120,-36.8404,-36.8296
156,120,-33.877,-41.2358
158,120,-25.2495,-32.0375
160,120,-20.857,-30.0648
162,120,-20.2129,-28.3529
164,120,-20.8632,-24.8496
166,120,-19.7694,-22.7784
168,120,-18.4214,-22.4732
170,120,-18.4751,-23.1689
172,120,-19.6216,-23.945
174,120,-20.452,-24.4315
176,120,-19.9626,-24.7806
178,120,-19.1997,-24.9458
180,120,-19.0889,-24.8068
182,120,-19.721,-24.5509
184,120,-20.6402,-24.4528
186,120,-20.9304,-24.532
188,120,-20.1985,-24.4206
190,120,-19.1921,-23.625
192,120,-18.6445,-22.279
194,120,-18.8812,-21.056
196,120,-20.0563,-20.4542
198,120,-22.288,-20.6927
200,120,-25.6978,-21.9229
202,120,-30.2456,-24.4715
204,120,-34.3874,-28.9501
206,120,-35.8143,-34.3918
208,120,-36.7939,-34.5625
210,120,-36.8826,-33.8535
212,120,-34.577,-35.1119
214,120,-32.3115,-39.7888
216,120,-33.4122,-35.1399
218,120,-56.7039,-35.018
220,120,-29.2852,-45.3296
222,120,-23.0356,-28.5705
224,120,-21.3128,-24.5095
226,120,-22.9872,-24.5289
228,120,-28.1555,-28.7455
230,120,-37.4818,-36.8638
232,120,-44.8498,-39.3104
234,120,-34.3077,-40.1064
236,120,-29.1813,-31.2931
238,120,-30.5335,-33.4625
240,120,-44.3465,-37.1141
242,120,-39.1652,-31.1973
244,120,-34.4596,-26.2705
246,120,-29.1208,-22.9486
248,120,-28.2995,-25.5131
250,120,-60.9395,-32.0404
252,120,-25.1709,-18.8436
254,120,-22.9695,-16.9648
256,120,-28.8481,-21.9832
258,120,-45.8602,-43.2482
260,120,-35.6498,-31.5635
262,120,-33.0926,-27.4763
264,120,-31.7063,-23.8501
266,120,-41.0483,-38.7335
268,120,-41.4409,-17.286
270,120,-51.0456,-14.1801
272,120,-46.5378,-17.7045
274,120,-40.0475,-47.1299
276,120,-31.5689,-23.8967
278,120,-32.6745,-29.1753
280,120,-36.4367,-31.3486
282,120,-50.1729,-48.4209
284,120,-28.8727,-20.83
286,120,-22.9808,-16.7355
288,120,-24.9035,-19.308
290,120,-49.7132,-36.0091
292,120,-29.4323,-24.2996
294,120,-30.1828,-22.7804
296,120,-34.7935,-27.1592
298,120,-38.2147,-32.9586
300,120,-45.4532,-40.0603
302,120,-30.789,-35.8177
304,120,-29.129,-32.2917
306,120,-34.6487,-39.2084
308,120,-49.736,-41.0969
310,120,-35.0236,-35.6237
312,120,-28.1557,-28.8744
314,120,-23.3268,-25.2494
316,120,-21.5544,-25.1998
318,120,-23.3853,-28.8935
320,120,-30.5645,-44.3204
322,120,-44.1314,-35.4549
324,120,-32.482,-33.768
326,120,-32.0618,-36.4186
328,120,-33.4996,-34.3253
330,120,-34.9815,-32.7731
332,120,-35.9643,-32.3955
334,120,-35.4606,-31.6085
336,120,-33.6991,-28.3954
338,120,-29.8832,-24.7203
340,120,-25.6687,-22.2628
342,120,-22.2875,-20.982
344,120,-19.9576,-20.6567
346,120,-18.7113,-21.1308
348,120,-18.4958,-22.1503
350,120,-19.1625,-23.2131
352,120,-20.3578,-23.82
354,120,-21.2741,-24.0306
356,120,-21.079,-24.251
358,120,-20.1983,-24.6553
360,120,-19.5917,-25.0608
0,122,-19.9076,-23.7094
2,122,-20.1734,-23.6164
4,122,-21.0479,-23.3016
6,122,-21.5063,-23.0458
8,122,-20.7491,-22.8393
10,122,-20.0368,-22.5949
12,122,-20.5983,-22.7571
14,122,-22.3586,-24.2723
16,122,-23.4167,-28.4707
18,122,-23.7003,-37.9926
20,122,-26.431,-38.9125
22,122,-34.5303,-38.2796
24,122,-35.1119,-33.5273
26,122,-35.7387,-28.6729
28,122,-30.9868,-26.2713
30,122,-27.0529,-24.7418
32,122,-29.3251,-24.8629
34,122,-30.0807,-27.9238
36,122,-28.9094,-34.2866
38,122,-36.1291,-40.8709
40,122,-34.2186,-34.0982
42,122,-26.9176,-23.5669
44,122,-24.4388,-19.4583
46,122,-28.8057,-19.2925
48,122,-40.6434,-22.9484
50,122,-33.5912,-37.0647
52,122,-26.7091,-26.7659
54,122,-26.8862,-22.1337
56,122,-39.3477,-23.9011
58,122,-30.7639,-31.5167
60,122,-31.4794,-39.46
62,122,-24.6405,-28.3543
64,122,-22.0652,-23.2379
66,122,-21.4525,-22.0152
68,122,-26.5245,-27.8895
70,122,-34.4386,-31.6774
72,122,-31.6917,-20.4499
74,122,-30.5157,-17.0083
76,122,-29.0667,-20.0606
78,122,-49.4884,-54.6527
80,122,-28.7173,-27.9463
82,122,-28.5185,-35.9473
84,122,-39.4786,-25.5894
86,122,-38.3117,-44.3541
88,122,-39.4071,-18.1197
90,122,-51.144,-14.5526
92,122,-39.4558,-17.4612
94,122,-38.7722,-34.3652
96,122,-38.8786,-26.0151
98,122,-28.6339,-32.1687
100,122,-27.901,-29.2279
102,122,-49.4559,-42.9419
104,122,-28.4557,-21.1435
106,122,-29.8237,-17.5381
108,122,-32.3388,-20.5213
110,122,-36.3241,-30.0372
112,122,-26.5922,-29.2243
114,122,-21.6473,-21.9476
116,122,-21.9748,-23.1463
118,122,-24.3712,-29.2435
120,122,-31.8576,-39.2508
122,122,-32.113,-33.4493
124,122,-38.9352,-25.015
126,122,-26.3647,-22.5335
128,122,-26.6517,-26.5441
130,122,-34.5604,-37.0424
132,122,-40.3131,-22.6565
134,122,-28.2673,-18.8726
136,122,-24.4375,-19.0461
138,122,-27.7095,-23.3382
140,122,-38.4704,-34.155
142,122,-34.6358,-41.8614
144,122,-27.9021,-35.0121
146,122,-29.1137,-27.5235
148,122,-30.1701,-24.6212
150,122,-27.3555,-24.8237
152,122,-30.4166,-26.8544
154,122,-34.1233,-29.8741
156,122,-34.4664,-35.6852
158,122,-37.2129,-41.6977
160,122,-27.2619,-39.8591
162,122,-24.2843,-37.7071
164,122,-23.9594,-28.9564
166,122,-22.788,-24.7133
168,122,-20.9083,-23.1077
170,122,-20.1995,-22.8757
172,122,-20.6766,-23.0303
174,122,-21.1839,-23.1021
176,122,-20.6389,-23.2243
178,122,-19.7544,-23.4567
180,122,-19.4736,-23.5727
182,122,-19.9603,-23.4952
184,122,-20.7995,-23.4764
186,122,-21.1469,-23.6828
188,122,-20.6607,-23.8139
190,122,-20.0341,-23.3281
192,122,-19.9497,-22.3871
194,122,-20.7105,-21.7591
196,122,-22.4663,-21.9911
198,122,-25.3723,-23.3729
200,122,-29.6603,-26.2584
202,122,-35.5895,-31.4098
204,122,-42.2759,-36.9965
206,122,-39.96,-34.5472
208,122,-33.888,-33.5086
210,122,-30.1825,-33.8186
212,122,-28.8003,-35.7182
214,122,-30.395,-39.1936
216,122,-38.7779,-37.095
218,122,-30.2137,-43.8071
220,122,-23.3744,-31.1754
222,122,-20.9022,-24.6382
224,122,-21.5682,-22.6602
226,122,-25.6432,-24.0044
228,122,-34.3642,-30.155
230,122,-47.4521,-36.6697
232,122,-49.6158,-34.3252
234,122,-37.3828,-46.0237
236,122,-30.7931,-41.7017
238,122,-32.4375,-39.8613
240,122,-43.6696,-34.2018
242,122,-36.3229,-29.7576
244,122,-35.0776,-25.6685
246,122,-32.9138,-24.0663
248,122,-33.0884,-30.0294
250,122,-43.5553,-27.118
252,122,-26.8504,-18.6741
254,122,-25.6973,-17.9934
256,122,-32.8704,-24.1147
258,122,-42.9963,-38.2951
260,122,-33.5518,-31.2779
262,122,-30.1924,-30.4439
264,122,-31.0579,-27.2503
266,122,-44.6016,-36.2679
268,122,-40.0076,-19.2855
270,122,-55.6218,-16.4292
272,122,-42.1681,-19.8177
274,122,-42.0797,-40.9529
276,122,-30.6283,-27.4838
278,122,-29.9836,-33.3379
280,122,-33.9004,-31.25
282,122,-46.2314,-42.7552
284,122,-32.5602,-22.7549
286,122,-25.6975,-17.5539
288,122,-26.6768,-18.7711
290,122,-39.7368,-28.6881
292,122,-35.9119,-27.7835
294,122,-35.2308,-23.3734
296,122,-35.4068,-25.7431
298,122,-35.4699,-30.7912
300,122,-41.5618,-35.9165
302,122,-32.8568,-43.4746
304,122,-31.0551,-45.9653
306,122,-36.1448,-42.8467
308,122,-39.7567,-35.2722
310,122,-38.8344,-37.3018
312,122,-32.7209,-30.2334
314,122,-25.6117,-24.6169
316,122,-21.7018,-23.1855
318,122,-21.1284,-24.7357
320,122,-23.9446,-30.2702
322,122,-31.6985,-47.4411
324,122,-36.3749,-37.9496
326,122,-30.0691,-36.897
328,122,-28.791,-34.838
330,122,-29.7714,-33.2815
332,122,-32.6744,-32.8259
334,122,-37.3533,-32.943
336,122,-39.0894,-33.557
338,122,-34.6239,-30.7979
340,122,-29.6102,-26.693
342,122,-25.5206,-23.9458
344,122,-22.5551,-22.5135
346,122,-20.7077,-22.1366
348,122,-19.9224,-22.5209
350,122,-20.0687,-23.1419
352,122,-20.8209,-23.4035
354,122,-21.448,-23.2938
356,122,-21.1968,-23.2619
358,122,-20.3951,-23.4857
360,122,-19.9076,-23.7094
0,124,-22.2975,-25.0168
2,124,-22.9,-24.6138
4,124,-24.0547,-24.2246
6,124,-24.7228,-24.1341
8,124,-24.4015,-24.3317
10,124,-24.4152,-24.848
12,124,-25.5839,-26.2913
14,124,-27.0045,-30.1092
16,124,-27.6883,-40.4236
18,124,-30.1805,-36.259
20,124,-39.2739,-32.6467
22,124,-33.2638,-32.8943
24,124,-30.1467,-30.6296
26,124,-32.2594,-27.8528
28,124,-30.5641,-26.4794
30,124,-28.3752,-26.3133
32,124,-28.716,-28.1215
34,124,-28.4024,-32.7591
36,124,-31.7604,-36.7624
38,124,-45.5461,-36.363
40,124,-30.6457,-27.8694
42,124,-25.6608,-21.9718
44,124,-24.0344,-20.1333
46,124,-27.5039,-22.2012
48,124,-35.8669,-30.552
50,124,-32.2628,-33.0776
52,124,-26.6832,-23.9994
54,124,-27.3875,-22.4425
56,124,-38.1616,-25.728
58,124,-35.0676,-35.6942
60,124,-29.4614,-37.7785
62,124,-24.9292,-28.7993
64,124,-24.7062,-24.6438
66,124,-24.1495,-24.3368
68,124,-29.2303,-34.0511
70,124,-28.5831,-28.1233
72,124,-24.5161,-21.7708
74,124,-27.2589,-19.9319
76,124,-30.7277,-23.7535
78,124,-41.5004,-43.7388
80,124,-28.5043,-30.5417
82,124,-27.9958,-36.3436
84,124,-37.5911,-26.6131
86,124,-39.4519,-39.4729
88,124,-37.9397,-18.3194
90,124,-58.0612,-14.8612
92,124,-38.8602,-17.7625
94,124,-39.197,-34.0416
96,124,-38.7844,-26.5274
98,124,-27.9951,-33.147
100,124,-27.5627,-31.344
102,124,-40.9022,-37.4342
104,124,-30.2496,-25.277
106,124,-26.5129,-20.6557
108,124,-24.4354,-21.9681
110,124,-29.0811,-27.054
112,124,-30.318,-37.1492
114,124,-24.6031,-24.606
116,124,-24.6224,-25.1154
118,124,-24.6681,-30.339
120,124,-29.2583,-38.2092
122,124,-36.2155,-38.6175
124,124,-35.6763,-27.0364
126,124,-26.4792,-22.8182
128,124,-26.0989,-23.7989
130,124,-31.6231,-32.2681
132,124,-34.3424,-30.539
134,124,-26.9779,-21.8519
136,124,-23.6615,-19.8018
138,124,-25.4636,-21.7837
140,124,-31.6936,-27.7786
142,124,-48.4313,-35.5098
144,124,-29.8336,-37.0532
146,124,-27.0767,-31.6487
148,124,-28.7057,-27.213
150,124,-29.3618,-25.8243
152,124,-31.0034,-26.4161
154,124,-31.804,-28.2492
156,124,-29.5308,-31.4572
158,124,-32.4449,-34.3617
160,124,-42.7854,-34.0028
162,124,-31.2787,-36.8729
164,124,-28.5125,-40.5503
166,124,-27.6879,-30.8947
168,124,-26.0457,-26.8992
170,124,-24.6738,-25.3264
172,124,-24.3923,-24.6975
174,124,-24.4385,-24.337
176,124,-23.7303,-24.2328
178,124,-22.6575,-24.4677
180,124,-22.1032,-24.8301
182,124,-22.2367,-25.0788
184,124,-22.6502,-25.3462
186,124,-22.7611,-25.8439
188,124,-22.5456,-26.2587
190,124,-22.5571,-25.9885
192,124,-23.2835,-25.3824
194,124,-25.0286,-25.4091
196,124,-28.1459,-26.7407
198,124,-33.5008,-30.04
200,124,-43.4308,-36.6888
202,124,-38.3834,-37.5306
204,124,-32.7245,-32.628
206,124,-29.3134,-31.8128
208,124,-27.0597,-33.3548
210,124,-26.209,-35.4512
212,124,-27.549,-39.7237
214,124,-32.9273,-42.9946
216,124,-30.9116,-42.3683
218,124,-23.7388,-34.0902
220,124,-20.6225,-25.9964
222,124,-20.2681,-22.6032
224,124,-22.7097,-22.3459
226,124,-28.7033,-25.4904
228,124,-40.8208,-34.8936
230,124,-43.9448,-31.5901
232,124,-37.5043,-30.0949
234,124,-32.2421,-34.7685
236,124,-29.5068,-46.4463
238,124,-32.7085,-38.2813
240,124,-37.6016,-32.563
242,124,-32.2868,-29.3191
244,124,-32.0616,-26.5666
246,124,-35.8596,-26.6784
248,124,-40.4854,-39.6576
250,124,-43.6035,-25.1632
252,124,-30.7422,-19.3929
254,124,-29.9826,-19.7457
256,124,-38.2238,-27.074
258,124,-40.5398,-35.8155
260,124,-31.6469,-30.9838
262,124,-28.7739,-37.8598
264,124,-31.0911,-33.7356
266,124,-50.8084,-36.4922
268,124,-39.1841,-22.8233
270,124,-69.6156,-20.1689
272,124,-39.888,-23.3997
274,124,-46.0279,-39.919
276,124,-30.5828,-33.8895
278,124,-28.6697,-47.8379
280,124,-31.7449,-31.1158
282,124,-41.3805,-37.7855
284,124,-37.3725,-25.5107
286,124,-29.8417,-19.109
288,124,-30.594,-19.1745
290,124,-40.3149,-25.79
292,124,-49.6126,-34.752
294,124,-36.6363,-25.4339
296,124,-31.7858,-25.9901
298,124,-31.6878,-29.6156
300,124,-36.3246,-34.0378
302,124,-33.5079,-39.1353
304,124,-30.1812,-39.701
306,124,-32.0713,-33.9626
308,124,-34.0239,-30.5195
310,124,-37.132,-32.6136
312,124,-36.9621,-35.4851
314,124,-28.0257,-26.2461
316,124,-22.5942,-22.9825
318,124,-20.3294,-22.8702
320,124,-20.8719,-25.5547
322,124,-24.2972,-32.1237
324,124,-31.2948,-46.7981
326,124,-31.7248,-44.0491
328,124,-27.5706,-38.206
330,124,-26.3393,-35.0664
332,124,-26.994,-33.4118
334,124,-29.1803,-31.9742
336,124,-32.8376,-32.1488
338,124,-38.4152,-34.9582
340,124,-42.6327,-35.9243
342,124,-34.3654,-31.0796
344,124,-28.8205,-27.7776
346,124,-25.4243,-26.2333
348,124,-23.4831,-25.8726
350,124,-22.658,-26.0511
352,124,-22.6149,-26.0188
354,124,-22.8381,-25.6092
356,124,-22.7648,-25.2702
358,124,-22.3968,-25.1702
360,124,-22.2975,-25.0168
0,126,-28.7382,-29.8054
2,126,-29.8957,-28.9174
4,126,-30.9464,-28.6003
6,126,-31.0136,-29.0888
8,126,-30.6727,-30.4514
10,126,-30.667,-33.1505
12,126,-30.4132,-38.8559
14,126,-30.2576,-37.0904
16,126,-32.6425,-30.8381
18,126,-44.0136,-28.8048
20,126,-32.9085,-30.11
22,126,-27.9481,-33.7485
24,126,-27.882,-32.3296
26,126,-30.8324,-29.1066
28,126,-31.4006,-27.8599
30,126,-29.8167,-28.5892
32,126,-29.46,-31.8991
34,126,-31.6895,-36.4437
36,126,-44.8796,-34.5735
38,126,-31.3533,-29.5126
40,126,-27.4473,-23.9945
42,126,-25.292,-21.1493
44,126,-24.6286,-21.8734
46,126,-28.1283,-28.2434
48,126,-35.7216,-37.2088
50,126,-34.0631,-25.6388
52,126,-28.8651,-23.0871
54,126,-29.442,-23.9815
56,126,-38.0363,-29.2998
58,126,-36.5432,-44.9173
60,126,-28.6246,-38.7374
62,126,-25.8212,-31.701
64,126,-28.289,-28.2199
66,126,-27.9721,-29.0018
68,126,-32.5978,-47.3514
70,126,-25.3904,-26.0513
72,126,-21.7988,-23.5323
74,126,-24.7758,-24.3828
76,126,-32.5283,-29.262
78,126,-36.4299,-42.6244
80,126,-29.6934,-34.8591
82,126,-29.2102,-33.4654
84,126,-36.9912,-28.1773
86,126,-42.7716,-37.8373
88,126,-39.1222,-19.4564
90,126,-59.3448,-16.1771
92,126,-40.0164,-19.1733
94,126,-41.0925,-35.5822
96,126,-38.5707,-27.373
98,126,-29.0598,-31.212
100,126,-28.5432,-33.1165
102,126,-35.7571,-36.9529
104,126,-32.7195,-31.4647
106,126,-24.3751,-25.4482
108,126,-21.6247,-23.8465
110,126,-25.211,-25.4027
112,126,-34.8362,-42.0702
114,126,-28.662,-29.7666
116,126,-28.0132,-29.2853
118,126,-25.6425,-33.9318
120,126,-28.2799,-39.856
122,126,-35.5374,-51.2975
124,126,-35.191,-30.947
126,126,-28.191,-24.4074
128,126,-27.7498,-22.9765
130,126,-32.6914,-25.2382
132,126,-34.889,-36.4121
134,126,-28.1342,-27.9663
136,126,-24.3238,-21.6899
138,126,-24.6027,-21.1603
140,126,-26.9798,-24.1752
142,126,-31.6106,-29.4898
144,126,-43.2983,-34.3033
146,126,-30.2468,-35.0752
148,126,-28.9992,-30.3404
150,126,-30.9266,-27.6455
152,126,-33.0139,-27.3416
154,126,-31.6675,-28.9414
156,126,-28.131,-32.4603
158,126,-27.994,-34.5896
160,126,-32.9422,-31.065
162,126,-48.435,-29.4395
164,126,-33.5625,-30.9739
166,126,-31.2569,-36.3901
168,126,-31.543,-40.1585
170,126,-31.6039,-34.3151
172,126,-31.1063,-31.355
174,126,-30.8038,-29.7975
176,126,-30.3491,-29.0473
178,126,-29.5138,-29.0587
180,126,-28.7713,-29.6753
182,126,-28.3134,-30.6061
184,126,-27.9249,-31.7932
186,126,-27.5856,-33.3379
188,126,-27.6798,-34.4713
190,126,-28.6814,-34.0557
192,126,-31.0962,-33.4659
194,126,-36.0244,-34.4441
196,126,-45.5247,-38.621
198,126,-36.7092,-50.922
200,126,-31.1842,-37.0509
202,126,-28.098,-32.1001
204,126,-26.1333,-30.8979
206,126,-24.9478,-32.3737
208,126,-24.7139,-35.8323
210,126,-26.0872,-41.1811
212,126,-30.3643,-59.8128
214,126,-31.181,-42.9548
216,126,-24.3334,-35.9417
218,126,-20.779,-27.9326
220,126,-19.6887,-23.4998
222,126,-20.8553,-22.2013
224,126,-24.7184,-23.8114
226,126,-32.5534,-29.7257
228,126,-64.8663,-33.797
230,126,-37.5913,-27.7998
232,126,-34.2759,-27.8992
234,126,-30.6543,-32.0535
236,126,-29.5607,-41.2248
238,126,-33.6135,-35.9581
240,126,-32.3691,-31.9145
242,126,-28.2359,-30.3863
244,126,-28.1951,-29.1754
246,126,-33.2745,-30.8684
248,126,-48.3644,-41.6788
250,126,-51.2994,-24.9555
252,126,-39.3199,-20.8218
254,126,-35.6873,-22.0223
256,126,-42.5692,-30.848
258,126,-38.6753,-34.3047
260,126,-30.5825,-30.568
262,126,-28.3896,-39.5314
264,126,-31.61,-40.8972
266,126,-54.041,-39.407
268,126,-39.313,-27.8211
270,126,-60.2593,-24.8975
272,126,-39.4761,-27.6661
274,126,-50.2102,-41.1515
276,126,-31.2285,-37.6917
278,126,-28.3624,-36.3343
280,126,-30.4841,-30.8854
282,126,-37.9662,-35.3005
284,126,-41.5657,-29.1119
286,126,-35.0914,-21.2529
288,126,-38.6824,-20.3381
290,126,-52.7513,-24.994
292,126,-49.3367,-75.522
294,126,-32.1179,-29.1564
296,126,-27.619,-27.982
298,126,-27.6968,-30.0114
300,126,-31.5089,-32.8858
302,126,-34.7663,-37.5142
304,126,-30.6304,-37.323
306,126,-31.1416,-31.3645
308,126,-32.2509,-28.1658
310,126,-33.5484,-28.5366
312,126,-41.4329,-35.2484
314,126,-31.3779,-30.7962
316,126,-24.2505,-24.5981
318,126,-20.705,-22.7255
320,126,-19.7074,-23.5801
322,126,-20.9647,-27.145
324,126,-24.6154,-33.8437
326,126,-30.4957,-44.7313
328,126,-29.6379,-49.4734
330,126,-26.0322,-39.7826
332,126,-24.5988,-35.9562
334,126,-24.715,-32.9784
336,126,-25.9278,-31.3595
338,126,-27.9106,-32.0272
340,126,-30.6172,-35.7304
342,126,-34.9528,-46.1514
344,126,-46.6789,-44.0895
346,126,-39.4646,-37.504
348,126,-32.0635,-35.4816
350,126,-28.848,-34.9213
352,126,-27.4593,-34.2822
354,126,-27.1532,-33.0656
356,126,-27.4304,-31.8593
358,126,-27.9567,-30.8402
360,126,-28.7382,-29.8054
0,128,-37.607,-46.73
2,128,-33.9804,-45.6229
4,128,-32.3799,-49.2281
6,128,-32.1421,-48.3973
8,128,-32.3824,-39.2789
10,128,-31.938,-33.8487
12,128,-31.5489,-30.1222
14,128,-33.637,-27.7351
16,128,-46.3203,-26.9527
18,128,-34.3048,-28.3668
20,128,-27.7416,-33.6221
22,128,-25.9071,-44.8159
24,128,-27.0705,-32.6856
26,128,-30.6451,-29.1543
28,128,-33.4169,-28.7935
30,128,-33.0335,-31.2047
32,128,-34.4161,-37.0085
34,128,-37.3699,-35.4645
36,128,-29.0546,-30.2771
38,128,-25.319,-25.7886
40,128,-25.2994,-22.4928
42,128,-25.8805,-21.9639
44,128,-26.7027,-25.9646
46,128,-31.751,-40.7727
48,128,-44.8136,-26.0423
50,128,-42.8851,-23.2148
52,128,-32.9353,-23.7999
54,128,-31.9848,-27.0896
56,128,-37.9748,-35.4957
58,128,-36.1622,-58.3219
60,128,-28.7399,-44.5923
62,128,-26.8513,-38.6791
64,128,-31.7026,-35.7868
66,128,-33.2314,-38.8095
68,128,-33.6495,-33.6261
70,128,-24.3084,-24.9255
72,128,-21.3347,-24.6183
74,128,-24.7419,-29.4713
76,128,-36.2804,-36.9644
78,128,-33.0413,-47.0311
80,128,-31.3863,-38.5547
82,128,-31.7807,-32.6157
84,128,-37.0715,-30.4713
86,128,-44.0748,-38.5797
88,128,-41.8168,-21.687
90,128,-55.3914,-18.623
92,128,-41.0092,-21.8935
94,128,-42.3813,-39.7081
96,128,-38.7161,-28.7384
98,128,-31.3633,-30.7552
100,128,-29.9942,-34.7527
102,128,-32.2859,-40.771
104,128,-38.1487,-40.5112
106,128,-24.7278,-31.3998
108,128,-21.2662,-25.1104
110,128,-23.9474,-24.6451
112,128,-33.6588,-32.1209
114,128,-33.4977,-42.4243
116,128,-31.2574,-38.0292
118,128,-26.9229,-40.0969
120,128,-28.4525,-44.8613
122,128,-34.6549,-48.7204
124,128,-35.7565,-37.891
126,128,-30.6144,-27.5919
128,128,-31.0077,-23.7981
130,128,-38.8539,-22.9879
132,128,-46.0234,-25.7669
134,128,-33.2764,-38.4958
136,128,-27.1218,-25.6216
138,128,-25.3333,-22.0403
140,128,-24.4572,-22.8527
142,128,-24.5884,-26.1978
144,128,-28.468,-30.4239
146,128,-38.0808,-35.3923
148,128,-34.4419,-35.495
150,128,-34.1103,-30.5556
152,128,-35.6434,-28.636
154,128,-32.3801,-29.3288
156,128,-28.1642,-33.1743
158,128,-26.6693,-46.1029
160,128,-28.4528,-34.3134
162,128,-35.322,-28.9523
164,128,-46.6467,-27.3409
166,128,-34.7868,-27.8671
168,128,-33.3628,-29.9559
170,128,-34.5561,-33.2434
172,128,-35.3701,-37.7278
174,128,-34.6694,-44.6312
176,128,-34.3637,-53.9056
178,128,-35.4685,-48.0634
180,128,-38.4294,-46.5565
182,128,-44.2338,-46.5872
184,128,-54.0629,-43.8482
186,128,-48.3223,-39.8327
188,128,-42.9177,-36.5212
190,128,-38.1704,-34.1593
192,128,-34.2439,-32.8178
194,128,-31.2541,-32.6523
196,128,-28.9105,-33.7204
198,128,-26.9866,-34.8248
200,128,-25.4563,-33.6373
202,128,-24.4046,-32.2874
204,128,-23.9498,-33.0225
206,128,-24.3078,-36.6262
208,128,-25.9776,-44.8009
210,128,-29.8474,-48.8694
212,128,-31.118,-40.2736
214,128,-25.1405,-36.2035
216,128,-21.4798,-29.8549
218,128,-19.9801,-24.7962
220,128,-20.3315,-22.6144
222,128,-22.7894,-23.2411
224,128,-28.2699,-27.1914
226,128,-41.9323,-34.3718
228,128,-37.7267,-28.7949
230,128,-34.008,-26.2883
232,128,-34.9076,-27.7466
234,128,-31.5484,-33.0471
236,128,-31.0433,-43.1214
238,128,-33.0699,-34.4445
240,128,-28.1743,-32.6816
242,128,-25.2484,-33.4817
244,128,-25.9683,-33.1097
246,128,-32.086,-35.4296
248,128,-46.0992,-36.7055
250,128,-37.4533,-25.8085
252,128,-39.3866,-22.6547
254,128,-37.027,-24.5827
256,128,-41.9209,-35.5935
258,128,-37.1959,-33.5008
260,128,-30.2492,-29.9157
262,128,-28.6787,-30.9973
264,128,-32.3258,-33.4572
266,128,-50.398,-42.7127
268,128,-40.6181,-27.512
270,128,-55.3755,-24.1611
272,128,-40.9451,-26.4746
274,128,-47.5166,-39.9143
276,128,-32.2051,-32.2542
278,128,-28.7575,-29.8679
280,128,-30.0047,-30.507
282,128,-35.6707,-34.2993
284,128,-40.9767,-33.7166
286,128,-36.8983,-23.8526
288,128,-39.047,-22.0285
290,128,-37.9229,-25.4064
292,128,-52.8704,-39.1789
294,128,-31.0683,-34.5626
296,128,-25.4159,-31.6672
298,128,-24.7356,-32.4425
300,128,-27.4955,-33.0775
302,128,-33.578,-35.8398
304,128,-32.5183,-40.4416
306,128,-32.3932,-32.3665
308,128,-33.2493,-27.9799
310,128,-31.1795,-26.9115
312,128,-34.5368,-29.824
314,128,-40.8271,-36.5256
316,128,-27.5564,-28.0558
318,128,-22.4314,-23.9376
320,128,-20.169,-23.1383
322,128,-19.9212,-24.9131
324,128,-21.476,-29.1159
326,128,-24.9671,-35.1653
328,128,-29.9048,-41.9887
330,128,-29.0953,-48.4032
332,128,-25.6167,-42.3923
334,128,-23.9005,-37.0986
336,128,-23.5545,-33.8974
338,128,-24.0955,-32.8508
340,128,-25.1557,-33.4943
342,128,-26.5552,-34.1761
344,128,-28.3973,-33.5285
346,128,-31.0244,-32.9592
348,128,-34.9039,-33.5078
350,128,-40.1735,-35.2159
352,128,-43.8657,-37.8793
354,128,-45.1966,-41.4236
356,128,-50.9165,-46.1896
358,128,-44.9165,-49.6908
360,128,-37.607,-46.73
0,130,-27.5441,-33.1845
2,130,-27.5556,-32.7953
4,130,-28.6271,-31.2838
6,130,-30.9812,-29.3991
8,130,-34.2908,-27.8279
10,130,-36.5968,-26.7944
12,130,-39.0805,-26.4007
14,130,-62.9149,-26.9237
16,130,-35.1548,-29.0296
18,130,-28.4657,-34.4014
20,130,-25.7145,-41.2535
22,130,-25.4565,-32.4681
24,130,-27.4623,-29.1846
26,130,-31.9659,-28.9231
28,130,-39.227,-31.5896
30,130,-40.7449,-40.073
32,130,-33.4164,-34.8864
34,130,-26.8096,-28.9662
36,130,-23.0646,-26.3325
38,130,-22.377,-24.2351
40,130,-24.6308,-23.1726
42,130,-28.4156,-25.2523
44,130,-32.4816,-34.9899
46,130,-42.2384,-27.6887
48,130,-35.4425,-23.2786
50,130,-36.7589,-23.5447
52,130,-34.9077,-26.704
54,130,-33.2349,-32.8876
56,130,-38.1521,-46.6364
58,130,-36.9446,-63.4611
60,130,-29.8103,-43.9678
62,130,-27.9107,-40.5087
64,130,-32.8608,-52.6922
66,130,-38.5596,-45.0595
68,130,-33.2343,-30.4515
70,130,-25.2852,-24.7992
72,130,-22.7518,-25.1181
74,130,-26.7493,-31.5945
76,130,-43.3502,-44.8581
78,130,-30.7511,-47.8339
80,130,-31.3891,-38.5695
82,130,-33.9904,-33.4481
84,130,-36.4335,-33.028
86,130,-39.1475,-41.2792
88,130,-41.765,-25.0708
90,130,-54.4085,-22.1919
92,130,-39.9434,-26.009
94,130,-39.8989,-46.2312
96,130,-37.9502,-30.5885
98,130,-33.164,-31.8749
100,130,-30.0185,-36.9778
102,130,-29.888,-51.5185
104,130,-45.9264,-49.5066
106,130,-27.2097,-33.7715
108,130,-22.9297,-25.7764
110,130,-25.0347,-24.8331
112,130,-32.6136,-29.4667
114,130,-37.316,-39.7425
116,130,-33.5842,-42.4648
118,130,-28.6019,-37.9903
120,130,-29.9144,-43.6527
122,130,-35.9034,-46.9642
124,130,-37.435,-46.9062
126,130,-32.7161,-33.4229
128,130,-33.7222,-26.731
130,130,-38.3462,-23.2925
132,130,-35.8535,-23.0114
134,130,-43.3288,-27.7217
136,130,-35.1588,-33.3957
138,130,-28.6254,-25.0357
140,130,-24.0592,-23.4382
142,130,-21.6661,-24.6438
144,130,-22.2847,-26.5332
146,130,-26.1499,-29.0161
148,130,-33.5079,-34.7137
150,130,-43.2258,-39.8949
152,130,-40.9709,-32.2393
154,130,-33.6479,-29.7213
156,130,-28.9758,-30.1648
158,130,-26.5896,-33.5725
160,130,-26.5697,-39.6283
162,130,-29.1926,-33.5555
164,130,-35.624,-28.9143
166,130,-57.227,-26.8405
168,130,-43.6759,-26.1834
170,130,-41.873,-26.3927
172,130,-38.3631,-27.1996
174,130,-33.8668,-28.4535
176,130,-31.0609,-29.8941
178,130,-29.643,-31.005
180,130,-29.2104,-31.3951
182,130,-29.4968,-31.2964
184,130,-30.2016,-31.1081
186,130,-30.6934,-30.8957
188,130,-30.1767,-30.5364
190,130,-28.7921,-30.1598
192,130,-27.3061,-30.2783
194,130,-26.0702,-31.5076
196,130,-25.0898,-34.2239
198,130,-24.3527,-36.7968
200,130,-23.9644,-35.994
202,130,-24.119,-35.8081
204,130,-25.0736,-39.2605
206,130,-27.2268,-54.9421
208,130,-30.8818,-42.703
210,130,-31.0279,-37.5607
212,130,-26.1045,-36.0338
214,130,-22.7668,-32.0909
216,130,-21.179,-26.6503
218,130,-21.0954,-23.5649
220,130,-22.6777,-23.2126
222,130,-26.649,-25.8459
224,130,-36.0857,-32.1286
226,130,-38.5261,-31.2837
228,130,-31.453,-27.1737
230,130,-32.3076,-26.807
232,130,-37.7349,-29.708
234,130,-33.3039,-38.053
236,130,-32.5547,-40.7025
238,130,-29.9858,-34.4328
240,130,-25.2313,-35.6811
242,130,-23.529,-36.6337
244,130,-25.3906,-34.59
246,130,-33.8904,-38.4874
248,130,-36.6464,-35.6193
250,130,-31.2336,-26.6522
252,130,-32.0738,-24.3595
254,130,-34.1753,-27.1336
256,130,-40.2633,-41.6018
258,130,-35.8801,-33.3531
260,130,-30.2325,-29.1227
262,130,-29.19,-27.5631
264,130,-32.9132,-30.4879
266,130,-48.5238,-37.133
268,130,-43.4412,-23.4887
270,130,-54.6085,-20.627
272,130,-45.0919,-23.0095
274,130,-44.3308,-35.6997
276,130,-32.9625,-29.5589
278,130,-29.4413,-26.9409
280,130,-29.9945,-29.9329
282,130,-34.1861,-34.4441
284,130,-38.4896,-39.4445
286,130,-34.5599,-26.7603
288,130,-32.3761,-23.8804
290,130,-31.2381,-26.1349
292,130,-36.9221,-35.3294
294,130,-33.4995,-41.2857
296,130,-25.0564,-35.1273
298,130,-23.1267,-36.0838
300,130,-24.6729,-35.6711
302,130,-29.7747,-35.2632
304,130,-34.3327,-41.2442
306,130,-34.23,-37.259
308,130,-36.0869,-30.0068
310,130,-30.3208,-27.3807
312,130,-29.4728,-28.0402
314,130,-36.1992,-33.0205
316,130,-36.007,-33.4908
318,130,-26.273,-26.5875
320,130,-22.4499,-24.0003
322,130,-20.914,-24.2953
324,130,-20.9602,-27.0254
326,130,-22.411,-31.7618
328,130,-25.3721,-36.8054
330,130,-29.5887,-41.1311
332,130,-30.0373,-48.5074
334,130,-26.7506,-47.1158
336,130,-24.6707,-39.8671
338,130,-23.8501,-37.0992
340,130,-23.8192,-36.7503
342,130,-24.2282,-36.2821
344,130,-24.9002,-33.8212
346,130,-25.8209,-31.6146
348,130,-27.0365,-30.697
350,130,-28.4892,-30.8267
352,130,-29.7899,-31.4286
354,130,-30.1834,-31.9595
356,130,-29.4394,-32.3396
358,130,-28.3101,-32.7906
360,130,-27.5441,-33.1845
0,132,-25.552,-29.4308
2,132,-26.3718,-28.5937
4,132,-28.3302,-27.6715
6,132,-31.888,-26.9207
8,132,-37.6877,-26.6508
10,132,-43.2748,-27.1162
12,132,-40.0364,-28.6018
14,132,-34.628,-31.5198
16,132,-30.048,-35.1553
18,132,-27.2329,-33.4413
20,132,-26.2501,-30.1685
22,132,-27.1425,-28.9824
24,132,-30.3648,-30.1027
26,132,-38.6096,-34.9845
28,132,-41.4041,-44.0684
30,132,-30.5928,-30.2633
32,132,-25.2717,-25.4736
34,132,-21.8331,-23.7136
36,132,-20.4251,-23.6331
38,132,-21.5457,-24.2823
40,132,-25.9962,-26.1853
42,132,-36.2328,-33.2165
44,132,-41.7298,-31.3495
46,132,-31.5438,-24.5732
48,132,-29.0282,-23.632
50,132,-31.0719,-26.4554
52,132,-32.8823,-33.1335
54,132,-33.9148,-44.515
56,132,-42.502,-52.7163
58,132,-40.1958,-41.231
60,132,-31.9226,-35.3668
62,132,-29.4009,-35.2928
64,132,-33.7469,-40.2924
66,132,-39.9664,-39.0824
68,132,-32.3167,-30.7292
70,132,-27.7204,-26.0376
72,132,-25.7454,-26.3825
74,132,-30.3199,-32.594
76,132,-40.5243,-47.7265
78,132,-29.4641,-43.8369
80,132,-29.9912,-38.6347
82,132,-33.2906,-34.5914
84,132,-34.8484,-34.7432
86,132,-36.1049,-43.2851
88,132,-39.9163,-29.0938
90,132,-54.0343,-26.306
92,132,-38.7295,-30.7484
94,132,-37.5209,-46.7234
96,132,-36.0649,-32.7719
98,132,-32.4189,-33.4179
100,132,-28.8204,-37.6558
102,132,-28.5302,-40.9311
104,132,-37.9346,-46.5254
106,132,-31.144,-34.6116
108,132,-26.1652,-27.2191
110,132,-27.8108,-26.31
112,132,-32.5519,-29.6529
114,132,-38.8498,-34.8509
116,132,-35.9778,-35.9001
118,132,-30.8946,-34.0986
120,132,-32.9408,-36.5627
122,132,-40.6721,-46.6538
124,132,-44.8539,-46.9652
126,132,-35.1785,-42.4289
128,132,-34.3127,-33.4053
130,132,-33.1758,-25.9518
132,132,-29.944,-23.0288
134,132,-31.0457,-24.3043
136,132,-38.377,-31.9051
138,132,-37.7666,-32.3292
140,132,-25.9782,-26.179
142,132,-21.2146,-24.5065
144,132,-19.9395,-23.7711
146,132,-21.3475,-23.7914
148,132,-25.0185,-25.5104
150,132,-30.8174,-30.0511
152,132,-41.895,-42.4827
154,132,-40.5267,-36.8236
156,132,-32.2009,-31.2771
158,132,-28.5328,-29.9827
160,132,-27.0903,-30.8709
162,132,-27.6067,-32.9964
164,132,-29.9564,-33.1235
166,132,-33.6642,-30.317
168,132,-37.1481,-27.8996
170,132,-38.2742,-26.5502
172,132,-35.8721,-26.0934
174,132,-32.3019,-26.3084
176,132,-29.612,-26.944
178,132,-27.9823,-27.7124
180,132,-27.2201,-28.4315
182,132,-27.1157,-29.176
184,132,-27.4015,-30.1444
186,132,-27.6706,-31.3815
188,132,-27.5179,-32.718
190,132,-26.9103,-34.1926
192,132,-26.1449,-36.5945
194,132,-25.4851,-41.427
196,132,-25.0885,-44.625
198,132,-25.1147,-39.7436
200,132,-25.7833,-38.6324
202,132,-27.3686,-42.3963
204,132,-30.0722,-49.2139
206,132,-32.5771,-39.3711
208,132,-30.5705,-36.0802
210,132,-27.0133,-36.5284
212,132,-24.538,-36.6845
214,132,-23.2302,-30.3103
216,132,-23.028,-25.8911
218,132,-24.1071,-24.4478
220,132,-27.0841,-25.9373
222,132,-34.1708,-31.0536
224,132,-43.1434,-34.8273
226,132,-31.3146,-29.8516
228,132,-29.3646,-28.0931
230,132,-32.863,-29.3245
232,132,-40.5408,-34.3188
234,132,-34.14,-57.2641
236,132,-31.9329,-38.6217
238,132,-27.0182,-37.2674
240,132,-23.4997,-37.0495
242,132,-23.0267,-33
244,132,-26.427,-33.5539
246,132,-40.1671,-47.9913
248,132,-30.8037,-31.7007
250,132,-27.7709,-25.9294
252,132,-29.0298,-25.1987
254,132,-32.5778,-29.295
256,132,-38.9181,-48.8183
258,132,-34.4285,-33.6901
260,132,-30.0126,-28.4038
262,132,-29.45,-25.9035
264,132,-33.179,-29.597
266,132,-46.3706,-32.1105
268,132,-48.0389,-20.7145
270,132,-55.5737,-18.1891
272,132,-57.9028,-20.5709
274,132,-42.2913,-32.112
276,132,-33.1534,-28.3503
278,132,-29.8819,-25.2484
280,132,-29.9901,-29.0672
282,132,-33.0961,-35.4296
284,132,-36.485,-44.6342
286,132,-32.7406,-29.6665
288,132,-29.4115,-25.2342
290,132,-27.8251,-25.8886
292,132,-30.5649,-31.4362
294,132,-41.7961,-76.0955
296,132,-26.4917,-35.1707
298,132,-22.8358,-34.0272
300,132,-23.0851,-37.8428
302,132,-26.6028,-37.953
304,132,-33.0276,-39.0427
306,132,-35.3099,-51.6901
308,132,-39.2007,-34.9219
310,132,-31.5552,-29.9572
312,132,-27.826,-28.8475
314,132,-29.3007,-31.1152
316,132,-39.0278,-38.0843
318,132,-34.9355,-32.0308
320,132,-27.1673,-26.8659
322,132,-24.0466,-25.5707
324,132,-22.7694,-27.076
326,132,-22.698,-31.2117
328,132,-23.68,-37.0904
330,132,-25.8376,-39.5486
332,132,-29.3131,-40.8902
334,132,-31.9758,-46.3601
336,132,-29.7945,-54.545
338,132,-27.1736,-43.551
340,132,-25.6997,-40.8897
342,132,-25.0576,-42.0891
344,132,-24.933,-43.9229
346,132,-25.1472,-39.9944
348,132,-25.5944,-36.5324
350,132,-26.133,-34.7218
352,132,-26.5011,-33.5432
354,132,-26.4305,-32.3336
356,132,-25.9746,-31.1489
358,132,-25.5354,-30.2066
360,132,-25.552,-29.4308
0,134,-26.9178,-30.5766
2,134,-27.7275,-29.8325
4,134,-29.2973,-29.491
6,134,-31.3712,-29.655
8,134,-33.1314,-30.4851
10,134,-33.8625,-31.9809
12,134,-33.6936,-33.2475
14,134,-32.5668,-32.4724
16,134,-30.9573,-30.6498
18,134,-30.0366,-29.7669
20,134,-30.7033,-30.72
22,134,-34.2219,-34.9521
24,134,-50.4497,-58.2575
26,134,-34.8674,-32.4441
28,134,-27.9299,-26.0815
30,134,-24.1165,-22.7692
32,134,-21.4727,-21.3482
34,134,-19.9703,-21.617
36,134,-20.2409,-23.526
38,134,-23.1794,-27.2093
40,134,-30.7631,-35.5867
42,134,-36.6366,-35.0726
44,134,-30.3414,-26.25
46,134,-27.831,-24.0225
48,134,-27.7152,-25.5076
50,134,-30.3177,-30.8625
52,134,-33.009,-41.9357
54,134,-37.6578,-56.4334
56,134,-44.3505,-38.0846
58,134,-35.6271,-32.1251
60,134,-33.5338,-30.9653
62,134,-32.1841,-34.0766
64,134,-38.9063,-42.341
66,134,-34.0839,-40.2337
68,134,-27.7261,-33.2234
70,134,-26.7816,-28.5451
72,134,-27.6784,-28.6089
74,134,-32.7114,-34.5159
76,134,-36.5977,-46.9169
78,134,-29.3058,-40.2207
80,134,-29.1025,-37.3123
82,134,-31.5326,-34.4807
84,134,-33.4671,-35.9124
86,134,-35.4296,-41.9372
88,134,-40.1911,-31.2811
90,134,-53.1506,-28.8843
92,134,-39.0206,-32.9805
94,134,-36.8837,-53.3682
96,134,-34.3581,-35.3113
98,134,-30.8543,-33.9575
100,134,-28.1002,-35.2389
102,134,-28.3827,-36.0465
104,134,-35.0918,-41.4213
106,134,-33.1508,-37.055
108,134,-27.7702,-29.9118
110,134,-26.8516,-29.0726
112,134,-28.0233,-31.6663
114,134,-33.8238,-35.405
116,134,-43.0625,-36.0321
118,134,-34.298,-32.719
120,134,-35.5279,-31.8565
122,134,-36.433,-34.8242
124,134,-41.3821,-47.3325
126,134,-40.0944,-43.5613
128,134,-35.7039,-55.1268
130,134,-32.4924,-30.5005
132,134,-28.8925,-24.4566
134,134,-28.3513,-23.2105
136,134,-30.2024,-25.9564
138,134,-35.6103,-35.7273
140,134,-31.5974,-35.2452
142,134,-23.3941,-27.2659
144,134,-20.1852,-23.5748
146,134,-19.8349,-21.682
148,134,-21.438,-21.4408
150,134,-24.3246,-22.8163
152,134,-28.3335,-25.9458
154,134,-34.7976,-31.803
156,134,-60.282,-49.0015
158,134,-37.2507,-36.1839
160,134,-32.2774,-31.4268
162,134,-30.6364,-30.1541
164,134,-30.8344,-30.5705
166,134,-31.891,-31.6785
168,134,-32.6659,-32.003
170,134,-32.7474,-30.9918
172,134,-32.1955,-29.7903
174,134,-30.941,-29.1166
176,134,-29.4641,-29.038
178,134,-28.3694,-29.4332
180,134,-27.8848,-30.2119
182,134,-27.9738,-31.4068
184,134,-28.447,-33.1612
186,134,-28.9776,-35.6545
188,134,-29.2106,-38.9672
190,134,-29.0425,-42.113
192,134,-28.7098,-41.502
194,134,-28.5694,-38.9661
196,134,-28.972,-37.8233
198,134,-30.284,-38.8865
200,134,-32.7359,-41.6132
202,134,-34.526,-39.3513
204,134,-31.9767,-35.2956
206,134,-28.8276,-33.635
208,134,-26.8449,-34.7546
210,134,-25.7883,-41.4913
212,134,-25.3691,-40.0692
214,134,-25.5272,-30.9655
216,134,-26.4879,-27.9045
218,134,-28.8398,-28.306
220,134,-34.2119,-32.6282
222,134,-56.8296,-41.7581
224,134,-33.9975,-34.8758
226,134,-29.8696,-31.6883
228,134,-30.4859,-31.5248
230,134,-37.0421,-34.3288
232,134,-38.9308,-43.1798
234,134,-33.7096,-45.4564
236,134,-29.9,-42.4935
238,134,-25.159,-37.3299
240,134,-22.9213,-30.9591
242,134,-23.7889,-29.6141
244,134,-29.5945,-35.3041
246,134,-37.2414,-36.227
248,134,-27.2484,-26.214
250,134,-25.8595,-23.6542
252,134,-27.7895,-24.9236
254,134,-32.1694,-30.9553
256,134,-37.3008,-49.4711
258,134,-32.6596,-34.3516
260,134,-29.2881,-27.6867
262,134,-29.2298,-24.874
264,134,-33.1075,-29.5809
266,134,-43.533,-28.5438
268,134,-49.5463,-18.6833
270,134,-56.5455,-16.3965
272,134,-50.4798,-18.7129
274,134,-40.5525,-29.1663
276,134,-32.9251,-27.7563
278,134,-29.7373,-23.9371
280,134,-29.5382,-27.7372
282,134,-31.9239,-36.7075
284,134,-34.9064,-44.1234
286,134,-31.8282,-32.2285
288,134,-28.0793,-25.4578
290,134,-26.0056,-24.0623
292,134,-27.0781,-26.6053
294,134,-36.358,-36.299
296,134,-30.3715,-36.205
298,134,-23.9118,-30.28
300,134,-22.6968,-31.8122
302,134,-24.7198,-39.124
304,134,-30.03,-42.6771
306,134,-35.3651,-44.8922
308,134,-38.86,-45.4764
310,134,-36.1586,-35.3828
312,134,-29.2594,-32.4073
314,134,-27.9296,-32.6924
316,134,-30.867,-36.8683
318,134,-41.9164,-48.5292
320,134,-36.4653,-33.8141
322,134,-29.5883,-29.8605
324,134,-26.5958,-29.934
326,134,-25.0698,-33.6982
328,134,-24.4538,-44.7119
330,134,-24.6798,-41.2097
332,134,-25.8911,-36.5043
334,134,-28.3229,-36.1713
336,134,-31.9903,-38.1245
338,134,-34.3137,-41.6811
340,134,-32.2098,-43.5262
342,134,-29.8936,-41.8659
344,134,-28.6027,-41.3052
346,134,-28.0844,-42.8885
348,134,-28.0374,-45.7374
350,134,-28.1603,-44.2837
352,134,-28.13,-39.7194
354,134,-27.7608,-36.0951
356,134,-27.2004,-33.5224
358,134,-26.8105,-31.755
360,134,-26.9178,-30.5766
0,136,-31.6359,-37.0186
2,136,-31.3027,-36.9676
4,136,-31.4147,-37.1782
6,136,-31.8524,-37.1813
8,136,-32.5567,-36.293
10,136,-33.5504,-34.6634
12,136,-34.7879,-33.2721
14,136,-36.0626,-32.9891
16,136,-37.6146,-34.7809
18,136,-41.5733,-41.7519
20,136,-55.8574,-39.5737
22,136,-35.3793,-30.2573
24,136,-28.622,-25.6135
26,136,-24.8179,-22.7828
28,136,-22.6288,-21.0639
30,136,-21.3657,-20.3656
32,136,-20.6801,-20.9105
34,136,-20.9559,-23.1546
36,136,-23.2449,-28.1689
38,136,-29.4172,-43.9719
40,136,-33.7315,-32.2782
42,136,-28.8627,-25.9678
44,136,-28.4066,-23.6923
46,136,-29.1244,-24.0917
48,136,-30.5424,-27.1874
50,136,-33.7969,-33.1781
52,136,-37.8476,-43.7125
54,136,-43.0861,-39.8327
56,136,-32.1686,-30.5264
58,136,-29.4057,-27.6968
60,136,-31.326,-28.9108
62,136,-35.9508,-35.5606
64,136,-42.4001,-47.5068
66,136,-28.4631,-36.3899
68,136,-24.1124,-33.6847
70,136,-24.0726,-30.678
72,136,-26.9487,-30.9047
74,136,-32.6656,-37.2368
76,136,-36.2684,-41.9447
78,136,-30.4093,-36.1872
80,136,-29.0481,-34.4673
82,136,-30.382,-33.4006
84,136,-33.0849,-37.8643
86,136,-36.99,-37.9876
88,136,-43.6172,-28.7882
90,136,-52.775,-26.8216
92,136,-41.4264,-29.4806
94,136,-38.0191,-40.4661
96,136,-33.4411,-38.5101
98,136,-29.7582,-33.5012
100,136,-28.2009,-33.0982
102,136,-29.5949,-33.7836
104,136,-35.6032,-38.2636
106,136,-33.0377,-40.3212
108,136,-26.831,-32.9562
110,136,-24.0389,-31.5306
112,136,-24.2425,-32.7714
114,136,-28.5131,-36.074
116,136,-42.0893,-41.9495
118,136,-38.1969,-33.7671
120,136,-32.7408,-29.5155
122,136,-30.2361,-29.319
124,136,-32.2356,-33.4528
126,136,-39.4692,-43.4182
128,136,-39.8455,-45.3973
130,136,-35.4955,-34.3234
132,136,-31.3832,-26.2979
134,136,-29.9904,-23.1395
136,136,-29.2367,-23.1299
138,136,-29.2885,-25.8584
140,136,-34.6902,-32.6178
142,136,-31.0237,-41.6147
144,136,-23.7586,-27.7226
146,136,-21.2107,-22.9425
148,136,-20.9301,-20.8366
150,136,-21.753,-20.336
152,136,-23.1632,-20.9717
154,136,-25.3485,-22.5568
156,136,-28.7107,-25.2334
158,136,-33.7605,-29.6369
160,136,-42.2608,-37.5882
162,136,-46.7096,-40.383
164,136,-39.9445,-34.6318
166,136,-36.9072,-32.8746
168,136,-34.8919,-33.1326
170,136,-33.5383,-34.5689
172,136,-32.8294,-36.3724
174,136,-32.4231,-37.3924
176,136,-31.9808,-37.2756
178,136,-31.6038,-36.8359
180,136,-31.6296,-36.626
182,136,-32.2573,-36.6988
184,136,-33.4485,-36.8909
186,136,-34.8895,-37.0046
188,136,-36.0453,-36.9903
190,136,-36.7368,-37.0515
192,136,-37.6842,-37.5279
194,136,-40.3848,-38.4382
196,136,-47.5054,-38.2191
198,136,-39.3831,-35.4101
200,136,-32.156,-32.3341
202,136,-28.0766,-30.368
204,136,-25.7388,-29.7023
206,136,-24.6358,-30.4458
208,136,-24.4869,-33.104
210,136,-25.0805,-39.4937
212,136,-26.2626,-41.7487
214,136,-28.0027,-35.1753
216,136,-30.523,-34.0318
218,136,-34.5501,-37.4775
220,136,-40.6725,-47.2427
222,136,-37.0911,-41.3596
224,136,-32.467,-39.0903
226,136,-31.5525,-38.322
228,136,-35.0242,-38.2023
230,136,-44.1287,-41.3002
232,136,-36.6225,-43.4434
234,136,-33.2725,-48.4521
236,136,-28.3256,-39.7119
238,136,-24.5458,-30.0582
240,136,-23.6282,-27.0012
242,136,-26.2302,-29.0493
244,136,-37.4706,-52.9083
246,136,-30.3524,-26.6683
248,136,-25.2803,-21.7937
250,136,-25.1255,-21.2583
252,136,-27.6979,-24.3018
254,136,-32.4316,-32.8566
256,136,-35.0283,-43.5396
258,136,-30.6312,-35.1303
260,136,-28.1366,-26.6543
262,136,-28.6261,-23.9369
264,136,-32.8103,-30.0008
266,136,-41.255,-25.6651
268,136,-45.4681,-16.9572
270,136,-57.0798,-14.8624
272,136,-43.7595,-17.0659
274,136,-38.9124,-26.4785
276,136,-32.5896,-27.5729
278,136,-29.1248,-22.73
280,136,-28.5275,-25.9907
282,136,-30.3659,-37.0957
284,136,-33.2789,-40.8338
286,136,-31.5613,-34.9348
288,136,-27.82,-24.9776
290,136,-25.3346,-21.6984
292,136,-25.2582,-22.2557
294,136,-29.6986,-27.3456
296,136,-40.3503,-53.2871
298,136,-26.8521,-29.1154
300,136,-23.6731,-27.4988
302,136,-24.1826,-31.1847
304,136,-27.8621,-43.1477
306,136,-34.4222,-45.1406
308,136,-38.114,-42.9155
310,136,-43.708,-42.2848
312,136,-34.4066,-39.9206
314,136,-29.9665,-40.0548
316,136,-29.8611,-39.76
318,136,-33.1798,-40.2443
320,136,-41.0656,-42.3078
322,136,-38.5418,-39.3057
324,136,-32.0184,-37.7213
326,136,-28.3061,-41.4473
328,136,-25.9303,-45.2686
330,136,-24.5455,-35.789
332,136,-24.0792,-31.9551
334,136,-24.5316,-30.5517
336,136,-25.9563,-30.516
338,136,-28.4899,-31.4579
340,136,-32.4219,-33.2967
342,136,-38.1397,-36.0298
344,136,-42.4346,-39.2034
346,136,-40.0323,-41.0378
348,136,-38.1768,-40.7447
350,136,-37.405,-39.991
352,136,-36.6917,-39.3992
354,136,-35.4239,-38.798
356,136,-33.8517,-38.0913
358,136,-32.4987,-37.4284
360,136,-31.6359,-37.0186
0,138,-38.3131,-48.2721
2,138,-36.5766,-44.1637
4,138,-35.4611,-41.4834
6,138,-35.2066,-39.8572
8,138,-35.8235,-39.257
10,138,-37.3677,-39.7394
12,138,-40.2281,-39.8579
14,138,-46.4477,-35.7002
16,138,-47.1631,-30.3569
18,138,-36.1004,-26.1915
20,138,-29.8583,-23.2251
22,138,-25.6832,-21.2691
24,138,-22.9958,-20.1712
26,138,-21.6163,-19.8259
28,138,-21.3945,-20.2291
30,138,-22.069,-21.5963
32,138,-23.498,-24.5695
34,138,-26.4982,-31.2186
36,138,-33.9111,-43.1736
38,138,-31.7204,-28.9692
40,138,-26.4682,-24.8549
42,138,-26.2519,-23.2255
44,138,-29.7781,-23.3688
46,138,-36.1839,-25.4424
48,138,-41.3475,-29.7366
50,138,-45.4456,-36.8451
52,138,-48.5899,-48.9504
54,138,-34.212,-31.8261
56,138,-27.9219,-26.7552
58,138,-26.5298,-25.8243
60,138,-29.1989,-28.8053
62,138,-36.6092,-39.5667
64,138,-34.2507,-36.7203
66,138,-26.3396,-32.4438
68,138,-23.1852,-32.4396
70,138,-23.6193,-32.3876
72,138,-27.2757,-34.1313
74,138,-33.5798,-41.7105
76,138,-38.3641,-36.7262
78,138,-32.6297,-33.0216
80,138,-29.6759,-31.8346
82,138,-30.2947,-32.0235
84,138,-34.0665,-40.4324
86,138,-41.0515,-33.004
88,138,-50.1759,-25.2204
90,138,-53.4669,-23.3306
92,138,-46.083,-25.2995
94,138,-40.9964,-32.8166
96,138,-33.5251,-42.0517
98,138,-29.4459,-32.5438
100,138,-28.8952,-31.6067
102,138,-32.0514,-32.454
104,138,-38.9564,-35.6632
106,138,-34.2766,-42.5588
108,138,-27.2475,-36.5018
110,138,-23.6005,-33.1752
112,138,-23.2695,-32.4832
114,138,-26.5011,-33.9563
116,138,-34.7542,-42.225
118,138,-38.3667,-37.8497
120,138,-30.1223,-29.3704
122,138,-27.3404,-26.9869
124,138,-28.6977,-28.2583
126,138,-34.5048,-33.4631
128,138,-43.4444,-45.6187
130,138,-43.3424,-39.0609
132,138,-38.8035,-29.261
134,138,-37.1274,-24.6137
136,138,-31.072,-22.8683
138,138,-26.798,-23.1509
140,138,-26.6136,-25.1395
142,138,-32.024,-29.7512
144,138,-37.8157,-44.3495
146,138,-27.3061,-29.6771
148,138,-23.9769,-23.9636
150,138,-22.5638,-21.2993
152,138,-21.9782,-20.0121
154,138,-22.2399,-19.5702
156,138,-23.5135,-19.867
158,138,-25.7951,-20.9756
160,138,-29.041,-23.0135
162,138,-33.4606,-26.1214
164,138,-40.2198,-30.5082
166,138,-56.8851,-36.3754
168,138,-43.3607,-41.7254
170,138,-38.4883,-41.597
172,138,-36.6291,-40.9833
174,138,-36.3839,-41.9351
176,138,-37.3136,-44.5296
178,138,-39.1881,-49.4408
180,138,-41.8131,-59.3931
182,138,-44.2625,-53.8535
184,138,-43.7042,-47.8265
186,138,-40.9956,-44.0567
188,138,-38.7477,-40.5373
190,138,-37.2546,-36.8982
192,138,-35.8134,-33.4554
194,138,-33.3965,-30.5244
196,138,-30.1167,-28.2653
198,138,-26.9666,-26.7492
200,138,-24.4964,-26.0121
202,138,-22.8505,-26.0807
204,138,-22.0421,-26.998
206,138,-22.0654,-28.8862
208,138,-22.9391,-32.1099
210,138,-24.7289,-37.797
212,138,-27.5205,-52.7782
214,138,-31.122,-44.7505
216,138,-33.9168,-39.1854
218,138,-33.9699,-36.5372
220,138,-32.9976,-35.799
222,138,-32.3082,-38.2128
224,138,-32.5608,-47.0068
226,138,-35.1318,-44.4834
228,138,-43.6496,-40.3972
230,138,-42.5024,-39.8094
232,138,-37.8054,-41.6312
234,138,-33.3702,-40.7034
236,138,-28.0229,-30.5405
238,138,-25.5054,-26.0799
240,138,-26.1508,-25.9509
242,138,-31.785,-33.3488
244,138,-38.732,-29.6727
246,138,-27.221,-21.211
248,138,-24.6478,-18.7437
250,138,-25.4262,-19.6728
252,138,-28.4427,-24.3727
254,138,-32.6735,-36.5414
256,138,-32.394,-39.2819
258,138,-28.5996,-35.2161
260,138,-26.8709,-25.2626
262,138,-27.9299,-23.081
264,138,-32.5442,-31.0319
266,138,-39.878,-23.2325
268,138,-42.451,-15.4739
270,138,-57.3688,-13.5458
272,138,-40.9755,-15.6012
274,138,-37.5974,-23.9955
276,138,-32.4411,-28.0668
278,138,-28.4698,-21.758
280,138,-27.2963,-24.1885
282,138,-28.5441,-35.3779
284,138,-31.2946,-38.0074
286,138,-31.4804,-39.8454
288,138,-28.4248,-25.0085
290,138,-25.7208,-19.9693
292,138,-24.7994,-19.044
294,138,-26.8854,-21.724
296,138,-36.0383,-31.2486
298,138,-33.6499,-32.369
300,138,-26.6556,-26.0434
302,138,-25.3588,-26.7694
304,138,-27.3366,-32.0412
306,138,-32.8923,-42.3859
308,138,-40.7388,-40.043
310,138,-43.7864,-39.1225
312,138,-46.6181,-40.1628
314,138,-35.1575,-44.7619
316,138,-31.6704,-43.6224
318,138,-31.3077,-36.7533
320,138,-32.8119,-34.7025
322,138,-35.7737,-35.5673
324,138,-37.9326,-38.9219
326,138,-33.2333,-45.5118
328,138,-28.3198,-39.9368
330,138,-25.1115,-33.2912
332,138,-23.237,-29.6283
334,138,-22.4061,-27.6032
336,138,-22.4499,-26.5996
338,138,-23.2807,-26.2887
340,138,-24.8597,-26.5262
342,138,-27.1536,-27.2997
344,138,-30.0333,-28.6591
346,138,-33.0127,-30.6599
348,138,-35.0943,-33.3347
350,138,-35.9457,-36.692
352,138,-36.5195,-40.7492
354,138,-37.5568,-45.6812
356,138,-38.9805,-52.0308
358,138,-39.5612,-54.0723
360,138,-38.3131,-48.2721
0,140,-33.3739,-34.3662
2,140,-35.4346,-35.1998
4,140,-38.0149,-35.4292
6,140,-41.2363,-34.3103
8,140,-45.477,-31.9281
10,140,-52.2096,-29.1118
12,140,-51.372,-26.382
14,140,-41.3332,-23.94
16,140,-34.5925,-21.9013
18,140,-29.6061,-20.3694
20,140,-25.9698,-19.4385
22,140,-23.5898,-19.1914
24,140,-22.4895,-19.7125
26,140,-22.761,-21.1312
28,140,-24.5483,-23.7615
30,140,-28.1301,-28.6357
32,140,-35.0778,-42.9873
34,140,-39.822,-33.4397
36,140,-28.8907,-27.1181
38,140,-24.7839,-24.622
40,140,-23.9473,-23.7768
42,140,-25.9283,-24.1611
44,140,-30.8707,-25.9551
46,140,-37.6362,-29.5937
48,140,-42.7823,-35.6012
50,140,-51.2052,-48.723
52,140,-43.8198,-35.0406
54,140,-32.128,-27.8782
56,140,-27.1664,-25.1266
58,140,-26.4529,-25.7084
60,140,-30.1794,-30.4945
62,140,-41.2281,-42.0943
64,140,-32.0718,-33.4441
66,140,-26.6988,-32.105
68,140,-24.6118,-34.3955
70,140,-25.5479,-37.1599
72,140,-29.7753,-42.343
74,140,-35.6893,-40.2752
76,140,-39.1691,-33.0027
78,140,-35.2985,-30.4492
80,140,-31.2568,-29.6813
82,140,-31.6333,-30.9461
84,140,-36.5761,-40.1472
86,140,-46.2601,-29.6055
88,140,-48.3304,-23.1177
90,140,-55.1329,-21.3831
92,140,-47.1514,-23.111
94,140,-45.2992,-29.479
96,140,-34.7704,-42.067
98,140,-30.2757,-31.5929
100,140,-30.314,-30.2598
102,140,-35.0283,-31.1047
104,140,-41.5349,-33.1259
106,140,-36.8557,-38.1258
108,140,-29.8252,-42.9098
110,140,-25.5503,-37.2491
112,140,-24.7105,-34.4487
114,140,-26.931,-33.77
116,140,-32.6114,-36.4982
118,140,-45.8049,-42.006
120,140,-30.8701,-31.1327
122,140,-27.0904,-26.7436
124,140,-28.0101,-26.1162
126,140,-33.328,-28.6269
128,140,-43.6058,-34.9229
130,140,-56.4093,-53.9619
132,140,-50.2175,-35.3469
134,140,-46.6248,-28.677
136,140,-32.8497,-25.4249
138,140,-26.4021,-24.1114
140,140,-23.976,-24.0524
142,140,-24.6006,-25.1394
144,140,-28.5742,-28.1158
146,140,-40.4863,-36.2941
148,140,-35.9599,-37.6019
150,140,-28.4458,-27.653
152,140,-24.8908,-23.3859
154,140,-23.1253,-20.8766
156,140,-22.7829,-19.4433
158,140,-23.6502,-18.9182
160,140,-25.5381,-19.2237
162,140,-28.3074,-20.2774
164,140,-31.9011,-21.9823
166,140,-36.359,-24.2421
168,140,-41.9748,-26.9984
170,140,-50.82,-30.2703
172,140,-54.2916,-34.102
174,140,-44.3841,-37.9418
176,140,-39.6634,-39.2013
178,140,-36.6325,-37.5823
180,140,-34.5041,-35.6883
182,140,-32.9688,-34.0623
184,140,-31.8531,-32.4695
186,140,-31.0244,-30.7144
188,140,-30.3348,-28.8201
190,140,-29.5546,-26.9662
192,140,-28.3837,-25.3517
194,140,-26.7016,-24.1275
196,140,-24.7758,-23.3971
198,140,-23.0239,-23.235
200,140,-21.7471,-23.7018
202,140,-21.1171,-24.8586
204,140,-21.2551,-26.7908
206,140,-22.3026,-29.668
208,140,-24.4778,-33.8649
210,140,-28.0292,-39.5175
212,140,-31.8312,-39.974
214,140,-31.0688,-36.0784
216,140,-28.825,-33.832
218,140,-27.9586,-33.1855
220,140,-28.4508,-34.0826
222,140,-30.2007,-36.2035
224,140,-33.509,-37.6064
226,140,-40.0117,-37.4391
228,140,-57.2506,-37.6072
230,140,-45.9848,-38.8244
232,140,-44.0498,-39.1952
234,140,-34.6544,-31.8168
236,140,-29.8863,-26.6403
238,140,-28.8676,-25.1175
240,140,-31.865,-28.5492
242,140,-52.9793,-36.5978
244,140,-31.614,-22.3485
246,140,-26.3471,-17.9188
248,140,-25.2448,-17.0783
250,140,-26.6356,-19.3124
252,140,-29.6626,-25.9384
254,140,-32.1362,-41.7386
256,140,-29.9364,-37.3219
258,140,-26.8784,-33.5386
260,140,-25.8586,-23.8861
262,140,-27.5063,-22.5888
264,140,-32.6515,-33.4193
266,140,-39.1581,-21.2488
268,140,-40.6214,-14.3293
270,140,-56.0863,-12.5545
272,140,-39.6682,-14.4415
274,140,-36.7617,-21.8519
276,140,-32.7628,-29.7938
278,140,-28.2287,-21.2842
280,140,-26.352,-22.7223
282,140,-26.8993,-32.3709
284,140,-29.1892,-36.7719
286,140,-30.9318,-42.6461
288,140,-29.5574,-26.6066
290,140,-27.106,-19.4768
292,140,-25.6477,-17.1988
294,140,-26.3091,-18.1848
296,140,-30.4791,-23.0767
298,140,-49.4616,-42.8225
300,140,-33.4783,-28.0452
302,140,-29.1634,-25.3743
304,140,-29.2989,-27.4792
306,140,-33.104,-33.1463
308,140,-43.92,-38.6201
310,140,-47.2424,-37.8195
312,140,-47.2672,-37.5914
314,140,-44.1819,-38.0046
316,140,-34.9865,-38.0401
318,140,-31.0514,-35.8438
320,140,-29.3002,-33.4882
322,140,-28.9587,-32.6183
324,140,-30.0346,-33.267
326,140,-32.8442,-35.2572
328,140,-34.2638,-37.3133
330,140,-29.4961,-34.8508
332,140,-25.4835,-30.6482
334,140,-23.1189,-27.5904
336,140,-21.9478,-25.6053
338,140,-21.6814,-24.3827
340,140,-22.1504,-23.7164
342,140,-23.229,-23.5098
344,140,-24.7609,-23.7409
346,140,-26.47,-24.4151
348,140,-27.941,-25.5226
350,140,-28.8752,-27.0076
352,140,-29.4049,-28.741
354,140,-29.9029,-30.5092
356,140,-30.6514,-32.0761
358,140,-31.7892,-33.3355
360,140,-33.3739,-34.3662
0,142,-31.3648,-29.2338
2,142,-32.8536,-29.4395
4,142,-34.6292,-28.5663
6,142,-36.5859,-26.9296
8,142,-38.2654,-25.1372
10,142,-38.7795,-23.5226
12,142,-37.6205,-22.1886
14,142,-35.0687,-21.172
16,142,-31.8744,-20.5323
18,142,-28.9558,-20.3787
20,142,-26.934,-20.8749
22,142,-26.1785,-22.2618
24,142,-27.0774,-24.9728
26,142,-30.4443,-30.1775
28,142,-39.4564,-44.9384
30,142,-38.5741,-33.4745
32,142,-31.0844,-27.8345
34,142,-27.3756,-25.4996
36,142,-24.9778,-24.7557
38,142,-24.0317,-25.1022
40,142,-24.8847,-26.3385
42,142,-27.5788,-28.5211
44,142,-31.3818,-32.0173
46,142,-35.6164,-37.2485
48,142,-40.2986,-42.5815
50,142,-36.9597,-36.2644
52,142,-35.2219,-29.4306
54,142,-32.6901,-25.7513
56,142,-29.4259,-24.8597
58,142,-29.9987,-27.0792
60,142,-39.7591,-34.8119
62,142,-34.0864,-39.3002
64,142,-27.4512,-32.7877
66,142,-25.9289,-33.9335
68,142,-26.5678,-38.92
70,142,-29.176,-43.6555
72,142,-34.1286,-49.2115
74,142,-36.4421,-35.5008
76,142,-37.5866,-30.3505
78,142,-38.5558,-28.4251
80,142,-34.5184,-28.3433
82,142,-34.6408,-30.7148
84,142,-40.2575,-37.8658
86,142,-46.3033,-28.2244
88,142,-46.9239,-22.7744
90,142,-57.3479,-21.2775
92,142,-45.112,-22.9316
94,142,-46.6518,-28.7186
96,142,-36.9724,-39.3149
98,142,-32.5106,-31.1541
100,142,-33.1008,-29.2507
102,142,-38.3193,-29.5405
104,142,-39.2716,-30.6845
106,142,-38.1403,-33.785
108,142,-34.2908,-42.1709
110,142,-29.1401,-45.5817
112,142,-26.7725,-37.8756
114,142,-26.2511,-35.2714
116,142,-27.6851,-35.1651
118,142,-33.9572,-39.9667
120,142,-40.1135,-35.0311
122,142,-30.4715,-28.1166
124,142,-30.0596,-25.7062
126,142,-33.3348,-26.3034
128,142,-34.6551,-29.6324
130,142,-35.7065,-36.0464
132,142,-40.056,-42.6494
134,142,-39.42,-36.1937
136,142,-33.8329,-31.3657
138,142,-28.1426,-28.484
140,142,-24.7501,-26.6121
142,142,-23.6869,-25.454
144,142,-24.5831,-25.2331
146,142,-27.0783,-26.2894
148,142,-31.1685,-29.105
150,142,-40.078,-35.6087
152,142,-38.8395,-42.8692
154,142,-30.055,-29.9234
156,142,-26.7328,-24.8264
158,142,-25.6845,-22.0642
160,142,-26.0902,-20.6624
162,142,-27.5226,-20.2217
164,142,-29.5955,-20.4922
166,142,-31.8059,-21.2913
168,142,-33.673,-22.5048
170,142,-35.2015,-24.1012
172,142,-36.6072,-26.1082
174,142,-37.2012,-28.4839
176,142,-35.9437,-30.715
178,142,-33.803,-31.4495
180,142,-31.9393,-30.3461
182,142,-30.5949,-28.7111
184,142,-29.6648,-27.2388
186,142,-28.9762,-25.9951
188,142,-28.3512,-24.9223
190,142,-27.6159,-24.0137
192,142,-26.6435,-23.334
194,142,-25.4603,-22.9861
196,142,-24.2783,-23.0788
198,142,-23.3842,-23.7173
200,142,-23.0376,-25.0125
202,142,-23.4714,-27.1063
204,142,-24.9478,-30.2183
206,142,-27.7365,-34.647
208,142,-30.8224,-39.2972
210,142,-29.4155,-38.3037
212,142,-26.3325,-35.5901
214,142,-24.6018,-34.1668
216,142,-24.2447,-33.793
218,142,-25.1271,-34.1276
220,142,-27.2893,-34.7896
222,142,-30.9489,-35.3377
224,142,-36.1806,-35.7863
226,142,-39.7025,-36.5637
228,142,-39.1655,-37.9378
230,142,-41.4596,-38.6675
232,142,-50.9053,-33.4402
234,142,-39.5638,-28.1884
236,142,-35.7014,-25.8713
238,142,-36.7978,-27.4453
240,142,-46.4417,-39.3487
242,142,-37.4068,-24.8559
244,142,-30.0409,-18.5575
246,142,-27.176,-16.2818
248,142,-26.9046,-16.7835
250,142,-28.5012,-20.3955
252,142,-30.7768,-29.9126
254,142,-30.8436,-37.2531
256,142,-28.0411,-38.1641
258,142,-25.7407,-30.8419
260,142,-25.4199,-22.9291
262,142,-27.6989,-22.7466
264,142,-33.4311,-39.0499
266,142,-38.7342,-19.7628
268,142,-39.6863,-13.6164
270,142,-54.7628,-11.9914
272,142,-39.1235,-13.7063
274,142,-36.4122,-20.203
276,142,-33.7526,-33.731
278,142,-28.7374,-21.5184
280,142,-26.0955,-21.8471
282,142,-25.874,-29.5154
284,142,-27.4903,-38.1567
286,142,-29.7804,-35.7568
288,142,-30.5139,-30.9685
290,142,-29.191,-20.523
292,142,-27.688,-16.795
294,142,-27.5037,-16.3645
296,142,-29.513,-18.8786
298,142,-35.1163,-25.8793
300,142,-49.3806,-39.2896
302,142,-37.7741,-27.2162
304,142,-35.2931,-26.1839
306,142,-37.7123,-28.8417
308,142,-47.053,-33.8603
310,142,-41.0604,-37.4189
312,142,-37.7118,-37.5759
314,142,-39.9188,-37.7062
316,142,-40.0094,-37.7427
318,142,-32.8238,-37.0574
320,142,-28.5036,-35.5818
322,142,-26.1655,-34.0795
324,142,-25.2007,-33.1235
326,142,-25.4677,-32.9554
328,142,-27.1063,-33.8335
330,142,-30.2951,-35.6711
332,142,-32.5437,-35.6498
334,142,-29.37,-32.0411
336,142,-26.1636,-28.6103
338,142,-24.3562,-26.2316
340,142,-23.6195,-24.6818
342,142,-23.6672,-23.7393
344,142,-24.2775,-23.2744
346,142,-25.2218,-23.2213
348,142,-26.2403,-23.5391
350,142,-27.1188,-24.1782
352,142,-27.8162,-25.0648
354,142,-28.4594,-26.1093
356,142,-29.206,-27.2294
358,142,-30.158,-28.3399
360,142,-31.3648,-29.2338
0,144,-33.121,-29.2995
2,144,-33.6823,-28.6861
4,144,-34.2892,-27.342
6,144,-35.0574,-25.8938
8,144,-35.8969,-24.736
10,144,-36.5102,-24.0118
12,144,-36.5336,-23.7695
14,144,-35.7659,-24.0657
16,144,-34.5362,-25.0398
18,144,-33.7229,-27.0201
20,144,-34.3765,-30.8335
22,144,-38.1791,-39.2275
24,144,-44.2097,-36.6614
26,144,-34.2934,-29.6847
28,144,-29.5909,-26.4673
30,144,-27.7044,-24.9583
32,144,-27.2826,-24.5413
34,144,-27.2079,-25.0137
36,144,-27.0422,-26.3733
38,144,-27.5179,-28.7106
40,144,-29.2473,-32.0389
42,144,-31.9763,-35.8238
44,144,-35.3635,-38.134
46,144,-36.9083,-36.9833
48,144,-31.5655,-33.2291
50,144,-28.5156,-29.1438
52,144,-28.8401,-26.1786
54,144,-32.1604,-24.9622
56,144,-36.6622,-26.0515
58,144,-47.4041,-30.953
60,144,-33.3821,-65.0368
62,144,-26.0248,-33.1686
64,144,-23.4779,-30.8378
66,144,-23.9807,-33.1776
68,144,-27.255,-37.5093
70,144,-33.5239,-40.4575
72,144,-37.7144,-40.4281
74,144,-36.1046,-32.7693
76,144,-38.6015,-28.6844
78,144,-45.4577,-27.294
80,144,-39.5445,-27.9409
82,144,-38.7579,-31.3402
84,144,-43.71,-37.411
86,144,-47.2228,-28.6428
88,144,-49.1191,-23.9467
90,144,-54.1523,-22.7112
92,144,-46.5669,-24.3684
94,144,-46.6677,-29.7722
96,144,-39.0641,-37.7044
98,144,-35.5767,-31.2559
100,144,-37.2731,-28.7752
102,144,-44.5869,-28.2245
104,144,-39.866,-28.6426
106,144,-38.082,-30.9115
108,144,-39.0487,-37.6032
110,144,-33.045,-49.2203
112,144,-27.39,-36.2771
114,144,-24.288,-33.2021
116,144,-23.7192,-32.2375
118,144,-26.1005,-34.3909
120,144,-33.1119,-44.6777
122,144,-48.1396,-32.0529
124,144,-36.3835,-26.8152
126,144,-31.6732,-25.4539
128,144,-28.5836,-26.5696
130,144,-28.2913,-29.6563
132,144,-30.865,-34.1068
134,144,-35.2256,-38.3211
136,144,-36.0321,-39.6083
138,144,-32.4142,-37.1818
140,144,-28.7837,-33.0702
142,144,-26.7669,-29.3669
144,144,-26.2997,-26.8584
146,144,-26.6589,-25.5629
148,144,-27.1246,-25.2707
150,144,-28.0121,-25.7949
152,144,-30.4756,-27.2233
154,144,-36.6202,-30.2496
156,144,-54.8313,-37.5836
158,144,-36.3612,-41.3959
160,144,-32.8265,-31.0074
162,144,-32.0816,-27.0143
164,144,-32.5919,-25.0717
166,144,-33.4815,-24.2222
168,144,-34.1534,-24.0825
170,144,-34.5525,-24.4848
172,144,-34.9014,-25.3648
174,144,-35.1723,-26.6605
176,144,-35.0715,-28.153
178,144,-34.4872,-29.271
180,144,-33.6646,-29.3795
182,144,-32.8458,-28.6496
184,144,-32.0791,-27.7359
186,144,-31.3194,-26.9957
188,144,-30.5478,-26.502
190,144,-29.7908,-26.2503
192,144,-29.0938,-26.2714
194,144,-28.5351,-26.6651
196,144,-28.2647,-27.5976
198,144,-28.5009,-29.3109
200,144,-29.4371,-32.199
202,144,-30.7823,-36.9983
204,144,-30.5413,-42.408
206,144,-27.7992,-38.3588
208,144,-24.987,-34.7142
210,144,-23.133,-33.0907
212,144,-22.3123,-32.7634
214,144,-22.4989,-33.2815
216,144,-23.743,-34.2147
218,144,-26.2217,-35.1036
220,144,-30.1692,-35.6834
222,144,-34.4499,-36.1043
224,144,-34.4333,-36.7791
226,144,-33.2056,-38.1427
228,144,-33.6766,-39.2857
230,144,-36.124,-35.2008
232,144,-40.9066,-30.1327
234,144,-48.6222,-27.4944
236,144,-60.8537,-28.1583
238,144,-47.5202,-36.2996
240,144,-40.0173,-27.9539
242,144,-34.6593,-20.137
244,144,-30.9581,-16.7809
246,144,-29.2008,-16.0584
248,144,-29.2902,-17.8485
250,144,-30.5658,-23.1771
252,144,-31.2608,-39.464
254,144,-29.5985,-33.9841
256,144,-26.9816,-44.2441
258,144,-25.4304,-28.4697
260,144,-25.8245,-22.6089
262,144,-28.7984,-23.7537
264,144,-35.04,-43.0613
266,144,-38.4483,-18.8001
268,144,-39.6431,-13.3784
270,144,-55.5559,-11.9073
272,144,-39.044,-13.4618
274,144,-36.5058,-19.1487
276,144,-35.4618,-41.1725
278,144,-30.2157,-22.5782
280,144,-26.7788,-21.6682
282,144,-25.7766,-27.3938
284,144,-26.6421,-45.4515
286,144,-28.6998,-32.9264
288,144,-30.7019,-43.1552
290,144,-31.2052,-23.4077
292,144,-30.4654,-17.859
294,144,-30.015,-16.0731
296,144,-30.9135,-16.9099
298,144,-33.6438,-20.5112
300,144,-38.289,-29.0328
302,144,-43.1678,-35.5726
304,144,-45.8473,-28.0697
306,144,-55.4415,-27.6699
308,144,-45.2953,-30.3121
310,144,-36.879,-34.755
312,144,-33.5164,-37.9299
314,144,-33.1722,-38.3147
316,144,-35.8516,-38.7369
318,144,-37.9798,-39.3904
320,144,-31.7107,-39.1084
322,144,-27.1543,-37.2451
324,144,-24.5593,-34.6397
326,144,-23.2769,-32.3886
328,144,-23.0396,-31.0623
330,144,-23.7834,-30.9231
332,144,-25.5613,-32.1952
334,144,-28.4439,-35.1621
336,144,-31.87,-38.5238
338,144,-32.8087,-35.9795
340,144,-30.9592,-32.0898
342,144,-29.3671,-29.547
344,144,-28.5941,-27.9801
346,144,-28.4397,-27.0565
348,144,-28.6816,-26.5989
350,144,-29.1712,-26.5205
352,144,-29.8415,-26.7789
354,144,-30.6636,-27.3423
356,144,-31.5719,-28.1416
358,144,-32.4308,-28.9591
360,144,-33.121,-29.2995
0,146,-43.1795,-39.6264
2,146,-42.0747,-37.135
4,146,-41.1973,-34.9042
6,146,-40.8971,-33.6155
8,146,-41.1399,-33.4015
10,146,-41.8301,-34.4129
12,146,-42.8567,-36.9126
14,146,-44.277,-39.5441
16,146,-46.8892,-36.156
18,146,-47.2752,-31.5092
20,146,-39.2576,-28.3001
22,146,-33.3034,-26.2756
24,146,-29.5689,-25.1936
26,146,-27.5509,-24.9032
28,146,-27.0735,-25.2596
30,146,-28.1096,-26.0851
32,146,-30.5556,-27.2521
34,146,-33.5348,-28.8716
36,146,-35.2952,-31.3304
38,146,-36.3156,-34.8841
40,146,-37.3433,-37.6255
42,146,-38.1147,-36.1324
44,146,-36.0338,-33.2414
46,146,-30.3709,-30.2871
48,146,-26.4997,-27.6697
50,146,-25.1997,-25.8521
52,146,-26.5334,-25.2074
54,146,-31.084,-26.279
56,146,-38.5343,-30.4766
58,146,-32.9312,-47.2144
60,146,-27.0746,-32.0182
62,146,-23.6846,-27.6992
64,146,-22.6942,-27.6611
66,146,-24.2898,-30.6867
68,146,-29.2469,-36.59
70,146,-39.0226,-43.2524
72,146,-36.7875,-38.0593
74,146,-36.6557,-31.4164
76,146,-43.6372,-27.9829
78,146,-48.5222,-26.9229
80,146,-41.4128,-28.0285
82,146,-41.9684,-32.338
84,146,-47.1488,-40.1096
86,146,-52.3371,-30.0587
88,146,-50.7397,-25.6808
90,146,-48.6361,-24.6247
92,146,-50.369,-26.2617
94,146,-51.6746,-31.3409
96,146,-40.9015,-37.9386
98,146,-37.4879,-31.6857
100,146,-38.5985,-28.5054
102,146,-46.5389,-27.2593
104,146,-45.2643,-27.2679
106,146,-38.8711,-29.1361
108,146,-39.7234,-34.7152
110,146,-37.4817,-46.3797
112,146,-28.8867,-33.9976
114,146,-24.4468,-29.7797
116,146,-22.9475,-27.8753
118,146,-23.892,-28.0265
120,146,-27.224,-31.7964
122,146,-33.3015,-56.4905
124,146,-37.6535,-31.3146
126,146,-30.2711,-26.6025
128,146,-26.2407,-25.4839
130,146,-25.1225,-26.369
132,146,-26.3504,-28.6447
134,146,-29.5928,-31.8281
136,146,-33.8481,-35.3752
138,146,-36.2937,-39.3107
140,146,-35.6899,-44.0721
142,146,-34.2754,-39.254
144,146,-33.4842,-33.4868
146,146,-32.3155,-30.1992
148,146,-29.9921,-28.3338
150,146,-28.0397,-27.1277
152,146,-27.3917,-26.1661
154,146,-28.2139,-25.5101
156,146,-30.5619,-25.4549
158,146,-34.5747,-26.2468
160,146,-40.1962,-28.062
162,146,-44.1878,-31.1181
164,146,-43.4699,-35.7965
166,146,-42.5976,-41.3369
168,146,-42.281,-40.037
170,146,-42.5161,-36.8398
172,146,-43.6163,-35.2136
174,146,-45.67,-34.694
176,146,-47.5295,-34.8569
178,146,-46.8795,-35.3296
180,146,-44.875,-35.783
182,146,-43.0181,-36.1025
184,146,-41.2562,-36.4322
186,146,-39.4863,-36.9527
188,146,-37.9065,-37.7157
190,146,-36.7138,-38.7348
192,146,-35.9357,-40.2959
194,146,-35.406,-43.4452
196,146,-34.6927,-52.9872
198,146,-33.1912,-47.5639
200,146,-30.8142,-38.6414
202,146,-28.1868,-34.1799
204,146,-25.8889,-31.5264
206,146,-24.1911,-30.031
208,146,-23.1996,-29.4414
210,146,-22.9802,-29.635
212,146,-23.6292,-30.5378
214,146,-25.3367,-32.0892
216,146,-28.455,-34.162
218,146,-33.0891,-36.2676
220,146,-34.5014,-37.4689
222,146,-31.647,-37.9669
224,146,-30.3133,-39.2481
226,146,-30.7763,-40.6627
228,146,-32.698,-36.4717
230,146,-35.8109,-31.6105
232,146,-39.7755,-29.0843
234,146,-43.1747,-29.4951
236,146,-42.1904,-35.7297
238,146,-39.3518,-30.6089
240,146,-37.1645,-22.0439
242,146,-34.9072,-18.017
244,146,-32.7719,-16.4903
246,146,-31.7154,-17.1287
248,146,-31.8567,-20.3602
250,146,-32.2525,-28.3863
252,146,-31.3738,-42.061
254,146,-29.1323,-33.7961
256,146,-27.0162,-48.2821
258,146,-26.1982,-26.8711
260,146,-27.3271,-22.9696
262,146,-31.0537,-25.746
264,146,-37.3197,-34.001
266,146,-38.5069,-18.352
268,146,-40.5838,-13.6102
270,146,-57.9267,-12.3014
272,146,-39.3515,-13.718
274,146,-37.016,-18.7129
276,146,-37.7332,-36.9287
278,146,-32.8533,-24.5138
280,146,-28.5825,-22.1731
282,146,-26.8148,-26.0846
284,146,-26.9407,-44.6203
286,146,-28.432,-33.0366
288,146,-30.5824,-39.5297
290,146,-32.3191,-28.8759
292,146,-32.9135,-20.4632
294,146,-32.8854,-17.1897
296,146,-33.271,-16.5962
298,146,-34.615,-18.2173
300,146,-36.7289,-22.398
302,146,-39.0686,-31.333
304,146,-42.0385,-35.3668
306,146,-46.3486,-29.4365
308,146,-43.0419,-29.0772
310,146,-36.7566,-31.5139
312,146,-32.8584,-36.0237
314,146,-30.969,-39.8855
316,146,-31.0124,-39.5998
318,146,-33.389,-39.6465
320,146,-38.0136,-41.1172
322,146,-34.2057,-40.6483
324,146,-28.8509,-36.5737
326,146,-25.7972,-32.7609
328,146,-24.1933,-30.0981
330,146,-23.6106,-28.5079
332,146,-23.8608,-27.9037
334,146,-24.8689,-28.2509
336,146,-26.6155,-29.5695
338,146,-29.101,-31.9638
340,146,-32.2734,-35.736
342,146,-35.734,-41.9091
344,146,-38.1122,-58.6653
346,146,-38.3911,-47.5191
348,146,-37.9224,-41.8339
350,146,-37.8392,-39.3875
352,146,-38.4495,-38.3735
354,146,-39.806,-38.4257
356,146,-41.7209,-39.3694
358,146,-43.2755,-40.4279
360,146,-43.1795,-39.6264
0,148,-37.5337,-32.2454
2,148,-37.5428,-31.5453
4,148,-37.9213,-30.7411
6,148,-38.7764,-29.7835
8,148,-40.1746,-28.655
10,148,-41.9722,-27.4103
12,148,-43.4137,-26.1696
14,148,-42.9693,-25.0767
16,148,-40.0972,-24.2668
18,148,-36.277,-23.8614
20,148,-32.8629,-23.9804
22,148,-30.3886,-24.7552
24,148,-29.0266,-26.3298
26,148,-28.8764,-28.789
28,148,-30.0723,-31.734
30,148,-32.8282,-33.5148
32,148,-37.4263,-33.6989
34,148,-43.8613,-34.2873
36,148,-46.794,-35.9064
38,148,-41.3117,-36.7005
40,148,-37.0678,-34.7155
42,148,-33.8768,-31.8125
44,148,-30.202,-29.0961
46,148,-26.798,-26.9622
48,148,-24.8699,-25.7539
50,148,-24.909,-25.7616
52,148,-27.3285,-27.4877
54,148,-32.5168,-32.654
56,148,-33.9885,-43.5416
58,148,-29.8739,-29.6758
60,148,-26.9131,-25.3004
62,148,-25.1271,-24.1391
64,148,-25.1157,-25.337
66,148,-27.7148,-29.0699
68,148,-34.7375,-36.8373
70,148,-39.7036,-53.0312
72,148,-34.8587,-36.6719
74,148,-36.366,-30.8808
76,148,-42.5107,-27.6727
78,148,-42.5272,-26.6058
80,148,-41.5685,-27.8557
82,148,-45.3779,-33.0248
84,148,-52.6997,-45.8536
86,148,-58.9076,-29.9656
88,148,-51.2137,-25.6919
90,148,-45.4601,-24.6488
92,148,-45.7569,-26.0625
94,148,-58.054,-30.6513
96,148,-45.0977,-40.6795
98,148,-39.0847,-32.5364
100,148,-38.0232,-27.9811
102,148,-40.9484,-26.2799
104,148,-43.3334,-26.3107
106,148,-38.1359,-28.2066
108,148,-37.5234,-33.0592
110,148,-41.7375,-40.5936
112,148,-33.1493,-32.7173
114,148,-27.4433,-27.728
116,148,-25.2464,-24.9361
118,148,-25.3693,-23.8754
120,148,-27.1989,-24.8477
122,148,-30.4415,-28.9058
124,148,-34.9616,-44.0213
126,148,-32.0414,-32.9698
128,148,-27.0471,-27.4908
130,148,-24.8689,-26.0049
132,148,-24.8678,-26.4535
134,148,-26.5436,-28.2083
136,148,-29.324,-30.8126
138,148,-32.3941,-33.6574
140,148,-35.394,-36.4455
142,148,-38.7937,-39.7568
144,148,-42.3157,-42.2293
146,148,-40.1999,-40.309
148,148,-34.8581,-38.4457
150,148,-31.2119,-37.2312
152,148,-29.2748,-34.0748
154,148,-28.7434,-30.0503
156,148,-29.4025,-26.9567
158,148,-31.0614,-24.9831
160,148,-33.4326,-23.9452
162,148,-35.969,-23.6491
164,148,-37.8781,-23.9271
166,148,-38.5845,-24.6353
168,148,-38.1343,-25.6533
170,148,-37.1266,-26.8879
172,148,-36.1939,-28.2709
174,148,-35.638,-29.746
176,148,-35.5024,-31.2451
178,148,-35.7158,-32.6628
180,148,-36.174,-33.8438
182,148,-36.7762,-34.6199
184,148,-37.4334,-34.9137
186,148,-38.046,-34.8193
188,148,-38.4513,-34.5436
190,148,-38.3892,-34.2674
192,148,-37.632,-34.0394
194,148,-36.2286,-33.7261
196,148,-34.4637,-33.0817
198,148,-32.6138,-32.0143
200,148,-30.8729,-30.7525
202,148,-29.3932,-29.64
204,148,-28.3135,-28.9236
206,148,-27.7732,-28.737
208,148,-27.9423,-29.1544
210,148,-29.0907,-30.2405
212,148,-31.7521,-32.0855
214,148,-37.0137,-34.7601
216,148,-39.2413,-37.8328
218,148,-33.2912,-39.532
220,148,-30.2623,-39.9949
222,148,-29.4351,-41.9029
224,148,-30.2691,-42.1243
226,148,-32.5597,-35.9603
228,148,-36.1855,-31.5982
230,148,-40.8747,-29.6563
232,148,-44.2076,-30.356
234,148,-41.6552,-35.6013
236,148,-38.3457,-31.9607
238,148,-36.3218,-23.7087
240,148,-35.1895,-19.4729
242,148,-34.3778,-17.5352
244,148,-33.7772,-17.5013
246,148,-33.6352,-19.5589
248,148,-33.8003,-24.7522
250,148,-33.4685,-39.6012
252,148,-31.9897,-34.8454
254,148,-29.9154,-36.5189
256,148,-28.4058,-36.3038
258,148,-28.2933,-26.0132
260,148,-30.1538,-23.9426
262,148,-34.5773,-28.8422
264,148,-39.5577,-29.722
266,148,-39.2705,-18.3803
268,148,-42.5659,-14.2689
270,148,-56.4942,-13.1305
272,148,-40.1121,-14.4346
274,148,-37.9338,-18.8467
276,148,-40.0097,-31.9336
278,148,-36.8488,-27.3673
280,148,-31.6683,-23.2825
282,148,-29.1278,-25.5142
284,148,-28.5597,-35.3394
286,148,-29.4099,-35.741
288,148,-31.1264,-34.2955
290,148,-32.9164,-40.5609
292,148,-34.0256,-24.9208
294,148,-34.3784,-19.6996
296,148,-34.4448,-17.672
298,148,-34.6927,-17.7503
300,148,-35.3472,-19.7381
302,148,-36.6495,-24.0476
304,148,-39.2507,-32.5665
306,148,-44.1546,-35.734
308,148,-45.5793,-30.3404
310,148,-39.5061,-29.639
312,148,-35.1625,-31.6357
314,148,-32.2733,-36.2908
316,148,-30.6772,-43.8237
318,148,-30.4915,-42.8527
320,148,-32.0391,-40.6057
322,148,-36.1803,-41.543
324,148,-41.8567,-41.9644
326,148,-35.6479,-37.4345
328,148,-31.2423,-33.1085
330,148,-29.1018,-30.1993
332,148,-28.2752,-28.4141
334,148,-28.3449,-27.5309
336,148,-29.0926,-27.4117
338,148,-30.3744,-27.9444
340,148,-32.0639,-28.994
342,148,-34.0251,-30.3552
344,148,-36.101,-31.7362
346,148,-38.0696,-32.8483
348,148,-39.5417,-33.5682
350,148,-40.0779,-33.9375
352,148,-39.727,-34.014
354,148,-39.0052,-33.8255
356,148,-38.3142,-33.4205
358,148,-37.8075,-32.8743
360,148,-37.5337,-32.2454
0,150,-31.06,-27.3647
2,150,-31.5305,-26.3456
4,150,-32.5857,-25.5021
6,150,-34.2724,-24.8222
8,150,-36.6053,-24.3014
10,150,-39.4256,-23.9531
12,150,-42.0251,-23.8161
14,150,-42.8056,-23.9608
16,150,-40.9729,-24.4951
18,150,-38.1161,-25.5797
20,150,-35.696,-27.4682
22,150,-34.2406,-30.6335
24,150,-33.9085,-36.2658
26,150,-34.7796,-47.2236
28,150,-36.95,-39.8408
30,150,-40.6059,-36.0306
32,150,-44.5152,-35.4695
34,150,-40.1912,-36.5125
36,150,-34.5962,-37.0953
38,150,-30.9512,-35.2493
40,150,-28.779,-32.3053
42,150,-27.5012,-29.5669
44,150,-26.5441,-27.5664
46,150,-25.8467,-26.6686
48,150,-26.0538,-27.2469
50,150,-28.1117,-30.112
52,150,-33.4436,-39.2302
54,150,-36.8816,-35.5127
56,150,-31.2922,-27.1885
58,150,-29.2587,-23.633
60,150,-29.1136,-22.2598
62,150,-29.494,-22.6011
64,150,-30.7776,-24.7231
66,150,-34.8417,-29.1545
68,150,-42.5101,-37.8377
70,150,-36.346,-45.9025
72,150,-33.8776,-35.4549
74,150,-35.2337,-30.0495
76,150,-38.8874,-26.828
78,150,-41.819,-25.7585
80,150,-44.6965,-27.22
82,150,-51.9283,-33.5282
84,150,-52.4496,-38.294
86,150,-55.0545,-26.8841
88,150,-54.5356,-23.0695
90,150,-44.5937,-21.9883
92,150,-42.7114,-23.0139
94,150,-46.5965,-26.6415
96,150,-59.8056,-36.9061
98,150,-43.4555,-34.6646
100,150,-40.373,-27.3136
102,150,-40.6062,-25.0888
104,150,-39.2177,-25.212
106,150,-36.2064,-27.3539
108,150,-35.7629,-32.0222
110,150,-39.7655,-38.6947
112,150,-40.7346,-33.4447
114,150,-33.3657,-27.8718
116,150,-30.3213,-24.2387
118,150,-29.411,-22.1956
120,150,-29.2266,-21.7319
122,150,-29.7195,-22.9935
124,150,-32.4261,-26.5665
126,150,-39.3612,-35.3851
128,150,-33.4691,-39.0055
130,150,-28.3069,-30.0192
132,150,-26.366,-27.6674
134,150,-26.0653,-27.6464
136,150,-26.5001,-29.0326
138,150,-27.1962,-31.2111
140,150,-28.2619,-33.4506
142,150,-30.0658,-35.3172
144,150,-32.8622,-36.8073
146,150,-36.2611,-37.331
148,150,-37.1047,-36.8684
150,150,-34.6459,-37.0875
152,150,-32.5805,-39.8898
154,150,-31.7509,-48.4661
156,150,-32.1245,-38.5611
158,150,-33.6373,-31.9277
160,150,-36.2198,-28.27
162,150,-39.6041,-26.0808
164,150,-42.7569,-24.7986
166,150,-43.5482,-24.1231
168,150,-41.4148,-23.8599
170,150,-38.3348,-23.8788
172,150,-35.6548,-24.1028
174,150,-33.713,-24.4995
176,150,-32.5075,-25.0666
178,150,-31.9768,-25.8151
180,150,-32.0776,-26.7561
182,150,-32.8066,-27.8925
184,150,-34.2081,-29.2139
186,150,-36.3554,-30.6909
188,150,-39.1557,-32.2629
190,150,-41.4045,-33.7982
192,150,-40.9862,-34.9977
194,150,-39.4186,-35.3776
196,150,-38.5759,-34.7297
198,150,-38.8335,-33.522
200,150,-40.0602,-32.377
202,150,-41.3955,-31.6587
204,150,-41.3924,-31.5352
206,150,-40.9061,-32.1015
208,150,-42.2397,-33.4523
210,150,-49.3716,-35.7077
212,150,-46.2663,-38.8669
214,150,-36.8945,-41.9522
216,150,-32.626,-43.3552
218,150,-30.5929,-45.7281
220,150,-30.1046,-48.9732
222,150,-30.8757,-39.1944
224,150,-32.7035,-33.2803
226,150,-35.4582,-30.1629
228,150,-39.6442,-29.1438
230,150,-48.6441,-30.4833
232,150,-44.4673,-35.3334
234,150,-37.192,-31.9546
236,150,-33.8898,-24.734
238,150,-32.4101,-20.7398
240,150,-32.0359,-18.7723
242,150,-32.3761,-18.4727
244,150,-33.1612,-19.9371
246,150,-34.1278,-23.8018
248,150,-34.8585,-32.5818
250,150,-34.7692,-38.6588
252,150,-33.6075,-34.0391
254,150,-32.0602,-44.1812
256,150,-31.1737,-31.6874
258,150,-31.6835,-25.7581
260,150,-34.1299,-25.4087
262,150,-38.6553,-33.1158
264,150,-41.1165,-27.5763
266,150,-40.8073,-18.8267
268,150,-45.1503,-15.2857
270,150,-54.8025,-14.317
272,150,-41.4727,-15.5266
274,150,-39.1673,-19.4373
276,150,-41.3571,-29.5733
278,150,-41.8139,-31.2856
280,150,-35.9203,-24.9092
282,150,-32.5205,-25.5837
284,150,-31.2854,-31.5461
286,150,-31.5185,-41.509
288,150,-32.6321,-34.2505
290,150,-33.8675,-40.1226
292,150,-34.4854,-32.4379
294,150,-34.3094,-23.8574
296,150,-33.637,-20.1044
298,150,-32.8842,-18.707
300,150,-32.4587,-19.0521
302,150,-32.7566,-21.0655
304,150,-34.2558,-25.1732
306,150,-37.7152,-33.0532
308,150,-43.74,-36.4925
310,150,-41.3872,-30.701
312,150,-36.3938,-29.2855
314,150,-33.547,-30.3664
316,150,-31.7851,-33.7234
318,150,-30.7808,-40.6674
320,150,-30.6434,-66.2216
322,150,-31.654,-44.3696
324,150,-34.2906,-42.3338
326,150,-39.8293,-43.3776
328,150,-53.9247,-41.6932
330,150,-42.7142,-37.1038
332,150,-38.5274,-33.5959
334,150,-37.5521,-31.3747
336,150,-38.2442,-30.1528
338,150,-39.8889,-29.7275
340,150,-41.5677,-29.9533
342,150,-42.2562,-30.6904
344,150,-41.8832,-31.753
346,150,-40.747,-32.8483
348,150,-38.8737,-33.5565
350,150,-36.6298,-33.5001
352,150,-34.5398,-32.6597
354,150,-32.8845,-31.3551
356,150,-31.7468,-29.9235
358,150,-31.1378,-28.5649
360,150,-31.06,-27.3647
0,152,-30.4571,-29.9238
2,152,-31.4215,-28.6605
4,152,-33.0554,-27.8923
6,152,-35.4671,-27.5494
8,152,-38.8298,-27.5981
10,152,-43.4469,-28.0381
12,152,-49.8146,-28.9139
14,152,-53.8039,-30.3415
16,152,-48.8816,-32.5692
18,152,-45.0707,-36.1552
20,152,-42.9079,-42.7066
22,152,-42.0287,-49.7025
24,152,-41.9435,-41.2349
26,152,-41.365,-37.9105
28,152,-38.9049,-37.0987
30,152,-35.346,-37.8097
32,152,-31.875,-38.9608
34,152,-28.9637,-38.527
36,152,-26.8073,-36.1665
38,152,-25.5041,-33.3179
40,152,-25.0834,-30.7952
42,152,-25.5002,-29.1025
44,152,-26.6591,-28.6811
46,152,-28.6251,-30.1566
48,152,-32.2081,-35.5493
50,152,-39.9767,-45.5482
52,152,-35.7008,-30.3523
54,152,-29.6944,-25.2411
56,152,-27.5384,-22.6735
58,152,-27.7796,-21.6102
60,152,-30.0259,-21.7967
62,152,-34.0542,-23.2743
64,152,-39.5247,-26.3128
66,152,-45.8602,-31.526
68,152,-40.8195,-39.8386
70,152,-36.119,-39.455
72,152,-34.7244,-32.7164
74,152,-35.7416,-28.0003
76,152,-38.5883,-25.3138
78,152,-42.6232,-24.7423
80,152,-48.0922,-26.9166
82,152,-51.4604,-35.7429
84,152,-47.6674,-31.2526
86,152,-47.7813,-23.2461
88,152,-49.9736,-19.9485
90,152,-45.9652,-18.8885
92,152,-43.3822,-19.6255
94,152,-44.3964,-22.4502
96,152,-49.2243,-29.2499
98,152,-51.7776,-40.147
100,152,-48.2089,-27.2521
102,152,-44.1858,-24.0917
104,152,-39.3041,-23.8718
106,152,-36.347,-25.7938
108,152,-35.9649,-29.9791
110,152,-38.679,-36.4361
112,152,-45.3522,-36.2752
114,152,-42.1992,-30.6544
116,152,-36.8628,-26.148
118,152,-32.8497,-23.0705
120,152,-29.6166,-21.4148
122,152,-27.8845,-21.114
124,152,-28.0719,-22.2006
126,152,-30.702,-24.9696
128,152,-37.7814,-30.5406
130,152,-42.1441,-48.3993
132,152,-33.2274,-35.6985
134,152,-29.5002,-31.1264
136,152,-27.2981,-30.244
138,152,-25.9097,-31.0392
140,152,-25.3038,-32.5969
142,152,-25.5249,-34.1081
144,152,-26.5716,-35.2364
146,152,-28.4237,-36.1008
148,152,-31.049,-36.4232
150,152,-34.2284,-35.9074
152,152,-36.9538,-35.2197
154,152,-37.9377,-35.223
156,152,-38.2057,-36.4325
158,152,-39.1654,-39.1288
160,152,-40.9132,-41.4999
162,152,-42.0147,-38.4264
164,152,-41.1249,-34.5083
166,152,-39.746,-31.7926
168,152,-38.8748,-29.9848
170,152,-38.2348,-28.798
172,152,-37.2353,-28.0738
174,152,-35.8125,-27.7425
176,152,-34.434,-27.79
178,152,-33.4919,-28.2358
180,152,-33.1627,-29.1233
182,152,-33.5321,-30.5241
184,152,-34.6962,-32.5625
186,152,-36.8383,-35.4881
188,152,-40.3684,-39.9237
190,152,-46.4586,-48.0035
192,152,-62.7429,-50.0738
194,152,-53.2745,-42.2715
196,152,-49.3408,-38.6817
198,152,-48.7602,-36.8311
200,152,-47.6066,-36.0815
202,152,-45.3517,-36.2642
204,152,-44.317,-37.3935
206,152,-46.0199,-39.6152
208,152,-50.6146,-43.2263
210,152,-43.0491,-48.5419
212,152,-36.7499,-54.0559
214,152,-33.1287,-53.0673
216,152,-31.1033,-44.768
218,152,-30.1945,-37.8451
220,152,-30.1324,-33.1014
222,152,-30.7925,-30.077
224,152,-32.316,-28.5784
226,152,-35.4237,-28.7184
228,152,-43.0146,-31.1126
230,152,-44.7013,-36.2032
232,152,-35.1277,-30.9669
234,152,-31.2805,-24.9067
236,152,-29.5775,-21.518
238,152,-29.1888,-19.8683
240,152,-29.7493,-19.6736
242,152,-30.9936,-21.0105
244,152,-32.6105,-24.3593
246,152,-34.1726,-31.2094
248,152,-35.2134,-38.5346
250,152,-35.3993,-33.8112
252,152,-34.7461,-37.0118
254,152,-33.8612,-40.8107
256,152,-33.5795,-29.2385
258,152,-34.5382,-25.9899
260,152,-37.1763,-27.2422
262,152,-41.0087,-37.6952
264,152,-42.068,-26.6416
266,152,-41.9506,-19.6221
268,152,-45.8689,-16.5749
270,152,-56.9046,-15.7571
272,152,-43.4845,-16.8707
274,152,-40.2978,-20.3205
276,152,-41.4093,-28.4128
278,152,-44.3329,-36.6132
280,152,-39.6254,-26.9929
282,152,-35.3033,-26.1814
284,152,-33.3295,-29.6867
286,152,-32.9111,-40.9264
288,152,-33.4067,-37.7837
290,152,-34.1419,-35.5003
292,152,-34.4981,-41.8839
294,152,-34.1713,-30.669
296,152,-33.1692,-24.2199
298,152,-31.8026,-21.0811
300,152,-30.5618,-19.8592
302,152,-29.8636,-20.1316
304,152,-30.0132,-21.8647
306,152,-31.3137,-25.4338
308,152,-34.2408,-32.325
310,152,-39.4789,-39.4987
312,152,-40.9348,-31.707
314,152,-35.8039,-29.054
316,152,-32.6353,-28.902
318,152,-30.9018,-30.453
320,152,-30.0725,-33.5477
322,152,-30.0073,-38.1053
324,152,-30.7875,-42.4257
326,152,-32.6456,-43.1536
328,152,-36.0639,-43.4874
330,152,-42.4726,-45.0917
332,152,-60.4982,-44.6163
334,152,-45.1573,-40.8974
336,152,-41.2241,-37.7544
338,152,-40.1304,-35.8231
340,152,-40.211,-34.9023
342,152,-40.5177,-34.8407
344,152,-40.0722,-35.6091
346,152,-38.4446,-37.3527
348,152,-36.2121,-40.5674
350,152,-34.0557,-46.2215
352,152,-32.2938,-45.2633
354,152,-31.0295,-38.6996
356,152,-30.2918,-34.5559
358,152,-30.0939,-31.8081
360,152,-30.4571,-29.9238
0,154,-33.6115,-40.9665
2,154,-34.5713,-40.0266
4,154,-36.0835,-39.7515
6,154,-38.1526,-40.2401
8,154,-40.6099,-41.5968
10,154,-42.603,-43.9983
12,154,-42.6195,-47.4552
14,154,-41.0498,-49.2201
16,154,-39.3431,-46.1246
18,154,-37.9871,-42.8621
20,154,-36.9151,-40.6891
22,154,-35.8645,-39.3998
24,154,-34.5555,-38.722
26,154,-32.8815,-38.3217
28,154,-30.9546,-37.8267
30,154,-28.9886,-37.0506
32,154,-27.2112,-36.0379
34,154,-25.8368,-34.7864
36,154,-25.0536,-33.2943
38,154,-25.0252,-31.9028
40,154,-25.9116,-31.2311
42,154,-27.9158,-32.0386
44,154,-31.4162,-35.9531
46,154,-37.3629,-62.3154
48,154,-40.9755,-33.2696
50,154,-34.1215,-26.9767
52,154,-30.0181,-23.7291
54,154,-28.0269,-22.0739
56,154,-27.7226,-21.5667
58,154,-29.0996,-22.0523
60,154,-32.4512,-23.529
62,154,-38.6946,-26.1195
64,154,-51.1536,-30.0339
66,154,-47.252,-35.07
68,154,-42.3235,-37.0747
70,154,-39.5473,-33.1208
72,154,-38.3839,-28.7299
74,154,-38.9306,-25.5933
76,154,-41.0331,-24.0632
78,154,-44.4832,-24.4876
80,154,-48.5316,-28.0897
82,154,-47.8297,-41.9788
84,154,-44.754,-26.6351
86,154,-43.9337,-20.5843
88,154,-45.6927,-17.778
90,154,-49.0451,-16.8086
92,154,-48.4828,-17.3759
94,154,-46.2257,-19.6606
96,154,-45.8834,-24.6766
98,154,-47.9795,-37.7069
100,154,-56.1264,-28.719
102,154,-51.6665,-23.9907
104,154,-43.2226,-22.9197
106,154,-39.9452,-23.9732
108,154,-39.4862,-26.8914
110,154,-41.439,-31.7156
112,154,-45.4541,-36.9133
114,154,-49.2317,-35.4948
116,154,-43.478,-30.6347
118,154,-36.0359,-26.4211
120,154,-31.3123,-23.4801
122,154,-28.7464,-21.7908
124,154,-27.9483,-21.264
126,154,-28.7601,-21.8886
128,154,-31.22,-23.7886
130,154,-35.8011,-27.3597
132,154,-44.6403,-33.9341
134,154,-39.831,-60.2063
136,154,-32.7474,-38.4244
138,154,-28.8337,-34.7207
140,154,-26.5912,-33.9998
142,154,-25.5248,-34.2169
144,154,-25.3782,-34.4163
146,154,-25.978,-34.3864
148,154,-27.1915,-34.4074
150,154,-28.9094,-34.6761
152,154,-31.027,-35.1507
154,154,-33.4169,-35.6762
156,154,-35.9369,-36.1693
158,154,-38.562,-36.7279
160,154,-41.5732,-37.5739
162,154,-45.4284,-38.9576
164,154,-48.5735,-41.1603
166,154,-46.1863,-44.6034
168,154,-42.8118,-49.6438
170,154,-40.4859,-50.7439
172,154,-38.8862,-46.2573
174,154,-37.7077,-43.1869
176,154,-36.837,-41.4443
178,154,-36.3001,-40.5519
180,154,-36.1791,-40.1802
182,154,-36.5576,-40.0341
184,154,-37.5028,-39.8468
186,154,-39.0583,-39.4825
188,154,-41.2156,-39.0019
190,154,-43.8184,-38.5777
192,154,-46.3683,-38.3855
194,154,-48.0195,-38.5862
196,154,-48.3745,-39.3734
198,154,-48.0429,-41.0667
200,154,-47.9335,-44.3832
202,154,-48.1582,-52.07
204,154,-46.1969,-55.0658
206,154,-41.4846,-44.5834
208,154,-37.1323,-40.0296
210,154,-33.8925,-37.1267
212,154,-31.6509,-34.8178
214,154,-30.2458,-32.6738
216,154,-29.5638,-30.6784
218,154,-29.5618,-29.0717
220,154,-30.3171,-28.161
222,154,-32.1423,-28.293
224,154,-35.9437,-30.0383
226,154,-44.3241,-34.7512
228,154,-38.8682,-36.7214
230,154,-32.4768,-28.6645
232,154,-29.3487,-24.0938
234,154,-27.915,-21.6002
236,154,-27.6602,-20.538
238,154,-28.3345,-20.7492
240,154,-29.7138,-22.3521
242,154,-31.4377,-25.8158
244,154,-32.9433,-32.3001
246,154,-33.7772,-36.8135
248,154,-33.9354,-33.0556
250,154,-33.5922,-34.3026
252,154,-33.0051,-48.8112
254,154,-32.6432,-33.9167
256,154,-33.03,-27.9487
258,154,-34.6317,-26.5983
260,154,-37.8422,-29.3024
262,154,-41.7159,-38.8251
264,154,-41.6376,-26.482
266,154,-40.971,-20.6641
268,154,-43.9031,-18.0176
270,154,-59.9473,-17.3102
272,154,-45.4369,-18.3052
274,154,-40.6228,-21.3044
276,154,-40.5891,-27.8212
278,154,-43.5976,-41.7399
280,154,-41.2415,-29.468
282,154,-36.0784,-27.1572
284,154,-33.2308,-28.7924
286,154,-32.0372,-35.071
288,154,-31.8822,-50.8961
290,154,-32.2773,-36.0906
292,154,-32.8268,-35.8392
294,154,-33.2533,-40.2239
296,154,-33.2484,-31.2545
298,154,-32.4748,-25.3169
300,154,-31.0809,-22.1984
302,154,-29.6725,-20.7894
304,154,-28.7399,-20.7072
306,154,-28.5433,-21.8848
308,154,-29.2562,-24.5432
310,154,-31.1008,-29.5564
312,154,-34.4931,-41.0499
314,154,-39.7674,-35.8699
316,154,-40.1932,-30.3898
318,154,-35.6299,-28.6085
320,154,-32.7761,-28.5207
322,154,-31.2521,-29.4966
324,154,-30.6547,-31.1641
326,154,-30.8544,-33.1522
328,154,-31.8696,-35.0921
330,154,-33.817,-36.8633
332,154,-36.9234,-38.735
334,154,-41.5003,-41.1145
336,154,-46.1606,-44.0994
338,154,-44.807,-46.2135
340,154,-42.0858,-45.0968
342,154,-40.433,-42.9279
344,154,-39.3221,-41.402
346,154,-38.2593,-40.6559
348,154,-37.0448,-40.5982
350,154,-35.759,-41.1506
352,154,-34.5942,-42.1729
354,154,-33.7138,-43.2063
356,154,-33.2198,-43.3462
358,154,-33.1724,-42.3112
360,154,-33.6115,-40.9665
0,156,-36.1485,-54.4584
2,156,-35.4652,-52.5047
4,156,-34.8038,-49.9599
6,156,-34.1607,-47.4654
8,156,-33.5587,-45.1183
10,156,-33.042,-42.8748
12,156,-32.6604,-40.7096
14,156,-32.4499,-38.6573
16,156,-32.412,-36.7914
18,156,-32.491,-35.1889
20,156,-32.5566,-33.908
22,156,-32.42,-32.9855
24,156,-31.9172,-32.4396
26,156,-31.0207,-32.2695
28,156,-29.8706,-32.4403
30,156,-28.7092,-32.8474
32,156,-27.8009,-33.2984
34,156,-27.3923,-33.6564
36,156,-27.7195,-34.1764
38,156,-29.0612,-35.735
40,156,-31.8801,-40.6712
42,156,-37.3318,-47.7421
44,156,-48.6638,-33.6243
46,156,-40.8166,-27.729
48,156,-36.2859,-24.2838
50,156,-34.1962,-22.2695
52,156,-32.9251,-21.3398
54,156,-32.3239,-21.3532
56,156,-32.7656,-22.2631
58,156,-34.698,-24.0841
60,156,-38.7548,-26.8652
62,156,-46.2986,-30.5402
64,156,-51.5214,-34.0193
66,156,-48.1599,-34.1598
68,156,-48.7597,-31.4165
70,156,-49.8385,-28.2938
72,156,-48.6677,-25.7365
74,156,-47.989,-24.1774
76,156,-48.7756,-23.9655
78,156,-50.3625,-25.7573
80,156,-49.9571,-32.1384
82,156,-46.5947,-35.0941
84,156,-43.8995,-23.8412
86,156,-43.0771,-19.2058
88,156,-44.4949,-16.8738
90,156,-49.343,-16.034
92,156,-69.8613,-16.4909
94,156,-51.5844,-18.3639
96,156,-47.2633,-22.2531
98,156,-46.5614,-30.5886
100,156,-47.986,-32.7633
102,156,-50.8721,-25.382
104,156,-53.1176,-23.0419
106,156,-53.4361,-22.9348
108,156,-52.3161,-24.4119
110,156,-48.2764,-27.3066
112,156,-45.3323,-31.5147
114,156,-45.5662,-36.1582
116,156,-48.8056,-36.5271
118,156,-42.4214,-31.7641
120,156,-36.379,-27.2684
122,156,-33.2872,-24.0799
124,156,-32.2138,-22.1162
126,156,-32.6912,-21.2429
128,156,-34.1975,-21.3839
130,156,-35.8232,-22.5304
132,156,-37.3723,-24.7581
134,156,-40.9703,-28.2961
136,156,-62.7947,-33.7953
138,156,-39.6164,-43.8556
140,156,-33.0573,-46.1907
142,156,-29.8417,-39.481
144,156,-28.2551,-36.7756
146,156,-27.7183,-35.041
148,156,-27.9148,-33.6315
150,156,-28.6061,-32.5207
152,156,-29.5708,-31.7879
154,156,-30.5896,-31.4763
156,156,-31.4683,-31.59
158,156,-32.096,-32.1103
160,156,-32.4926,-33.0024
162,156,-32.7796,-34.2149
164,156,-33.0961,-35.6808
166,156,-33.5367,-37.3242
168,156,-34.1366,-39.0809
170,156,-34.8808,-40.9273
172,156,-35.7209,-42.8933
174,156,-36.5967,-45.0417
176,156,-37.4646,-47.4103
178,156,-38.3217,-49.9211
180,156,-39.2039,-52.2962
182,156,-40.1556,-54.1775
184,156,-41.187,-55.3933
186,156,-42.2385,-55.3723
188,156,-43.1669,-53.0028
190,156,-43.7745,-49.196
192,156,-43.9007,-45.4102
194,156,-43.5268,-42.0726
196,156,-42.7644,-39.209
198,156,-41.7152,-36.7821
200,156,-40.3781,-34.756
202,156,-38.7374,-33.0962
204,156,-36.9147,-31.7615
206,156,-35.147,-30.6977
208,156,-33.6501,-29.841
210,156,-32.5564,-29.1352
212,156,-31.9371,-28.5706
214,156,-31.848,-28.2261
216,156,-32.3805,-28.2969
218,156,-33.717,-29.1304
220,156,-36.149,-31.4064
222,156,-39.2148,-37.13
224,156,-37.942,-40.7508
226,156,-33.6981,-30.4406
228,156,-30.5979,-25.4643
230,156,-28.7687,-22.6431
232,156,-27.9834,-21.1705
234,156,-28.0984,-20.8119
236,156,-28.9901,-21.5713
238,156,-30.4238,-23.6659
240,156,-31.8698,-27.7015
242,156,-32.6428,-34.9771
244,156,-32.6587,-36.0005
246,156,-32.354,-32.0966
248,156,-31.9343,-32.5753
250,156,-31.442,-39.4588
252,156,-31.095,-40.3629
254,156,-31.2714,-30.4232
256,156,-32.3653,-27.3034
258,156,-34.783,-27.4153
260,156,-38.773,-31.4849
262,156,-41.5943,-37.5227
264,156,-39.9131,-26.6421
266,156,-39.3823,-21.679
268,156,-42.2397,-19.3426
270,156,-54.3091,-18.6996
272,156,-46.0081,-19.551
274,156,-40.3259,-22.1155
276,156,-39.6163,-27.4119
278,156,-42.4055,-39.9434
280,156,-43.4417,-32.2337
282,156,-37.4088,-28.2787
284,156,-33.4975,-28.3375
286,156,-31.4652,-31.627
288,156,-30.6034,-41.522
290,156,-30.471,-40.9205
292,156,-30.7734,-34.7225
294,156,-31.3565,-35.2858
296,156,-32.163,-41.0555
298,156,-33.0177,-33.285
300,156,-33.3347,-26.7525
302,156,-32.5294,-23.24
304,156,-31.0405,-21.4213
306,156,-29.7044,-20.8337
308,156,-28.9544,-21.3253
310,156,-28.9479,-22.9353
312,156,-29.7748,-25.958
314,156,-31.5612,-31.4198
316,156,-34.5484,-46.2503
318,156,-39.0848,-36.9096
320,156,-43.0782,-31.2837
322,156,-40.2852,-29.1546
324,156,-37.1315,-28.4346
326,156,-35.3838,-28.4694
328,156,-34.6772,-28.924
330,156,-34.7944,-29.5992
332,156,-35.6317,-30.3961
334,156,-37.091,-31.2958
336,156,-38.9416,-32.3244
338,156,-40.6425,-33.513
340,156,-41.5161,-34.8765
342,156,-41.5343,-36.4123
344,156,-41.2209,-38.115
346,156,-40.8727,-39.9932
348,156,-40.4796,-42.0756
350,156,-39.9499,-44.3986
352,156,-39.2584,-46.9785
354,156,-38.4637,-49.7645
356,156,-37.6496,-52.5234
358,156,-36.8725,-54.5062
360,156,-36.1485,-54.4584
0,158,-30.1053,-31.6359
2,158,-29.7054,-31.6419
4,158,-29.4493,-31.5286
6,158,-29.3595,-31.2855
8,158,-29.4584,-30.9227
10,158,-29.7664,-30.4755
12,158,-30.2974,-30.0022
14,158,-31.0491,-29.5742
16,158,-31.9865,-29.2655
18,158,-33.0178,-29.1451
20,158,-33.975,-29.2746
22,158,-34.6334,-29.7071
24,158,-34.8178,-30.487
26,158,-34.5518,-31.6477
28,158,-34.0971,-33.2122
30,158,-33.8474,-35.2276
32,158,-34.2408,-37.9275
34,158,-35.8423,-42.1118
36,158,-39.8482,-44.8095
38,158,-50.1943,-37.2459
40,158,-41.0524,-31.3446
42,158,-35.1277,-27.2511
44,158,-32.5322,-24.347
46,158,-31.8188,-22.3703
48,158,-32.6444,-21.2057
50,158,-35.0103,-20.8098
52,158,-38.9275,-21.1854
54,158,-42.7578,-22.3767
56,158,-43.1002,-24.4725
58,158,-43.2563,-27.5851
60,158,-45.4214,-31.5344
62,158,-48.2251,-34.057
64,158,-46.9771,-32.5614
66,158,-44.7768,-29.9618
68,158,-44.0138,-27.6062
70,158,-44.5146,-25.7047
72,158,-46.0683,-24.4837
74,158,-48.8851,-24.2207
76,158,-54.2209,-25.3598
78,158,-61.1053,-29.1222
80,158,-51.578,-44.9867
82,158,-46.5683,-29.3091
84,158,-44.1064,-22.3964
86,158,-43.3924,-18.8684
88,158,-44.3259,-16.9879
90,158,-47.2503,-16.2933
92,158,-53.5321,-16.6641
94,158,-60.3106,-18.1814
96,158,-52.4348,-21.2136
98,158,-49.1519,-26.99
100,158,-47.9147,-38.3248
102,158,-47.521,-28.7534
104,158,-47.0149,-24.5384
106,158,-45.4663,-23.156
108,158,-43.1149,-23.3623
110,158,-41.0757,-24.7716
112,158,-40.1283,-27.2009
114,158,-40.8168,-30.4575
116,158,-43.9838,-34.2972
118,158,-49.6598,-36.8598
120,158,-45.1299,-32.8584
122,158,-41.2752,-27.9132
124,158,-40.8136,-24.4737
126,158,-42.5193,-22.3214
128,158,-40.6382,-21.2077
130,158,-35.9196,-20.9792
132,158,-32.931,-21.5452
134,158,-31.7277,-22.8573
136,158,-32.1299,-24.9026
138,158,-34.2893,-27.7114
140,158,-38.977,-31.3933
142,158,-45.5024,-36.2453
144,158,-39.9631,-42.7673
146,158,-35.8998,-45.24
148,158,-34.0659,-40.248
150,158,-33.412,-36.547
152,158,-33.3832,-33.9519
154,158,-33.5721,-32.0601
156,158,-33.645,-30.7003
158,158,-33.3934,-29.7804
160,158,-32.794,-29.2313
162,158,-31.9747,-28.9886
164,158,-31.1105,-28.9863
166,158,-30.3429,-29.1548
168,158,-29.7574,-29.4238
170,158,-29.3929,-29.7287
172,158,-29.2592,-30.0192
174,158,-29.3494,-30.2646
176,158,-29.6483,-30.453
178,158,-30.1366,-30.5847
180,158,-30.7917,-30.6633
182,158,-31.5876,-30.6897
184,158,-32.4921,-30.6601
186,158,-33.4641,-30.5663
188,158,-34.4531,-30.3995
190,158,-35.4056,-30.1559
192,158,-36.2829,-29.8427
194,158,-37.0791,-29.4818
196,158,-37.8223,-29.1087
198,158,-38.5431,-28.7655
200,158,-39.225,-28.4931
202,158,-39.7718,-28.3246
204,158,-40.0448,-28.2846
206,158,-39.9799,-28.397
208,158,-39.6547,-28.7039
210,158,-39.1975,-29.3006
212,158,-38.6572,-30.3961
214,158,-37.9579,-32.4579
216,158,-36.9628,-36.8314
218,158,-35.6234,-56.5971
220,158,-34.0776,-36.5854
222,158,-32.5693,-29.488
224,158,-31.3221,-25.5316
226,158,-30.4944,-23.0516
228,158,-30.1942,-21.5987
230,158,-30.4948,-21.0295
232,158,-31.4148,-21.3437
234,158,-32.7927,-22.6679
236,158,-33.9903,-25.3369
238,158,-34.0742,-30.218
240,158,-33.2038,-38.7999
242,158,-32.2747,-35.2058
244,158,-31.6458,-31.5735
246,158,-31.2227,-31.8303
248,158,-30.8528,-36.641
250,158,-30.5902,-49.268
252,158,-30.6993,-32.6756
254,158,-31.506,-28.2044
256,158,-33.3399,-26.9579
258,158,-36.5019,-28.3778
260,158,-40.2257,-34.2375
262,158,-40.2046,-35.5771
264,158,-38.4922,-26.2984
266,158,-38.6835,-22.0436
268,158,-41.8585,-19.976
270,158,-51.919,-19.3761
272,158,-46.2849,-20.078
274,158,-40.5309,-22.2388
276,158,-39.356,-26.5689
278,158,-41.4361,-36.183
280,158,-46.194,-35.7871
282,158,-41.1258,-29.4167
284,158,-35.7046,-27.9631
286,158,-32.6884,-29.2174
288,158,-31.0484,-33.5896
290,158,-30.2554,-46.7897
292,158,-30.0129,-38.7598
294,158,-30.174,-34.2141
296,158,-30.7279,-34.8244
298,158,-31.7757,-41.7252
300,158,-33.4657,-37.0483
302,158,-35.739,-28.7899
304,158,-37.2419,-24.6084
306,158,-35.8277,-22.2795
308,158,-33.329,-21.1546
310,158,-31.4789,-20.9813
312,158,-30.5125,-21.6711
314,158,-30.3702,-23.2481
316,158,-30.9922,-25.8833
318,158,-32.3517,-30.0952
320,158,-34.4541,-37.9277
322,158,-37.3296,-48.9675
324,158,-40.9446,-35.9129
326,158,-44.5706,-31.999
328,158,-45.6718,-30.1057
330,158,-44.2223,-29.1094
332,158,-42.5938,-28.5984
334,158,-41.294,-28.3816
336,158,-40.1436,-28.3641
338,158,-38.9887,-28.4957
340,158,-37.8274,-28.7415
342,158,-36.7348,-29.0679
344,158,-35.7628,-29.4395
346,158,-34.9077,-29.8229
348,158,-34.1292,-30.193
350,158,-33.3835,-30.5358
352,158,-32.6478,-30.8459
354,158,-31.9264,-31.1206
356,158,-31.2426,-31.3536
358,158,-30.6261,-31.5319
360,158,-30.1053,-31.6359
0,160,-28.3294,-28.8405
2,160,-28.4061,-28.8116
4,160,-28.7045,-28.8117
6,160,-29.2442,-28.8534
8,160,-30.0483,-28.9557
10,160,-31.1406,-29.1459
12,160,-32.5412,-29.4613
14,160,-34.255,-29.9486
16,160,-36.2522,-30.664
18,160,-38.4343,-31.6735
20,160,-40.5981,-33.0554
22,160,-42.4452,-34.9013
24,160,-43.7039,-37.2918
26,160,-44.2798,-40.0512
28,160,-44.1086,-41.5344
30,160,-42.7564,-39.4009
32,160,-39.9959,-35.7488
34,160,-36.6706,-32.283
36,160,-33.6522,-29.2592
38,160,-31.2911,-26.6983
40,160,-29.6822,-24.6126
42,160,-28.8579,-23.0195
44,160,-28.8593,-21.9407
46,160,-29.7719,-21.4053
48,160,-31.7712,-21.4543
50,160,-35.2394,-22.1486
52,160,-41.2021,-23.5792
54,160,-53.3714,-25.8762
56,160,-48.7316,-29.1498
58,160,-45.661,-32.8154
60,160,-46.5733,-33.6894
62,160,-47.4645,-31.5344
64,160,-44.2131,-29.29
66,160,-40.9592,-27.4278
68,160,-39.1604,-25.9288
70,160,-38.6542,-24.9344
72,160,-39.363,-24.6851
74,160,-41.499,-25.5287
76,160,-45.952,-28.2229
78,160,-57.2098,-36.0467
80,160,-51.1244,-36.6207
82,160,-44.9703,-26.0829
84,160,-42.7122,-21.4449
86,160,-42.4367,-18.7797
88,160,-43.8317,-17.302
90,160,-47.2854,-16.749
92,160,-54.8374,-17.0487
94,160,-61.2653,-18.2584
96,160,-52.4636,-20.6105
98,160,-50.4021,-24.7714
100,160,-50.5871,-33.2995
102,160,-48.9267,-35.1376
104,160,-44.6081,-27.3823
106,160,-40.908,-24.51
108,160,-38.4259,-23.6112
110,160,-37.0506,-23.9495
112,160,-36.741,-25.2097
114,160,-37.6097,-27.1502
116,160,-39.9944,-29.5481
118,160,-44.7084,-32.3872
120,160,-52.648,-35.3106
122,160,-51.7534,-33.9652
124,160,-51.7169,-29.4281
126,160,-51.8705,-25.8997
128,160,-41.6656,-23.5937
130,160,-35.6817,-22.2504
132,160,-32.0792,-21.6804
134,160,-29.9647,-21.7564
136,160,-28.9623,-22.3873
138,160,-28.8899,-23.5019
140,160,-29.6575,-25.0403
142,160,-31.2243,-26.9514
144,160,-33.5682,-29.1986
146,160,-36.6232,-31.7857
148,160,-40.0904,-34.824
150,160,-43.0859,-38.683
152,160,-44.5928,-44.2239
154,160,-44.8625,-47.7476
156,160,-44.4774,-41.7868
158,160,-43.4486,-37.4155
160,160,-41.7218,-34.5583
162,160,-39.5312,-32.5774
164,160,-37.2482,-31.1679
166,160,-35.1475,-30.1607
168,160,-33.3612,-29.4464
170,160,-31.9292,-28.947
172,160,-30.8465,-28.6048
174,160,-30.0909,-28.3782
176,160,-29.6351,-28.2384
178,160,-29.4525,-28.1669
180,160,-29.5196,-28.1516
182,160,-29.8174,-28.1842
184,160,-30.3322,-28.2573
186,160,-31.058,-28.3648
188,160,-32.0001,-28.5027
190,160,-33.1817,-28.6717
192,160,-34.6562,-28.8801
194,160,-36.5307,-29.145
196,160,-39.0234,-29.4921
198,160,-42.6472,-29.955
200,160,-49.132,-30.5762
202,160,-64.2633,-31.4164
204,160,-47.0902,-32.5774
206,160,-41.565,-34.2589
208,160,-38.2216,-36.8949
210,160,-35.8349,-41.3903
212,160,-34.0155,-43.7396
214,160,-32.6148,-36.7203
216,160,-31.5854,-31.5224
218,160,-30.9313,-27.9392
220,160,-30.6878,-25.3696
222,160,-30.9183,-23.5641
224,160,-31.7263,-22.4232
226,160,-33.2922,-21.9246
228,160,-35.9611,-22.1036
230,160,-40.3695,-23.0641
232,160,-44.5492,-25.0285
234,160,-40.1169,-28.4992
236,160,-36.0646,-34.8221
238,160,-33.7209,-40.7963
240,160,-32.4302,-34.1973
242,160,-31.7685,-31.7373
244,160,-31.4199,-32.4169
246,160,-31.1836,-37.2357
248,160,-31.0597,-51.4459
250,160,-31.2358,-33.5433
252,160,-31.9732,-28.6351
254,160,-33.5329,-26.7573
256,160,-36.114,-27.0321
258,160,-39.253,-30.0065
260,160,-40.1256,-39.4236
262,160,-38.5989,-31.8558
264,160,-37.8634,-24.8228
266,160,-38.9378,-21.3238
268,160,-42.7053,-19.5522
270,160,-53.6216,-19.0105
272,160,-47.6453,-19.5748
274,160,-41.7079,-21.353
276,160,-40.1639,-24.8137
278,160,-41.414,-31.7204
280,160,-46.1507,-44.0858
282,160,-47.7806,-31.207
284,160,-40.2391,-27.8886
286,160,-35.9722,-27.4725
288,160,-33.4924,-29.1887
290,160,-32.0019,-33.6652
292,160,-31.1245,-46.6227
294,160,-30.6794,-40.4069
296,160,-30.6206,-34.9746
298,160,-31.0093,-34.7157
300,160,-32.0045,-39.289
302,160,-33.9096,-46.9714
304,160,-37.4228,-32.8518
306,160,-45.1526,-27.4009
308,160,-48.0911,-24.3563
310,160,-38.2828,-22.6248
312,160,-34.1675,-21.8125
314,160,-31.9856,-21.738
316,160,-30.9017,-22.3135
318,160,-30.5924,-23.5082
320,160,-30.89,-25.3431
322,160,-31.6864,-27.9133
324,160,-32.9,-31.4658
326,160,-34.4697,-36.6312
328,160,-36.3704,-44.1193
330,160,-38.6528,-41.8254
332,160,-41.511,-36.9038
334,160,-45.3166,-34.0925
336,160,-49.1211,-32.3374
338,160,-46.4695,-31.1751
340,160,-41.8243,-30.3928
342,160,-38.3501,-29.8748
344,160,-35.7652,-29.5449
346,160,-33.7797,-29.344
348,160,-32.2253,-29.2231
350,160,-31.0007,-29.1432
352,160,-30.0427,-29.0779
354,160,-29.3123,-29.014
356,160,-28.7874,-28.9496
358,160,-28.4594,-28.8892
360,160,-28.3294,-28.8405
0,162,-34.407,-39.4691
2,162,-34.2923,-40.6815
4,162,-34.4828,-42.2894
6,162,-34.9312,-44.5351
8,162,-35.5775,-47.9766
10,162,-36.3343,-54.1208
12,162,-37.0804,-56.4793
14,162,-37.6767,-48.3908
16,162,-38.0119,-43.6192
18,162,-38.0459,-40.4139
20,162,-37.8081,-38.0249
22,162,-37.3607,-36.1123
24,162,-36.7627,-34.4677
26,162,-36.0461,-32.9395
28,162,-35.2064,-31.4269
30,162,-34.225,-29.8941
32,162,-33.1271,-28.3702
34,162,-32.0184,-26.9251
36,162,-31.0598,-25.639
38,162,-30.4154,-24.5853
40,162,-30.2275,-23.8274
42,162,-30.6263,-23.4227
44,162,-31.7601,-23.429
46,162,-33.8514,-23.9115
48,162,-37.3323,-24.9481
50,162,-43.336,-26.629
52,162,-54.8428,-29.0097
54,162,-48.4072,-31.8085
56,162,-45.3647,-33.5022
58,162,-46.1319,-32.6629
60,162,-48.4982,-30.8645
62,162,-45.7141,-29.2003
64,162,-41.2402,-27.7463
66,162,-38.4699,-26.5071
68,162,-37.157,-25.6322
70,162,-37.0749,-25.3561
72,162,-38.2488,-25.9879
74,162,-41.0725,-28.102
76,162,-47.1453,-33.5958
78,162,-65.8746,-46.8144
80,162,-46.702,-29.161
82,162,-42.3423,-23.4477
84,162,-40.955,-20.1563
86,162,-41.4751,-18.1199
88,162,-44.0404,-16.9595
90,162,-50.4295,-16.5257
92,162,-63.5066,-16.7775
94,162,-48.2569,-17.7552
96,162,-44.5417,-19.6047
98,162,-43.9276,-22.6907
100,162,-45.9108,-28.0801
102,162,-51.4281,-40.6231
104,162,-48.9868,-32.3644
106,162,-42.2729,-26.9975
108,162,-38.5904,-24.877
110,162,-36.6482,-24.2861
112,162,-35.9525,-24.6853
114,162,-36.364,-25.7862
116,162,-37.9425,-27.3486
118,162,-40.9499,-29.1796
120,162,-45.9236,-31.2426
122,162,-52.7744,-33.4519
124,162,-55.948,-34.3056
126,162,-65.2139,-32.0467
128,162,-50.3834,-28.9998
130,162,-41.6625,-26.6368
132,162,-36.703,-25.0604
134,162,-33.5559,-24.1453
136,162,-31.5855,-23.7685
138,162,-30.4911,-23.8293
140,162,-30.0953,-24.2428
142,162,-30.2692,-24.9327
144,162,-30.8951,-25.8264
146,162,-31.845,-26.8532
148,162,-32.9786,-27.9479
150,162,-34.1707,-29.0637
152,162,-35.3531,-30.1889
154,162,-36.5262,-31.3592
156,162,-37.7104,-32.6552
158,162,-38.8809,-34.194
160,162,-39.9366,-36.13
162,162,-40.7226,-38.6928
164,162,-41.0863,-42.323
166,162,-40.935,-48.2416
168,162,-40.2936,-60.1021
170,162,-39.3264,-50.1429
172,162,-38.2637,-44.857
174,162,-37.3014,-42.0771
176,162,-36.5656,-40.3949
178,162,-36.1282,-39.3333
180,162,-36.0347,-38.6696
182,162,-36.3281,-38.2801
184,162,-37.0705,-38.0887
186,162,-38.3743,-38.0459
188,162,-40.4705,-38.1165
190,162,-43.9306,-38.2692
192,162,-50.9007,-38.4645
194,162,-60.7243,-38.6432
196,162,-46.3735,-38.7207
198,162,-41.2295,-38.597
200,162,-38.0869,-38.1806
202,162,-35.8637,-37.4085
204,162,-34.1691,-36.2522
206,162,-32.8177,-34.7319
208,162,-31.718,-32.9386
210,162,-30.8351,-31.0242
212,162,-30.1737,-29.1518
214,162,-29.7655,-27.4553
216,162,-29.6606,-26.0302
218,162,-29.9244,-24.9446
220,162,-30.643,-24.2536
222,162,-31.939,-24.0141
224,162,-34.0043,-24.2998
226,162,-37.1357,-25.2232
228,162,-41.2887,-26.9795
230,162,-42.2006,-29.9585
232,162,-38.6426,-35.0772
234,162,-35.7968,-42.3343
236,162,-34.0578,-37.4864
238,162,-33.0741,-33.841
240,162,-32.5605,-33.1264
242,162,-32.3009,-35.1488
244,162,-32.1759,-43.1211
246,162,-32.2081,-42.1773
248,162,-32.5476,-32.3922
250,162,-33.407,-28.3324
252,162,-35.0074,-26.5173
254,162,-37.4717,-26.3973
256,162,-40.1109,-28.2362
258,162,-40.3263,-33.8268
260,162,-38.5787,-38.7978
262,162,-37.4703,-27.7882
264,162,-37.7239,-22.8372
266,162,-39.6834,-20.0904
268,162,-44.4594,-18.6373
270,162,-62.1974,-18.1763
272,162,-47.6363,-18.6269
274,162,-42.224,-20.0588
276,162,-40.6338,-22.7564
278,162,-41.3208,-27.5992
280,162,-44.5115,-39.423
282,162,-50.9677,-35.728
284,162,-46.3555,-29.0095
286,162,-40.5859,-26.9044
288,162,-37.3445,-26.855
290,162,-35.3572,-28.4633
292,162,-34.0497,-32.0948
294,162,-33.1377,-39.9259
296,162,-32.5129,-48.2695
298,162,-32.1941,-37.6793
300,162,-32.2797,-35.5139
302,162,-32.9188,-36.9337
304,162,-34.3287,-44.3516
306,162,-36.8716,-44.0044
308,162,-41.0049,-33.6199
310,162,-43.1632,-29.0081
312,162,-38.4494,-26.334
314,162,-34.5387,-24.7608
316,162,-32.0478,-23.9525
318,162,-30.5028,-23.7341
320,162,-29.6273,-23.9981
322,162,-29.2589,-24.6683
324,162,-29.2876,-25.6831
326,162,-29.6285,-26.9871
328,162,-30.2099,-28.5268
330,162,-30.9718,-30.2491
332,162,-31.8732,-32.0989
334,162,-32.9045,-34.0033
336,162,-34.1017,-35.8282
338,162,-35.5578,-37.3207
340,162,-37.4388,-38.1672
342,162,-40.0297,-38.2802
344,162,-43.8329,-37.9312
346,162,-48.8569,-37.4729
348,162,-47.4735,-37.1232
350,162,-42.6253,-36.9721
352,162,-39.3482,-37.0427
354,162,-37.1913,-37.3316
356,162,-35.7673,-37.8298
358,162,-34.8761,-38.5363
360,162,-34.407,-39.4691
0,164,-35.4051,-30.3117
2,164,-36.471,-30.1598
4,164,-37.4381,-30.0092
6,164,-38.1742,-29.8665
8,164,-38.5374,-29.7392
10,164,-38.4483,-29.6354
12,164,-37.9509,-29.5623
14,164,-37.1878,-29.5228
16,164,-36.3218,-29.5117
18,164,-35.4832,-29.5109
20,164,-34.7599,-29.4864
22,164,-34.2037,-29.3912
24,164,-33.8379,-29.1792
26,164,-33.6593,-28.8276
28,164,-33.6389,-28.3544
30,164,-33.728,-27.8166
32,164,-33.8788,-27.2914
34,164,-34.0811,-26.8559
36,164,-34.3929,-26.5778
38,164,-34.9422,-26.5149
40,164,-35.9091,-26.7189
42,164,-37.526,-27.2381
44,164,-40.1387,-28.1138
46,164,-44.4226,-29.3586
48,164,-51.8698,-30.8843
50,164,-52.9626,-32.3359
52,164,-47.8624,-33.0256
54,164,-46.2138,-32.6042
56,164,-46.5234,-31.5561
58,164,-46.8787,-30.3961
60,164,-44.6676,-29.2828
62,164,-41.4811,-28.2355
64,164,-39.1111,-27.3231
66,164,-37.7931,-26.7026
68,164,-37.4947,-26.5905
70,164,-38.2686,-27.2797
72,164,-40.3901,-29.3132
74,164,-44.7763,-34.3869
76,164,-56.4132,-53.9327
78,164,-50.2805,-31.0612
80,164,-43.7081,-24.884
82,164,-41.249,-21.2555
84,164,-40.8303,-18.8735
86,164,-42.2162,-17.3195
88,164,-46.1864,-16.4154
90,164,-57.6951,-16.0829
92,164,-49.572,-16.3006
94,164,-43.186,-17.0943
96,164,-40.5257,-18.5475
98,164,-39.7821,-20.8456
100,164,-40.6627,-24.4184
102,164,-43.5933,-30.558
104,164,-50.5685,-43.193
106,164,-50.6412,-32.5516
108,164,-42.9729,-27.9806
110,164,-39.3566,-26.076
112,164,-37.6247,-25.4691
114,164,-37.1259,-25.6777
116,164,-37.6329,-26.4376
118,164,-39.066,-27.5531
120,164,-41.3505,-28.8767
122,164,-44.1591,-30.3292
124,164,-46.6298,-31.8503
126,164,-48.4928,-33.1608
128,164,-51.4426,-33.5399
130,164,-55.3086,-32.5936
132,164,-48.5707,-31.0146
134,164,-42.7456,-29.5282
136,164,-39.0709,-28.391
138,164,-36.6552,-27.6253
140,164,-35.0528,-27.1845
142,164,-33.9944,-27.0081
144,164,-33.2847,-27.035
146,164,-32.7762,-27.2056
148,164,-32.3779,-27.4605
150,164,-32.0627,-27.7427
152,164,-31.8537,-28.0035
154,164,-31.7951,-28.2126
156,164,-31.9256,-28.3655
158,164,-32.2665,-28.4805
160,164,-32.8192,-28.5886
162,164,-33.566,-28.7203
164,164,-34.4702,-28.8973
166,164,-35.4758,-29.1286
168,164,-36.5063,-29.4116
170,164,-37.4674,-29.734
172,164,-38.2535,-30.0767
174,164,-38.7632,-30.4166
176,164,-38.9201,-30.73
178,164,-38.6968,-30.9956
180,164,-38.1284,-31.1966
182,164,-37.3014,-31.3231
184,164,-36.323,-31.3724
186,164,-35.2914,-31.3488
188,164,-34.2815,-31.2623
190,164,-33.3434,-31.1265
192,164,-32.5068,-30.9569
194,164,-31.7858,-30.7682
196,164,-31.1826,-30.5715
198,164,-30.6904,-30.3708
200,164,-30.2958,-30.1601
202,164,-29.9829,-29.9225
204,164,-29.7385,-29.6342
206,164,-29.559,-29.2768
208,164,-29.4558,-28.8531
210,164,-29.4579,-28.3986
212,164,-29.6097,-27.9804
214,164,-29.9675,-27.6847
216,164,-30.5951,-27.6058
218,164,-31.5614,-27.843
220,164,-32.9332,-28.5086
222,164,-34.7395,-29.751
224,164,-36.8202,-31.8019
226,164,-38.4254,-35.0784
228,164,-38.4204,-40.1748
230,164,-37.1501,-42.8914
232,164,-35.7612,-38.6844
234,164,-34.7124,-36.0972
236,164,-34.0292,-35.6254
238,164,-33.6236,-37.4665
240,164,-33.4115,-44.2813
242,164,-33.3683,-46.5616
244,164,-33.5537,-35.0901
246,164,-34.1034,-30.2522
248,164,-35.2093,-27.5904
250,164,-37.1082,-26.323
252,164,-39.9688,-26.3071
254,164,-42.6901,-27.7982
256,164,-41.6244,-31.9053
258,164,-38.9261,-41.5732
260,164,-37.2484,-30.8936
262,164,-36.8517,-24.7049
264,164,-37.7968,-21.2324
266,164,-40.4878,-19.1405
268,164,-46.6465,-17.9959
270,164,-60.434,-17.6301
272,164,-44.8086,-17.9964
274,164,-40.4699,-19.1393
276,164,-38.8769,-21.2257
278,164,-38.9929,-24.694
280,164,-40.7345,-30.9973
282,164,-44.5869,-74.5811
284,164,-49.4666,-32.8259
286,164,-45.0475,-28.2224
288,164,-40.563,-26.5909
290,164,-37.9929,-26.5269
292,164,-36.5304,-27.717
294,164,-35.7039,-30.2519
296,164,-35.2074,-34.7283
298,164,-34.8542,-43.2842
300,164,-34.5987,-44.476
302,164,-34.5241,-38.5942
304,164,-34.7801,-37.0711
306,164,-35.5319,-38.2474
308,164,-36.9329,-43.1189
310,164,-38.9903,-61.7177
312,164,-40.7217,-40.1899
314,164,-39.6331,-34.4712
316,164,-36.7176,-31.3345
318,164,-34.1015,-29.4354
320,164,-32.1553,-28.306
322,164,-30.7844,-27.7107
324,164,-29.8646,-27.4991
326,164,-29.2925,-27.557
328,164,-28.9818,-27.7889
330,164,-28.856,-28.1145
332,164,-28.8475,-28.474
334,164,-28.9008,-28.8316
336,164,-28.9796,-29.1743
338,164,-29.0709,-29.5024
340,164,-29.1834,-29.8168
342,164,-29.3398,-30.1116
344,164,-29.5676,-30.3719
346,164,-29.8913,-30.5784
348,164,-30.329,-30.715
350,164,-30.8912,-30.7757
352,164,-31.5808,-30.7656
354,164,-32.3939,-30.6984
356,164,-33.3189,-30.5909
358,164,-34.3347,-30.4582
360,164,-35.4051,-30.3117
0,166,-28.5311,-28.9985
2,166,-29.1349,-28.8328
4,166,-29.8396,-28.7121
6,166,-30.6215,-28.6464
8,166,-31.4394,-28.641
10,166,-32.2314,-28.6955
12,166,-32.9222,-28.8025
14,166,-33.4473,-28.9467
16,166,-33.7887,-29.1055
18,166,-33.9903,-29.2516
20,166,-34.1385,-29.3596
22,166,-34.3244,-29.4156
24,166,-34.6181,-29.4252
26,166,-35.0599,-29.4143
28,166,-35.6623,-29.4235
30,166,-36.4168,-29.498
32,166,-37.3092,-29.6783
34,166,-38.3442,-29.9934
36,166,-39.5779,-30.4553
38,166,-41.1496,-31.0489
40,166,-43.3241,-31.7171
42,166,-46.6313,-32.3432
44,166,-52.6058,-32.7587
46,166,-83.7187,-32.8193
48,166,-53.0707,-32.5136
50,166,-47.5909,-31.9678
52,166,-44.7047,-31.3361
54,166,-42.8313,-30.7145
56,166,-41.4029,-30.1341
58,166,-40.1867,-29.5983
60,166,-39.1619,-29.1293
62,166,-38.4255,-28.8003
64,166,-38.1097,-28.7466
66,166,-38.3529,-29.1738
68,166,-39.3248,-30.4173
70,166,-41.3034,-33.21
72,166,-44.8776,-40.3898
74,166,-51.2376,-42.2619
76,166,-51.5231,-31.1426
78,166,-45.7111,-25.913
80,166,-42.8279,-22.5271
82,166,-41.8278,-20.1459
84,166,-42.3822,-18.4559
86,166,-44.8123,-17.3104
88,166,-50.9086,-16.6346
90,166,-55.9125,-16.3927
92,166,-45.7398,-16.5754
94,166,-41.2917,-17.1967
96,166,-39.0339,-18.298
98,166,-38.1099,-19.9617
100,166,-38.2787,-22.3478
102,166,-39.5724,-25.7963
104,166,-42.3175,-31.2009
106,166,-47.396,-41.2667
108,166,-51.6876,-36.7537
110,166,-45.6626,-31.3676
112,166,-41.6948,-28.95
114,166,-39.5852,-27.8523
116,166,-38.5785,-27.5046
118,166,-38.3109,-27.6274
120,166,-38.5544,-28.0509
122,166,-39.1255,-28.6675
124,166,-39.8773,-29.4179
126,166,-40.7404,-30.2753
128,166,-41.7558,-31.2163
130,166,-43.0296,-32.1798
132,166,-44.5697,-33.0301
134,166,-45.9003,-33.5679
136,166,-45.8107,-33.6431
138,166,-44.0365,-33.2881
140,166,-41.7626,-32.6858
142,166,-39.6692,-32.0253
144,166,-37.8652,-31.4245
146,166,-36.3129,-30.9338
148,166,-34.9751,-30.5607
150,166,-33.8392,-30.287
152,166,-32.9094,-30.0802
154,166,-32.1951,-29.9025
156,166,-31.7024,-29.7205
158,166,-31.4313,-29.5135
160,166,-31.3731,-29.2787
162,166,-31.5092,-29.0289
164,166,-31.806,-28.7857
166,166,-32.2081,-28.5718
168,166,-32.6305,-28.4053
170,166,-32.9596,-28.2979
172,166,-33.0787,-28.2545
174,166,-32.9199,-28.2748
176,166,-32.5022,-28.3542
178,166,-31.9132,-28.4854
180,166,-31.2565,-28.6591
182,166,-30.6147,-28.8654
184,166,-30.0407,-29.0943
186,166,-29.5645,-29.3369
188,166,-29.2014,-29.5859
190,166,-28.9587,-29.8362
192,166,-28.8383,-30.0857
194,166,-28.8392,-30.3344
196,166,-28.9575,-30.5841
198,166,-29.1866,-30.8375
200,166,-29.5179,-31.0983
202,166,-29.9417,-31.372
204,166,-30.45,-31.6694
206,166,-31.0406,-32.011
208,166,-31.7215,-32.4323
210,166,-32.5141,-32.9879
212,166,-33.452,-33.7545
214,166,-34.5733,-34.8346
216,166,-35.8979,-36.3595
218,166,-37.3694,-38.4722
220,166,-38.7315,-41.1334
222,166,-39.4496,-43.1249
224,166,-39.1356,-42.231
226,166,-38.108,-40.0977
228,166,-36.9286,-38.6667
230,166,-35.8955,-38.4122
232,166,-35.0862,-39.7266
234,166,-34.493,-44.0111
236,166,-34.0951,-60.2862
238,166,-33.8925,-41.2424
240,166,-33.9215,-34.699
242,166,-34.2584,-30.9093
244,166,-35.0227,-28.5018
246,166,-36.3916,-27.0769
248,166,-38.6371,-26.5233
250,166,-42.1034,-26.9039
252,166,-45.582,-28.5157
254,166,-43.4051,-32.2698
256,166,-39.7962,-40.4168
258,166,-37.5791,-33.2213
260,166,-36.6152,-26.6387
262,166,-36.7765,-22.8404
264,166,-38.1758,-20.4081
266,166,-41.3737,-18.8617
268,166,-48.807,-17.9994
270,166,-53.4562,-17.7331
272,166,-42.8813,-18.0386
274,166,-38.8838,-18.9444
276,166,-37.0467,-20.5459
278,166,-36.5466,-23.0637
280,166,-37.1851,-27.0496
282,166,-39.0593,-34.5189
284,166,-42.5583,-47.317
286,166,-47.1554,-32.7336
288,166,-44.8229,-28.7861
290,166,-40.3818,-27.1912
292,166,-37.6113,-26.8757
294,166,-35.9944,-27.5262
296,166,-35.139,-29.0848
298,166,-34.8105,-31.6741
300,166,-34.8451,-35.6858
302,166,-35.1173,-41.9773
304,166,-35.5434,-46.0953
306,166,-36.1002,-41.549
308,166,-36.8335,-39.2177
310,166,-37.8416,-38.8723
312,166,-39.2281,-40.1164
314,166,-40.968,-43.1827
316,166,-42.4476,-48.7756
318,166,-42.1531,-48.513
320,166,-40.0478,-42.609
322,166,-37.6557,-38.9932
324,166,-35.6322,-36.7254
326,166,-34.034,-35.2189
328,166,-32.7855,-34.1697
330,166,-31.7992,-33.3967
332,166,-30.9983,-32.7866
334,166,-30.3213,-32.2737
336,166,-29.7242,-31.8267
338,166,-29.182,-31.4361
340,166,-28.6872,-31.1011
342,166,-28.2452,-30.8202
344,166,-27.8689,-30.5861
346,166,-27.5729,-30.3858
348,166,-27.3708,-30.2028
350,166,-27.273,-30.0211
352,166,-27.2873,-29.8293
354,166,-27.4184,-29.6238
356,166,-27.6693,-29.4089
358,166,-28.0407,-29.1956
360,166,-28.5311,-28.9985
0,168,-30.3392,-34.4726
2,168,-30.554,-34.0688
4,168,-30.8567,-33.7283
6,168,-31.2352,-33.4487
8,168,-31.6763,-33.2263
10,168,-32.1667,-33.0559
12,168,-32.6958,-32.9318
14,168,-33.2576,-32.85
16,168,-33.8522,-32.809
18,168,-34.4862,-32.8116
20,168,-35.1706,-32.8644
22,168,-35.9185,-32.9756
24,168,-36.743,-33.1508
26,168,-37.6577,-33.387
28,168,-38.6818,-33.6645
30,168,-39.852,-33.9386
32,168,-41.239,-34.1387
34,168,-42.9681,-34.1837
36,168,-45.2317,-34.0185
38,168,-48.1635,-33.6503
40,168,-50.5409,-33.1473
42,168,-48.7474,-32.6021
44,168,-45.1473,-32.0957
46,168,-42.1948,-31.6819
48,168,-40.0012,-31.3875
50,168,-38.3985,-31.22
52,168,-37.2601,-31.1748
54,168,-36.506,-31.2449
56,168,-36.0892,-31.4331
58,168,-35.9884,-31.7688
60,168,-36.2067,-32.3291
62,168,-36.7725,-33.268
64,168,-37.7466,-34.8815
66,168,-39.2329,-37.8056
68,168,-41.3968,-43.4644
70,168,-44.4473,-42.5951
72,168,-48.076,-34.8771
74,168,-48.9164,-29.9885
76,168,-46.3034,-26.5499
78,168,-44.1313,-23.9638
80,168,-43.134,-21.9713
82,168,-43.3077,-20.4416
84,168,-44.8399,-19.3015
86,168,-48.5375,-18.508
88,168,-57.88,-18.0365
90,168,-52.1453,-17.8743
92,168,-45.0052,-18.0185
94,168,-41.3526,-18.4753
96,168,-39.2615,-19.2607
98,168,-38.1754,-20.4039
100,168,-37.8874,-21.9541
102,168,-38.3354,-23.9951
104,168,-39.549,-26.6778
106,168,-41.6266,-30.3024
108,168,-44.5488,-35.5229
110,168,-46.7833,-42.2943
112,168,-45.1735,-39.5154
114,168,-42.2182,-35.2347
116,168,-39.9328,-32.8188
118,168,-38.3813,-31.406
120,168,-37.3942,-30.5639
122,168,-36.8414,-30.0774
124,168,-36.6394,-29.8332
126,168,-36.7379,-29.7743
128,168,-37.11,-29.8764
130,168,-37.7426,-30.1339
132,168,-38.6266,-30.55
134,168,-39.743,-31.1293
136,168,-41.0363,-31.8725
138,168,-42.3683,-32.7682
140,168,-43.4633,-33.7812
142,168,-43.9535,-34.8354
144,168,-43.6511,-35.7994
146,168,-42.7323,-36.506
148,168,-41.5162,-36.8327
150,168,-40.2332,-36.7893
152,168,-39.0054,-36.4993
154,168,-37.8933,-36.1023
156,168,-36.9256,-35.6905
158,168,-36.1128,-35.3052
160,168,-35.4517,-34.9568
162,168,-34.9285,-34.6439
164,168,-34.5197,-34.3653
166,168,-34.1949,-34.1252
168,168,-33.9194,-33.9339
170,168,-33.6599,-33.8049
172,168,-33.3908,-33.7521
174,168,-33.1006,-33.7878
176,168,-32.7933,-33.9212
178,168,-32.4869,-34.1584
180,168,-32.2068,-34.502
182,168,-31.9806,-34.9515
184,168,-31.8332,-35.5037
186,168,-31.7855,-36.1533
188,168,-31.8537,-36.8934
190,168,-32.0502,-37.7178
192,168,-32.3834,-38.623
194,168,-32.8584,-39.6122
196,168,-33.4762,-40.6975
198,168,-34.2332,-41.898
200,168,-35.1193,-43.2241
202,168,-36.1158,-44.6256
204,168,-37.1938,-45.8628
206,168,-38.3111,-46.3828
208,168,-39.4065,-45.7254
210,168,-40.3862,-44.2218
212,168,-41.1045,-42.5339
214,168,-41.3726,-41.0448
216,168,-41.0564,-39.9045
218,168,-40.2073,-39.1838
220,168,-39.0385,-38.9563
222,168,-37.7754,-39.3504
224,168,-36.5686,-40.635
226,168,-35.4975,-43.5004
228,168,-34.5993,-50.8712
230,168,-33.8923,-53.2783
232,168,-33.39,-41.6703
234,168,-33.1093,-36.4072
236,168,-33.0762,-33.01
238,168,-33.3303,-30.6315
240,168,-33.9315,-28.9756
242,168,-34.9714,-27.9259
244,168,-36.596,-27.4573
246,168,-39.0431,-27.6178
248,168,-42.607,-28.5558
250,168,-46.0859,-30.6237
252,168,-44.1393,-34.7139
254,168,-40.5731,-40.5954
256,168,-38.2191,-33.8622
258,168,-36.9673,-28.1578
260,168,-36.6467,-24.5751
262,168,-37.2467,-22.1418
264,168,-38.9572,-20.4649
266,168,-42.409,-19.3631
268,168,-50.1459,-18.7457
270,168,-51.8424,-18.5701
272,168,-42.7582,-18.8254
274,168,-38.7433,-19.5292
276,168,-36.6055,-20.7332
278,168,-35.5915,-22.5449
280,168,-35.4532,-25.1867
282,168,-36.14,-29.1923
284,168,-37.7444,-36.4343
286,168,-40.5221,-50.4829
288,168,-44.5627,-35.167
290,168,-45.608,-30.9028
292,168,-41.4679,-28.9603
294,168,-38.0617,-28.1929
296,168,-35.8195,-28.233
298,168,-34.3804,-28.9411
300,168,-33.5136,-30.2869
302,168,-33.0817,-32.325
304,168,-32.9976,-35.222
306,168,-33.204,-39.3384
308,168,-33.6633,-45.0435
310,168,-34.3553,-47.1913
312,168,-35.2772,-43.3714
314,168,-36.4463,-40.8221
316,168,-37.9028,-39.5581
318,168,-39.7096,-39.1212
320,168,-41.9286,-39.2602
322,168,-44.4649,-39.8358
324,168,-46.4195,-40.7709
326,168,-45.9841,-42.0314
328,168,-43.7624,-43.6123
330,168,-41.4347,-45.4949
332,168,-39.4628,-47.4725
334,168,-37.8302,-48.7222
336,168,-36.456,-48.1355
338,168,-35.2745,-46.2166
340,168,-34.2429,-44.1206
342,168,-33.3376,-42.2851
344,168,-32.5479,-40.7582
346,168,-31.8708,-39.4943
348,168,-31.3071,-38.437
350,168,-30.8587,-37.5382
352,168,-30.5269,-36.7606
354,168,-30.3117,-36.0783
356,168,-30.2114,-35.4746
358,168,-30.2224,-34.9407
360,168,-30.3392,-34.4726
0,170,-39.3766,-45.8494
2,170,-39.2867,-45.0845
4,170,-39.3181,-44.184
6,170,-39.469,-43.2814
8,170,-39.739,-42.4374
10,170,-40.1295,-41.669
12,170,-40.6438,-40.97
14,170,-41.2869,-40.3221
16,170,-42.0656,-39.7008
18,170,-42.9886,-39.0797
20,170,-44.0643,-38.4363
22,170,-45.2915,-37.7567
24,170,-46.6252,-37.0403
26,170,-47.8764,-36.3003
28,170,-48.5481,-35.5609
30,170,-48.019,-34.8518
32,170,-46.3628,-34.2031
34,170,-44.2571,-33.6419
36,170,-42.1828,-33.1911
38,170,-40.3197,-32.8687
40,170,-38.7136,-32.6891
42,170,-37.3676,-32.6637
44,170,-36.2746,-32.8021
46,170,-35.4274,-33.1133
48,170,-34.8213,-33.6079
50,170,-34.4554,-34.3005
52,170,-34.3332,-35.2149
54,170,-34.4637,-36.391
56,170,-34.863,-37.8908
58,170,-35.5567,-39.7693
60,170,-36.5836,-41.8238
62,170,-38,-42.6366
64,170,-39.8795,-40.5024
66,170,-42.2799,-37.1168
68,170,-45.0222,-33.9587
70,170,-46.9316,-31.2595
72,170,-46.442,-28.9706
74,170,-44.7964,-27.0265
76,170,-43.4846,-25.379
78,170,-42.8749,-23.9949
80,170,-43.0384,-22.8516
82,170,-44.0923,-21.9337
84,170,-46.373,-21.2307
86,170,-50.9027,-20.7353
88,170,-60.0251,-20.4432
90,170,-51.7419,-20.3519
92,170,-45.7548,-20.4612
94,170,-42.3993,-20.7726
96,170,-40.3238,-21.2895
98,170,-39.072,-22.0179
100,170,-38.4498,-22.9665
102,170,-38.369,-24.1485
104,170,-38.7952,-25.5838
106,170,-39.719,-27.3026
108,170,-41.108,-29.3521
110,170,-42.746,-31.8068
112,170,-43.855,-34.7729
114,170,-43.3651,-38.2971
116,170,-41.6395,-41.5866
118,170,-39.7649,-41.7477
120,170,-38.2029,-39.3467
122,170,-37.0252,-37.0047
124,170,-36.203,-35.1951
126,170,-35.6957,-33.8286
128,170,-35.4691,-32.8
130,170,-35.4981,-32.0402
132,170,-35.7648,-31.5065
134,170,-36.2563,-31.1721
136,170,-36.9629,-31.02
138,170,-37.8759,-31.0382
140,170,-38.9852,-31.2175
142,170,-40.2761,-31.55
144,170,-41.7239,-32.028
146,170,-43.2848,-32.6428
148,170,-44.8816,-33.3844
150,170,-46.3824,-34.2403
152,170,-47.5903,-35.1947
154,170,-48.2886,-36.2277
156,170,-48.3675,-37.3151
158,170,-47.914,-38.4285
160,170,-47.1337,-39.5374
162,170,-46.2191,-40.6117
164,170,-45.2961,-41.6265
166,170,-44.4338,-42.5661
168,170,-43.6664,-43.4255
170,170,-43.0091,-44.2083
172,170,-42.468,-44.9199
174,170,-42.0448,-45.5571
176,170,-41.7403,-46.0974
178,170,-41.5546,-46.4898
180,170,-41.4874,-46.659
182,170,-41.5374,-46.5324
184,170,-41.7004,-46.0833
186,170,-41.9672,-45.3551
188,170,-42.3206,-44.4394
190,170,-42.7318,-43.4341
192,170,-43.1573,-42.4164
194,170,-43.5382,-41.4384
196,170,-43.805,-40.5331
198,170,-43.8881,-39.7231
200,170,-43.7313,-39.0264
202,170,-43.3021,-38.4612
204,170,-42.5968,-38.0488
206,170,-41.643,-37.8167
208,170,-40.4976,-37.8024
210,170,-39.236,-38.0598
212,170,-37.9359,-38.6722
214,170,-36.6641,-39.7814
216,170,-35.4714,-41.6643
218,170,-34.3929,-45.0029
220,170,-33.4518,-52.5955
222,170,-32.6636,-56.2446
224,170,-32.0395,-44.4922
226,170,-31.5889,-39.3352
228,170,-31.322,-35.9899
230,170,-31.2513,-33.5753
232,170,-31.3941,-31.7749
234,170,-31.7745,-30.4477
236,170,-32.4277,-29.5296
238,170,-33.4048,-29
240,170,-34.7823,-28.8729
242,170,-36.6735,-29.1994
244,170,-39.2224,-30.0867
246,170,-42.3885,-31.7445
248,170,-44.5662,-34.583
250,170,-43.0886,-38.9104
252,170,-40.4531,-38.6156
254,170,-38.4787,-33.0845
256,170,-37.2902,-28.9773
258,170,-36.8037,-26.0806
260,170,-36.9893,-23.9652
262,170,-37.9068,-22.4073
264,170,-39.762,-21.2866
266,170,-43.1085,-20.5357
268,170,-49.7406,-20.1166
270,170,-53.0164,-20.0107
272,170,-44.3546,-20.2139
274,170,-40.0395,-20.7358
276,170,-37.5433,-21.6019
278,170,-36.0785,-22.8606
280,170,-35.3526,-24.5988
282,170,-35.2493,-26.9795
284,170,-35.7445,-30.35
286,170,-36.8866,-35.6517
288,170,-38.8008,-46.8645
290,170,-41.6227,-41.3133
292,170,-44.5357,-35.1145
294,170,-43.5991,-32.2208
296,170,-40.0917,-30.702
298,170,-37.1577,-29.995
300,170,-35.0261,-29.8695
302,170,-33.4996,-30.218
304,170,-32.4256,-30.9949
306,170,-31.7053,-32.1959
308,170,-31.2742,-33.8559
310,170,-31.0887,-36.0618
312,170,-31.1188,-38.9773
314,170,-31.3441,-42.8217
316,170,-31.7511,-46.9385
318,170,-32.3323,-46.7104
320,170,-33.0849,-43.5216
322,170,-34.0111,-41.0208
324,170,-35.1183,-39.3394
326,170,-36.4192,-38.2332
328,170,-37.9327,-37.5368
330,170,-39.6833,-37.1494
332,170,-41.693,-37.0089
334,170,-43.9472,-37.0757
336,170,-46.2671,-37.3244
338,170,-48.0186,-37.7386
340,170,-48.2638,-38.3082
342,170,-47.1329,-39.0263
344,170,-45.5798,-39.8879
346,170,-44.1245,-40.8861
348,170,-42.8922,-42.0055
350,170,-41.8819,-43.2094
352,170,-41.068,-44.4162
354,170,-40.4265,-45.4703
356,170,-39.9389,-46.1482
358,170,-39.592,-46.2689
360,170,-39.3766,-45.8494
0,172,-39.9164,-35.6817
2,172,-40.3948,-35.6266
4,172,-40.8103,-35.5464
6,172,-41.161,-35.4356
8,172,-41.446,-35.2915
10,172,-41.6646,-35.1147
12,172,-41.8147,-34.9086
14,172,-41.892,-34.6795
16,172,-41.889,-34.436
18,172,-41.7946,-34.1884
20,172,-41.5959,-33.9484
22,172,-41.2819,-33.7283
24,172,-40.8496,-33.541
26,172,-40.3077,-33.3991
28,172,-39.6786,-33.3155
30,172,-38.9951,-33.3023
32,172,-38.295,-33.3715
34,172,-37.6156,-33.5341
36,172,-36.9906,-33.8004
38,172,-36.4484,-34.1791
40,172,-36.0128,-34.676
42,172,-35.704,-35.2914
44,172,-35.54,-36.0139
46,172,-35.5379,-36.8093
48,172,-35.7154,-37.6013
50,172,-36.0919,-38.2483
52,172,-36.6892,-38.5495
54,172,-37.5314,-38.3306
56,172,-38.6405,-37.5748
58,172,-40.0205,-36.4297
60,172,-41.6067,-35.0833
62,172,-43.1414,-33.6731
64,172,-44.0609,-32.2775
66,172,-43.9005,-30.9374
68,172,-42.9704,-29.6745
70,172,-41.9036,-28.5018
72,172,-41.0628,-27.4282
74,172,-40.5805,-26.4599
76,172,-40.5067,-25.6019
78,172,-40.8847,-24.8575
80,172,-41.7899,-24.2295
82,172,-43.3753,-23.7196
84,172,-45.9787,-23.3289
86,172,-50.4957,-23.0583
88,172,-59.0834,-22.908
90,172,-53.2029,-22.8779
92,172,-47.0109,-22.9677
94,172,-43.5134,-23.1766
96,172,-41.2721,-23.5035
98,172,-39.7911,-23.9469
100,172,-38.8527,-24.5048
102,172,-38.3467,-25.175
104,172,-38.2125,-25.9549
106,172,-38.4143,-26.8422
108,172,-38.9245,-27.8355
110,172,-39.7025,-28.9351
112,172,-40.6553,-30.1444
114,172,-41.5692,-31.4705
116,172,-42.0772,-32.9234
118,172,-41.8634,-34.5101
120,172,-41.0084,-36.2117
122,172,-39.8794,-37.9243
124,172,-38.7759,-39.3452
126,172,-37.8389,-39.9628
128,172,-37.1132,-39.5204
130,172,-36.6032,-38.3878
132,172,-36.2991,-37.0722
134,172,-36.1874,-35.844
136,172,-36.2545,-34.7925
138,172,-36.4877,-33.9317
140,172,-36.8746,-33.2506
142,172,-37.4022,-32.732
144,172,-38.0553,-32.3584
146,172,-38.8144,-32.1135
148,172,-39.6529,-31.9823
150,172,-40.5336,-31.9512
152,172,-41.4062,-32.007
154,172,-42.2089,-32.1374
156,172,-42.8764,-32.3301
158,172,-43.357,-32.5732
160,172,-43.6293,-32.8548
162,172,-43.7072,-33.1631
164,172,-43.6291,-33.4866
166,172,-43.4388,-33.8145
168,172,-43.173,-34.1365
170,172,-42.856,-34.4438
172,172,-42.501,-34.7289
174,172,-42.1134,-34.9867
176,172,-41.6941,-35.2143
178,172,-41.2416,-35.4115
180,172,-40.754,-35.5812
182,172,-40.2298,-35.729
184,172,-39.6678,-35.8635
186,172,-39.0683,-35.9958
188,172,-38.4325,-36.1401
190,172,-37.7628,-36.3131
192,172,-37.0637,-36.5346
194,172,-36.3408,-36.8285
196,172,-35.602,-37.2235
198,172,-34.8564,-37.7561
200,172,-34.1146,-38.4741
202,172,-33.3878,-39.4438
204,172,-32.6875,-40.7611
206,172,-32.0255,-42.5671
208,172,-31.4127,-45.0269
210,172,-30.86,-47.8724
212,172,-30.3773,-48.2982
214,172,-29.9745,-45.0029
216,172,-29.6609,-41.5004
218,172,-29.446,-38.701
220,172,-29.3397,-36.4993
222,172,-29.3528,-34.7528
224,172,-29.4975,-33.3679
226,172,-29.7884,-32.2886
228,172,-30.2434,-31.4837
230,172,-30.8856,-30.9397
232,172,-31.745,-30.6577
234,172,-32.8618,-30.6533
236,172,-34.2898,-30.9591
238,172,-36.0963,-31.6321
240,172,-38.3347,-32.7651
242,172,-40.8766,-34.4993
244,172,-42.801,-36.957
246,172,-42.5127,-39.4219
248,172,-40.6944,-38.5073
250,172,-38.8844,-34.8745
252,172,-37.5454,-31.5543
254,172,-36.7071,-28.9489
256,172,-36.3377,-26.9117
258,172,-36.4245,-25.3085
260,172,-36.9919,-24.0506
262,172,-38.1199,-23.0816
264,172,-39.9901,-22.3648
266,172,-43.0258,-21.877
268,172,-48.436,-21.604
270,172,-56.4,-21.5385
272,172,-47.5875,-21.6792
274,172,-42.3818,-22.0304
276,172,-39.3546,-22.6029
278,172,-37.4254,-23.4156
280,172,-36.2036,-24.4989
282,172,-35.5173,-25.9017
284,172,-35.2874,-27.705
286,172,-35.4871,-30.0518
288,172,-36.1277,-33.2246
290,172,-37.2567,-37.8752
292,172,-38.951,-45.2962
294,172,-41.2263,-44.1882
296,172,-43.4422,-38.4493
298,172,-43.2788,-35.2734
300,172,-40.639,-33.3853
302,172,-37.8551,-32.2462
304,172,-35.6003,-31.6149
306,172,-33.8446,-31.3679
308,172,-32.4835,-31.4361
310,172,-31.4338,-31.7808
312,172,-30.636,-32.3824
314,172,-30.0473,-33.2352
316,172,-29.6367,-34.3454
318,172,-29.3804,-35.7295
320,172,-29.2601,-37.4089
322,172,-29.2612,-39.3887
324,172,-29.3715,-41.5728
326,172,-29.5806,-43.5188
328,172,-29.8794,-44.2794
330,172,-30.2597,-43.4891
332,172,-30.7135,-42.0089
334,172,-31.2333,-40.5526
336,172,-31.8113,-39.3342
338,172,-32.4395,-38.3673
340,172,-33.1095,-37.6179
342,172,-33.8122,-37.0472
344,172,-34.5381,-36.6211
346,172,-35.2769,-36.311
348,172,-36.0177,-36.0927
350,172,-36.7497,-35.9454
352,172,-37.4618,-35.8506
354,172,-38.1433,-35.7914
356,172,-38.7849,-35.7526
358,172,-39.3781,-35.7202
360,172,-39.9164,-35.6817
0,174,-30.7001,-36.1259
2,174,-31.0682,-35.6462
4,174,-31.4556,-35.2325
6,174,-31.8616,-34.8787
8,174,-32.2857,-34.5798
10,174,-32.7267,-34.3324
12,174,-33.183,-34.1341
14,174,-33.6518,-33.9834
16,174,-34.1291,-33.8798
18,174,-34.609,-33.8231
20,174,-35.0842,-33.8134
22,174,-35.5456,-33.8508
24,174,-35.9838,-33.9349
26,174,-36.3898,-34.0643
28,174,-36.757,-34.2363
30,174,-37.0831,-34.4452
32,174,-37.3713,-34.6823
34,174,-37.6303,-34.934
36,174,-37.8732,-35.1812
38,174,-38.1148,-35.3988
40,174,-38.369,-35.557
42,174,-38.6457,-35.6247
44,174,-38.9472,-35.5753
46,174,-39.2652,-35.3926
48,174,-39.5776,-35.0753
50,174,-39.8481,-34.6356
52,174,-40.03,-34.0951
54,174,-40.0797,-33.4785
56,174,-39.9748,-32.8095
58,174,-39.727,-32.1081
60,174,-39.3805,-31.3911
62,174,-38.9964,-30.672
64,174,-38.6359,-29.9624
66,174,-38.3509,-29.2723
68,174,-38.183,-28.6107
70,174,-38.1661,-27.9859
72,174,-38.3305,-27.4051
74,174,-38.7088,-26.8747
76,174,-39.3415,-26.4
78,174,-40.2867,-25.9858
80,174,-41.6368,-25.6355
82,174,-43.5564,-25.352
84,174,-46.3864,-25.1372
86,174,-51.028,-24.9923
88,174,-60.8924,-24.918
90,174,-55.5253,-24.9142
92,174,-48.5953,-24.98
94,174,-44.8499,-25.1142
96,174,-42.4043,-25.3145
98,174,-40.6871,-25.5785
100,174,-39.4536,-25.9026
102,174,-38.5768,-26.2831
104,174,-37.9815,-26.7154
106,174,-37.6185,-27.1951
108,174,-37.4517,-27.7176
110,174,-37.451,-28.2789
112,174,-37.5872,-28.8758
114,174,-37.8275,-29.5067
116,174,-38.1323,-30.1714
118,174,-38.4537,-30.8713
120,174,-38.7379,-31.6089
122,174,-38.9341,-32.3867
124,174,-39.0084,-33.2051
126,174,-38.9547,-34.0588
128,174,-38.7956,-34.9322
130,174,-38.5713,-35.7925
132,174,-38.3251,-36.5828
134,174,-38.0936,-37.2227
136,174,-37.9019,-37.6254
138,174,-37.7642,-37.7355
140,174,-37.685,-37.5619
142,174,-37.6612,-37.1733
144,174,-37.6828,-36.6613
146,174,-37.7343,-36.106
148,174,-37.7952,-35.5632
150,174,-37.8413,-35.0654
152,174,-37.8473,-34.6294
154,174,-37.7901,-34.2622
156,174,-37.6531,-33.9648
158,174,-37.4288,-33.7356
160,174,-37.1197,-33.5714
162,174,-36.7372,-33.4685
164,174,-36.2974,-33.4234
166,174,-35.8176,-33.433
168,174,-35.314,-33.4946
170,174,-34.7999,-33.6066
172,174,-34.2851,-33.7681
174,174,-33.777,-33.9793
176,174,-33.2804,-34.2415
178,174,-32.7985,-34.5572
180,174,-32.3336,-34.9301
182,174,-31.8873,-35.3653
184,174,-31.4607,-35.8688
186,174,-31.0554,-36.4472
188,174,-30.6728,-37.1062
190,174,-30.3147,-37.8482
192,174,-29.9833,-38.6655
194,174,-29.6811,-39.5292
196,174,-29.4113,-40.3676
198,174,-29.1771,-41.0438
200,174,-28.9826,-41.365
202,174,-28.832,-41.1782
204,174,-28.7301,-40.4992
206,174,-28.6824,-39.5016
208,174,-28.6946,-38.3836
210,174,-28.7736,-37.2827
212,174,-28.9266,-36.2733
214,174,-29.1622,-35.3907
216,174,-29.4903,-34.6506
218,174,-29.9225,-34.0611
220,174,-30.4723,-33.6284
222,174,-31.1564,-33.3598
224,174,-31.9948,-33.2661
226,174,-33.0111,-33.3626
228,174,-34.2315,-33.671
230,174,-35.6771,-34.2205
232,174,-37.3385,-35.0457
234,174,-39.0951,-36.1733
236,174,-40.546,-37.5584
238,174,-41.0115,-38.8688
240,174,-40.2876,-39.1805
242,174,-38.9785,-37.8091
244,174,-37.6561,-35.5227
246,174,-36.5516,-33.2037
248,174,-35.7213,-31.1487
250,174,-35.1667,-29.3912
252,174,-34.8804,-27.9017
254,174,-34.8598,-26.6439
256,174,-35.1133,-25.5873
258,174,-35.6642,-24.7086
260,174,-36.559,-23.9902
262,174,-37.8822,-23.4192
264,174,-39.7951,-22.986
266,174,-42.6426,-22.6842
268,174,-47.3713,-22.5094
270,174,-58.4799,-22.4595
272,174,-52.1497,-22.5339
274,174,-44.9672,-22.7341
276,174,-41.225,-23.0634
278,174,-38.8236,-23.5274
280,174,-37.1746,-24.1346
282,174,-36.0347,-24.897
284,174,-35.2832,-25.8319
286,174,-34.8561,-26.9638
288,174,-34.7199,-28.3291
290,174,-34.8618,-29.9828
292,174,-35.2853,-32.0126
294,174,-36.0087,-34.5678
296,174,-37.065,-37.9142
298,174,-38.4947,-42.441
300,174,-40.2986,-46.6263
302,174,-42.2242,-44.0194
304,174,-43.2403,-40.2862
306,174,-42.1971,-37.7611
308,174,-39.966,-36.0752
310,174,-37.7256,-34.9421
312,174,-35.8138,-34.2017
314,174,-34.2384,-33.761
316,174,-32.9469,-33.563
318,174,-31.8875,-33.5714
320,174,-31.0194,-33.7627
322,174,-30.3109,-34.1221
324,174,-29.7379,-34.6407
326,174,-29.2813,-35.3139
328,174,-28.9259,-36.1395
330,174,-28.6593,-37.1152
332,174,-28.4711,-38.2327
334,174,-28.3526,-39.4662
336,174,-28.2962,-40.7482
338,174,-28.2953,-41.9303
340,174,-28.3442,-42.7641
342,174,-28.4378,-42.9996
344,174,-28.5715,-42.5996
346,174,-28.7412,-41.7759
348,174,-28.9436,-40.7849
350,174,-29.1754,-39.7911
352,174,-29.4341,-38.869
354,174,-29.7175,-38.0432
356,174,-30.0239,-37.3155
358,174,-30.3517,-36.6794
360,174,-30.7001,-36.1259
0,176,-32.1171,-49.6731
2,176,-32.2169,-47.7444
4,176,-32.3483,-46.1644
6,176,-32.5081,-44.8647
8,176,-32.6936,-43.7841
10,176,-32.9018,-42.8757
12,176,-33.1297,-42.1042
14,176,-33.3742,-41.4419
16,176,-33.632,-40.8671
18,176,-33.8999,-40.3613
20,176,-34.1744,-39.9091
22,176,-34.4523,-39.4968
24,176,-34.7303,-39.1123
26,176,-35.0051,-38.745
28,176,-35.274,-38.386
30,176,-35.534,-38.0277
32,176,-35.7827,-37.6643
34,176,-36.0178,-37.2919
36,176,-36.2373,-36.9079
38,176,-36.4395,-36.5117
40,176,-36.623,-36.1034
42,176,-36.7872,-35.6844
44,176,-36.932,-35.2564
46,176,-37.0584,-34.8215
48,176,-37.1688,-34.3819
50,176,-37.2669,-33.9396
52,176,-37.3585,-33.4968
54,176,-37.4506,-33.0554
56,176,-37.5523,-32.6175
58,176,-37.6736,-32.1854
60,176,-37.8262,-31.7612
62,176,-38.0226,-31.3475
64,176,-38.2765,-30.9469
66,176,-38.603,-30.5622
68,176,-39.0192,-30.1961
70,176,-39.5449,-29.8514
72,176,-40.2045,-29.5309
74,176,-41.0297,-29.2369
76,176,-42.0645,-28.9719
78,176,-43.3745,-28.7376
80,176,-45.0667,-28.5357
82,176,-47.337,-28.3676
84,176,-50.6153,-28.2339
86,176,-56.2136,-28.1352
88,176,-78.2804,-28.0715
90,176,-57.5916,-28.0424
92,176,-51.2371,-28.0472
94,176,-47.6775,-28.0848
96,176,-45.2438,-28.1538
98,176,-43.435,-28.2523
100,176,-42.031,-28.3783
102,176,-40.9145,-28.5299
104,176,-40.0144,-28.7047
106,176,-39.2838,-28.9006
108,176,-38.6887,-29.1157
110,176,-38.2032,-29.3483
112,176,-37.8066,-29.5972
114,176,-37.481,-29.8615
116,176,-37.2111,-30.1411
118,176,-36.9832,-30.4365
120,176,-36.7853,-30.7484
122,176,-36.6073,-31.0782
124,176,-36.4407,-31.4277
126,176,-36.2792,-31.7989
128,176,-36.1182,-32.1936
130,176,-35.9555,-32.6138
132,176,-35.7901,-33.0612
134,176,-35.6225,-33.537
136,176,-35.4539,-34.0418
138,176,-35.2859,-34.5755
140,176,-35.1197,-35.1373
142,176,-34.9567,-35.7252
144,176,-34.7973,-36.3362
146,176,-34.6416,-36.966
148,176,-34.489,-37.6095
150,176,-34.3386,-38.2603
152,176,-34.189,-38.912
154,176,-34.0388,-39.5583
156,176,-33.8868,-40.1939
158,176,-33.7319,-40.816
160,176,-33.5735,-41.4247
162,176,-33.4116,-42.0239
164,176,-33.2468,-42.6211
166,176,-33.0802,-43.227
168,176,-32.9136,-43.8541
170,176,-32.7493,-44.5148
172,176,-32.5898,-45.2183
174,176,-32.4381,-45.9656
176,176,-32.2975,-46.7404
178,176,-32.1711,-47.4951
180,176,-32.0623,-48.1339
182,176,-31.9745,-48.5116
184,176,-31.9111,-48.4833
186,176,-31.8755,-48.002
188,176,-31.8711,-47.1606
190,176,-31.9013,-46.1211
192,176,-31.9696,-45.0253
194,176,-32.0795,-43.9632
196,176,-32.2345,-42.9823
198,176,-32.4381,-42.1044
200,176,-32.6937,-41.3383
202,176,-33.0041,-40.6868
204,176,-33.3716,-40.1505
206,176,-33.7965,-39.729
208,176,-34.2765,-39.4224
210,176,-34.8043,-39.2305
212,176,-35.3646,-39.1524
214,176,-35.9301,-39.1843
216,176,-36.4573,-39.316
218,176,-36.8863,-39.5238
220,176,-37.1495,-39.7597
222,176,-37.193,-39.9373
224,176,-37.0016,-39.9292
226,176,-36.6079,-39.5988
228,176,-36.0764,-38.8754
230,176,-35.4778,-37.8063
232,176,-34.8715,-36.5196
234,176,-34.3,-35.1473
236,176,-33.7909,-33.7823
238,176,-33.3617,-32.4775
240,176,-33.0234,-31.2578
242,176,-32.7833,-30.133
244,176,-32.6475,-29.1045
246,176,-32.6219,-28.1704
248,176,-32.7131,-27.327
250,176,-32.9298,-26.5702
252,176,-33.2838,-25.8962
254,176,-33.7911,-25.3014
256,176,-34.4746,-24.7825
258,176,-35.3678,-24.3371
260,176,-36.5216,-23.9628
262,176,-38.0189,-23.6579
264,176,-40.0059,-23.4209
266,176,-42.7796,-23.2507
268,176,-47.1056,-23.1467
270,176,-56.4947,-23.1085
272,176,-56.8486,-23.136
274,176,-47.2606,-23.2295
276,176,-42.9176,-23.3896
278,176,-40.1538,-23.6173
280,176,-38.1869,-23.914
282,176,-36.7156,-24.2815
284,176,-35.5925,-24.7224
286,176,-34.7348,-25.2397
288,176,-34.0919,-25.8372
290,176,-33.6312,-26.5198
292,176,-33.3313,-27.2937
294,176,-33.1778,-28.1665
296,176,-33.1615,-29.1482
298,176,-33.2772,-30.2515
300,176,-33.5228,-31.4931
302,176,-33.8987,-32.8954
304,176,-34.4077,-34.4881
306,176,-35.054,-36.3114
308,176,-35.8424,-38.4176
310,176,-36.7742,-40.8629
312,176,-37.8399,-43.6457
314,176,-39.0011,-46.4184
316,176,-40.1559,-47.9038
318,176,-41.0959,-47.1866
320,176,-41.5301,-45.5581
322,176,-41.283,-44.0688
324,176,-40.4773,-42.9414
326,176,-39.3987,-42.1558
328,176,-38.2734,-41.6592
330,176,-37.2164,-41.4079
332,176,-36.2705,-41.3714
334,176,-35.4446,-41.5308
336,176,-34.7338,-41.8768
338,176,-34.1286,-42.4088
340,176,-33.6187,-43.1348
342,176,-33.1945,-44.0726
344,176,-32.8473,-45.2522
346,176,-32.5696,-46.7188
348,176,-32.355,-48.5319
350,176,-32.1977,-50.7364
352,176,-32.0928,-53.1816
354,176,-32.036,-54.8729
356,176,-32.0235,-54.1953
358,176,-32.0515,-51.9582
360,176,-32.1171,-49.6731
0,178,-35.3114,-46.5928
2,178,-35.5537,-45.5576
4,178,-35.7901,-44.6638
6,178,-36.0208,-43.8784
8,178,-36.246,-43.1781
10,178,-36.4663,-42.5456
12,178,-36.6823,-41.9682
14,178,-36.8949,-41.4363
16,178,-37.1049,-40.9426
18,178,-37.3134,-40.4811
20,178,-37.5212,-40.0476
22,178,-37.7295,-39.6383
24,178,-37.9392,-39.2506
26,178,-38.1512,-38.882
28,178,-38.3665,-38.5308
30,178,-38.5859,-38.1955
32,178,-38.8104,-37.8747
34,178,-39.0407,-37.5672
36,178,-39.2776,-37.2722
38,178,-39.5221,-36.9887
40,178,-39.775,-36.716
42,178,-40.0373,-36.4533
44,178,-40.3103,-36.2
46,178,-40.5953,-35.9554
48,178,-40.8937,-35.7191
50,178,-41.2077,-35.4903
52,178,-41.5393,-35.2689
54,178,-41.8913,-35.0542
56,178,-42.267,-34.8461
58,178,-42.67,-34.6443
60,178,-43.1049,-34.4485
62,178,-43.577,-34.2588
64,178,-44.0928,-34.075
66,178,-44.6598,-33.8972
68,178,-45.2874,-33.7254
70,178,-45.9869,-33.5599
72,178,-46.7725,-33.4008
74,178,-47.662,-33.2483
76,178,-48.6783,-33.1026
78,178,-49.8504,-32.9639
80,178,-51.214,-32.8326
82,178,-52.8064,-32.7089
84,178,-54.6385,-32.5929
86,178,-56.5789,-32.4849
88,178,-58.0408,-32.3851
90,178,-57.978,-32.2936
92,178,-56.3749,-32.2106
94,178,-54.2751,-32.1363
96,178,-52.277,-32.0708
98,178,-50.5166,-32.0142
100,178,-48.984,-31.9668
102,178,-47.6418,-31.9286
104,178,-46.4543,-31.9
106,178,-45.3924,-31.8812
108,178,-44.4337,-31.8723
110,178,-43.5607,-31.8738
112,178,-42.7598,-31.8859
114,178,-42.0205,-31.909
116,178,-41.3343,-31.9435
118,178,-40.6945,-31.9899
120,178,-40.0958,-32.0487
122,178,-39.5339,-32.1202
124,178,-39.0052,-32.205
126,178,-38.5069,-32.3037
128,178,-38.0366,-32.4167
130,178,-37.5925,-32.5445
132,178,-37.1728,-32.6878
134,178,-36.7764,-32.8471
136,178,-36.4018,-33.0229
138,178,-36.0482,-33.2157
140,178,-35.7145,-33.4262
142,178,-35.3999,-33.655
144,178,-35.1036,-33.9027
146,178,-34.8247,-34.1699
148,178,-34.5625,-34.4574
150,178,-34.3161,-34.7661
152,178,-34.0848,-35.097
154,178,-33.8678,-35.451
156,178,-33.6642,-35.8295
158,178,-33.4731,-36.234
160,178,-33.2937,-36.6665
162,178,-33.125,-37.1291
164,178,-32.9661,-37.6248
166,178,-32.816,-38.1569
168,178,-32.6738,-38.7302
170,178,-32.5385,-39.3501
172,178,-32.409,-40.0242
174,178,-32.2843,-40.762
176,178,-32.1636,-41.5765
178,178,-32.0457,-42.4852
180,178,-31.9298,-43.5121
182,178,-31.8152,-44.6917
184,178,-31.7009,-46.0743
186,178,-31.5865,-47.7359
188,178,-31.4713,-49.7918
190,178,-31.3551,-52.397
192,178,-31.2377,-55.527
194,178,-31.1191,-57.4108
196,178,-30.9997,-55.1655
198,178,-30.8797,-51.6869
200,178,-30.7601,-48.7371
202,178,-30.6415,-46.3395
204,178,-30.5252,-44.3405
206,178,-30.4124,-42.6258
208,178,-30.3047,-41.1205
210,178,-30.2035,-39.7752
212,178,-30.1107,-38.5561
214,178,-30.0282,-37.4398
216,178,-29.9579,-36.4092
218,178,-29.9018,-35.4521
220,178,-29.8621,-34.5591
222,178,-29.8411,-33.723
224,178,-29.841,-32.9384
226,178,-29.8641,-32.201
228,178,-29.913,-31.5075
230,178,-29.9903,-30.855
232,178,-30.0988,-30.2415
234,178,-30.2415,-29.6652
236,178,-30.4216,-29.1246
238,178,-30.6428,-28.6185
240,178,-30.9093,-28.146
242,178,-31.2258,-27.7062
244,178,-31.5979,-27.2983
246,178,-32.0321,-26.922
248,178,-32.5365,-26.5765
250,178,-33.1213,-26.2616
252,178,-33.7992,-25.9769
254,178,-34.5873,-25.7221
256,178,-35.5084,-25.4969
258,178,-36.5949,-25.3012
260,178,-37.8948,-25.1347
262,178,-39.4838,-24.9974
264,178,-41.4919,-24.8891
266,178,-44.1732,-24.8098
268,178,-48.1405,-24.7594
270,178,-55.7023,-24.7379
272,178,-62.8715,-24.7453
274,178,-50.5688,-24.7816
276,178,-45.6648,-24.8469
278,178,-42.5952,-24.9412
280,178,-40.3818,-25.0648
282,178,-38.671,-25.2176
284,178,-37.2946,-25.4
286,178,-36.1591,-25.612
288,178,-35.2074,-25.854
290,178,-34.4016,-26.1263
292,178,-33.7157,-26.4291
294,178,-33.1307,-26.763
296,178,-32.6324,-27.1283
298,178,-32.2099,-27.5256
300,178,-31.8546,-27.9556
302,178,-31.5595,-28.4191
304,178,-31.319,-28.9168
306,178,-31.1281,-29.4499
308,178,-30.9829,-30.0196
310,178,-30.8798,-30.6273
312,178,-30.8156,-31.2749
314,178,-30.7876,-31.9643
316,178,-30.7933,-32.6982
318,178,-30.8303,-33.4797
320,178,-30.8964,-34.3126
322,178,-30.9894,-35.2017
324,178,-31.1074,-36.1533
326,178,-31.2484,-37.1749
328,178,-31.4105,-38.277
330,178,-31.5916,-39.4728
332,178,-31.7899,-40.7808
334,178,-32.0034,-42.2263
336,178,-32.2301,-43.8459
338,178,-32.4682,-45.6931
340,178,-32.7156,-47.8497
342,178,-32.9703,-50.4397
344,178,-33.2305,-53.6164
346,178,-33.4943,-57.2126
348,178,-33.7599,-58.8336
350,178,-34.0257,-56.4846
352,178,-34.2902,-53.5242
354,178,-34.552,-51.1525
356,178,-34.81,-49.3009
358,178,-35.0634,-47.8169
360,178,-35.3114,-46.5928
0,180,-28.5563,-56.6711
2,180,-28.5499,-71.1976
4,180,-28.554,-58.5358
6,180,-28.5687,-52.1318
8,180,-28.5941,-48.4732
10,180,-28.6301,-45.9113
12,180,-28.6769,-43.9428
14,180,-28.7347,-42.3474
16,180,-28.8034,-41.0089
18,180,-28.8834,-39.8586
20,180,-28.9749,-38.8523
22,180,-29.078,-37.96
24,180,-29.193,-37.1606
26,180,-29.3203,-36.4383
28,180,-29.4603,-35.7813
30,180,-29.6133,-35.1803
32,180,-29.7799,-34.6282
34,180,-29.9605,-34.119
36,180,-30.1558,-33.6481
38,180,-30.3663,-33.2114
40,180,-30.593,-32.8057
42,180,-30.8366,-32.4283
44,180,-31.0982,-32.0767
46,180,-31.3788,-31.749
48,180,-31.6797,-31.4434
50,180,-32.0023,-31.1585
52,180,-32.3485,-30.8928
54,180,-32.72,-30.6453
56,180,-33.1192,-30.415
58,180,-33.5488,-30.2009
60,180,-34.0118,-30.0024
62,180,-34.5121,-29.8186
64,180,-35.0543,-29.649
66,180,-35.6439,-29.493
68,180,-36.2879,-29.3502
70,180,-36.9948,-29.2201
72,180,-37.776,-29.1023
74,180,-38.6462,-28.9966
76,180,-39.625,-28.9026
78,180,-40.7404,-28.8201
80,180,-42.0325,-28.7489
82,180,-43.5633,-28.6888
84,180,-45.4354,-28.6395
86,180,-47.8378,-28.6011
88,180,-51.1805,-28.5734
90,180,-56.6711,-28.5563
92,180,-71.1976,-28.5499
94,180,-58.5358,-28.554
96,180,-52.1318,-28.5687
98,180,-48.4732,-28.5941
100,180,-45.9113,-28.6301
102,180,-43.9428,-28.6769
104,180,-42.3474,-28.7347
106,180,-41.0089,-28.8034
108,180,-39.8586,-28.8834
110,180,-38.8523,-28.9749
112,180,-37.96,-29.078
114,180,-37.1606,-29.193
116,180,-36.4383,-29.3203
118,180,-35.7813,-29.4603
120,180,-35.1803,-29.6133
122,180,-34.6282,-29.7799
124,180,-34.119,-29.9605
126,180,-33.6481,-30.1558
128,180,-33.2114,-30.3663
130,180,-32.8057,-30.593
132,180,-32.4283,-30.8366
134,180,-32.0767,-31.0982
136,180,-31.749,-31.3788
138,180,-31.4434,-31.6797
140,180,-31.1585,-32.0023
142,180,-30.8928,-32.3485
144,180,-30.6453,-32.72
146,180,-30.415,-33.1192
148,180,-30.2009,-33.5488
150,180,-30.0024,-34.0118
152,180,-29.8186,-34.5121
154,180,-29.649,-35.0543
156,180,-29.493,-35.6439
158,180,-29.3502,-36.2879
160,180,-29.2201,-36.9948
162,180,-29.1023,-37.776
164,180,-28.9966,-38.6462
166,180,-28.9026,-39.625
168,180,-28.8201,-40.7404
170,180,-28.7489,-42.0325
172,180,-28.6888,-43.5633
174,180,-28.6395,-45.4354
176,180,-28.6011,-47.8378
178,180,-28.5734,-51.1805
180,180,-28.5563,-56.6711
182,180,-28.5499,-71.1976
184,180,-28.554,-58.5358
186,180,-28.5687,-52.1318
188,180,-28.5941,-48.4732
190,180,-28.6301,-45.9113
192,180,-28.6769,-43.9428
194,180,-28.7347,-42.3474
196,180,-28.8034,-41.0089
198,180,-28.8834,-39.8586
200,180,-28.9749,-38.8523
202,180,-29.078,-37.96
204,180,-29.193,-37.1606
206,180,-29.3203,-36.4383
208,180,-29.4603,-35.7813
210,180,-29.6133,-35.1803
212,180,-29.7799,-34.6282
214,180,-29.9605,-34.119
216,180,-30.1558,-33.6481
218,180,-30.3663,-33.2114
220,180,-30.593,-32.8057
222,180,-30.8366,-32.4283
224,180,-31.0982,-32.0767
226,180,-31.3788,-31.749
228,180,-31.6797,-31.4434
230,180,-32.0023,-31.1585
232,180,-32.3485,-30.8928
234,180,-32.72,-30.6453
236,180,-33.1192,-30.415
238,180,-33.5488,-30.2009
240,180,-34.0118,-30.0024
242,180,-34.5121,-29.8186
244,180,-35.0543,-29.649
246,180,-35.6439,-29.493
248,180,-36.2879,-29.3502
250,180,-36.9948,-29.2201
252,180,-37.776,-29.1023
254,180,-38.6462,-28.9966
256,180,-39.625,-28.9026
258,180,-40.7404,-28.8201
260,180,-42.0325,-28.7489
262,180,-43.5633,-28.6888
264,180,-45.4354,-28.6395
266,180,-47.8378,-28.6011
268,180,-51.1805,-28.5734
270,180,-56.6711,-28.5563
272,180,-71.1976,-28.5499
274,180,-58.5358,-28.554
276,180,-52.1318,-28.5687
278,180,-48.4732,-28.5941
280,180,-45.9113,-28.6301
282,180,-43.9428,-28.6769
284,180,-42.3474,-28.7347
286,180,-41.0089,-28.8034
288,180,-39.8586,-28.8834
290,180,-38.8523,-28.9749
292,180,-37.96,-29.078
294,180,-37.1606,-29.193
296,180,-36.4383,-29.3203
298,180,-35.7813,-29.4603
300,180,-35.1803,-29.6133
302,180,-34.6282,-29.7799
304,180,-34.119,-29.9605
306,180,-33.6481,-30.1558
308,180,-33.2114,-30.3663
310,180,-32.8057,-30.593
312,180,-32.4283,-30.8366
314,180,-32.0767,-31.0982
316,180,-31.749,-31.3788
318,180,-31.4434,-31.6797
320,180,-31.1585,-32.0023
322,180,-30.8928,-32.3485
324,180,-30.6453,-32.72
326,180,-30.415,-33.1192
328,180,-30.2009,-33.5488
330,180,-30.0024,-34.0118
332,180,-29.8186,-34.5121
334,180,-29.649,-35.0543
336,180,-29.493,-35.6439
338,180,-29.3502,-36.2879
340,180,-29.2201,-36.9948
342,180,-29.1023,-37.776
344,180,-28.9966,-38.6462
346,180,-28.9026,-39.625
348,180,-28.8201,-40.7404
350,180,-28.7489,-42.0325
352,180,-28.6888,-43.5633
354,180,-28.6395,-45.4354
356,180,-28.6011,-47.8378
358,180,-28.5734,-51.1805
360,180,-28.5563,-56.6711
